time,Sine500,WaveSeq,SpeedPU,SpeedRe,Iq,IqRef
283626,-0.309,19878,0,,0.063,
283626,0,19880,0,,0.063,
283626,0.309,19882,0,,0.063,
283626,0.587,19884,0,,0.063,
283626,0.809,19886,0,,0.063,
283626,0.951,19888,0,,0.063,
283626,1,19890,0,,0.063,
283626,0.951,19892,0,0,0.063,0
283626,0.809,19894,0,,0.063,
283626,0.587,19896,0,,0.063,
283626,0.309,19898,0,,0.063,
283626,0,19900,0,,0.063,
283626,-0.309,19902,0,,0.063,
283626,-0.587,19904,0,,0.063,
283626,-0.809,19906,0,,0.063,
283626,-0.951,19908,0,,0.063,
283626,-1,19910,0,,0.063,
283626,-0.951,19912,0,0,0.063,0
283626,-0.809,19914,0,,0.063,
283626,-0.587,19916,0,,0.063,
283626,-0.309,19918,0,,0.063,
283626,0,19920,0,,0.063,
283626,0.309,19922,0,,0.063,
283626,0.587,19924,0,,0.063,
283626,0.809,19926,0,,0.063,
283626,0.951,19928,0,,0.063,
283626,1,19930,0,,0.063,
283626,0.951,19932,0,0,0.063,0
283626,0.809,19934,0,,0.063,
283626,0.587,19936,0,,0.063,
283626,0.309,19938,0,,0.063,
283626,0,19940,0,,0.063,
283626,-0.309,19942,0,,0.063,
283626,-0.587,19944,0,,0.063,
283626,-0.809,19946,0,,0.063,
283626,-0.951,19948,0,,0.063,
283626,-1,19950,0,,0.063,
283626,-0.951,19952,0,0,0.063,0
283626,-0.809,19954,0,,0.063,
283626,-0.587,19956,0,,0.063,
283626,-0.309,19958,0,,0.063,
283626,0,19960,0,,0.063,
283626,0.309,19962,0,,0.063,
283626,0.587,19964,0,,0.063,
283626,0.809,19966,0,,0.063,
283626,0.951,19968,0,,0.063,
283626,1,19970,0,,0.063,
283626,0.951,19972,0,0,0.063,0
283626,0.809,19974,0,,0.063,
283626,0.587,19976,0,,0.063,
283626,0.309,19978,0,,0.063,
283626,0,19980,0,,0.063,
283626,-0.309,19982,0,,0.063,
283626,-0.587,19984,0,,0.063,
283626,-0.809,19986,0,,0.063,
283626,-0.951,19988,0,,0.063,
283626,-1,19990,0,,0.063,
283626,-0.951,19992,0,0,0.063,0
283626,-0.809,19994,0,,0.063,
283626,-0.587,19996,0,,0.063,
283626,-0.309,19998,0,,0.063,
283626,0,20000,0,,0.063,
283626,0.309,20002,0,,0.063,
283626,0.587,20004,0,,0.063,
283626,0.809,20006,0,,0.063,
283626,0.951,20008,0,,0.063,
283626,1,20010,0,,0.063,
283626,0.951,20012,0,0,0.063,0
283626,0.809,20014,0,,0.063,
283626,0.587,20016,0,,0.063,
283626,0.309,20018,0,,0.063,
283626,0,20020,0,,0.063,
283626,-0.309,20022,0,,0.063,
283626,-0.587,20024,0,,0.063,
283626,-0.809,20026,0,,0.063,
283626,-0.951,20028,0,,0.063,
283626,-1,20030,0,,0.063,
283626,-0.951,20032,0,0,0.063,0
283626,-0.809,20034,0,,0.063,
283626,-0.587,20036,0,,0.063,
283626,-0.309,20038,0,,0.063,
283626,0,20040,0,,0.063,
283626,0.309,20042,0,,0.063,
283626,0.587,20044,0,,0.063,
283626,0.809,20046,0,,0.063,
283626,0.951,20048,0,,0.063,
283626,1,20050,0,,0.063,
283626,0.951,20052,0,0,0.063,0
283626,0.809,20054,0,,0.063,
283626,0.587,20056,0,,0.063,
283626,0.309,20058,0,,0.063,
283626,0,20060,0,,0.063,
283626,-0.309,20062,0,,0.063,
283626,-0.587,20064,0,,0.063,
283626,-0.809,20066,0,,0.063,
283626,-0.951,20068,0,,0.063,
283626,-1,20070,0,,0.063,
283626,-0.951,20072,0,0,0.063,0
283626,-0.809,20074,0,,0.063,
283626,-0.587,20076,0,,0.063,
283626,-0.309,20078,0,,0.063,
283626,0,20080,0,,0.063,
283626,0.309,20082,0,,0.063,
283626,0.587,20084,0,,0.063,
283626,0.809,20086,0,,0.063,
283626,0.951,20088,0,,0.063,
283626,1,20090,0,,0.063,
283626,0.951,20092,0,0,0.063,0
283626,0.809,20094,0,,0.063,
283626,0.587,20096,0,,0.063,
283626,0.309,20098,0,,0.063,
283626,0,20100,0,,0.063,
283626,-0.309,20102,0,,0.063,
283626,-0.587,20104,0,,0.063,
283626,-0.809,20106,0,,0.063,
283626,-0.951,20108,0,,0.063,
283626,-1,20110,0,,0.063,
283626,-0.951,20112,0,0,0.063,0
283626,-0.809,20114,0,,0.063,
283626,-0.587,20116,0,,0.063,
283626,-0.309,20118,0,,0.063,
283626,0,20120,0,,0.063,
283626,0.309,20122,0,,0.063,
283626,0.587,20124,0,,0.063,
283626,0.809,20126,0,,0.063,
283626,0.951,20128,0,,0.063,
283626,1,20130,0,,0.063,
283626,0.951,20132,0,0,0.063,0
283626,0.809,20134,0,,0.063,
283626,0.587,20136,0,,0.063,
283626,0.309,20138,0,,0.063,
283626,0,20140,0,,0.063,
283626,-0.309,20142,0,,0.063,
283626,-0.587,20144,0,,0.063,
283626,-0.809,20146,0,,0.063,
283626,-0.951,20148,0,,0.063,
283626,-1,20150,0,,0.063,
283626,-0.951,20152,0,0,0.063,0
283626,-0.809,20154,0,,0.063,
283626,-0.587,20156,0,,0.063,
283626,-0.309,20158,0,,0.063,
283626,0,20160,0,,0.063,
283626,0.309,20162,0,,0.063,
283626,0.587,20164,0,,0.063,
283626,0.809,20166,0,,0.063,
283626,0.951,20168,0,,0.063,
283626,1,20170,0,,0.063,
283626,0.951,20172,0,0,0.063,0
283626,0.809,20174,0,,0.063,
283626,0.587,20176,0,,0.063,
283626,0.309,20178,0,,0.063,
283626,0,20180,0,,0.063,
283626,-0.309,20182,0,,0.063,
283626,-0.587,20184,0,,0.063,
283626,-0.809,20186,0,,0.063,
283626,-0.951,20188,0,,0.063,
283626,-1,20190,0,,0.063,
283626,-0.951,20192,0,0,0.063,0
283626,-0.809,20194,0,,0.063,
283626,-0.587,20196,0,,0.063,
283626,-0.309,20198,0,,0.063,
283626,0,20200,0,,0.063,
283626,0.309,20202,0,,0.063,
283626,0.587,20204,0,,0.063,
283626,0.809,20206,0,,0.063,
283626,0.951,20208,0,,0.063,
283626,1,20210,0,,0.063,
283626,0.951,20212,0,0,0.063,0
283626,0.809,20214,0,,0.063,
283626,0.587,20216,0,,0.063,
283626,0.309,20218,0,,0.063,
283626,0,20220,0,,0.063,
283626,-0.309,20222,0,,0.063,
283626,-0.587,20224,0,,0.063,
283626,-0.809,20226,0,,0.063,
283626,-0.951,20228,0,,0.063,
283626,-1,20230,0,,0.063,
283626,-0.951,20232,0,0,0.063,0
283626,-0.809,20234,0,,0.063,
283626,-0.587,20236,0,,0.063,
283626,-0.309,20238,0,,0.063,
283626,0,20240,0,,0.063,
283626,0.309,20242,0,,0.063,
283626,0.587,20244,0,,0.063,
283626,0.809,20246,0,,0.063,
283626,0.951,20248,0,,0.063,
283626,1,20250,0,,0.063,
283626,0.951,20252,0,0,0.063,0
283626,0.809,20254,0,,0.063,
283626,0.587,20256,0,,0.063,
283626,0.309,20258,0,,0.063,
283626,0,20260,0,,0.063,
283626,-0.309,20262,0,,0.063,
283626,-0.587,20264,0,,0.063,
283626,-0.809,20266,0,,0.063,
283626,-0.951,20268,0,,0.063,
283626,-1,20270,0,,0.063,
283626,-0.951,20272,0,0,0.063,0
283626,-0.809,20274,0,,0.063,
283626,-0.587,20276,0,,0.063,
283626,-0.309,20278,0,,0.063,
283626,0,20280,0,,0.063,
283626,0.309,20282,0,,0.063,
283626,0.587,20284,0,,0.063,
283626,0.809,20286,0,,0.063,
283626,0.951,20288,0,,0.063,
283626,1,20290,0,,0.063,
283626,0.951,20292,0,0,0.063,0
283626,0.809,20294,0,,0.063,
283626,0.587,20296,0,,0.063,
283626,0.309,20298,0,,0.063,
283626,0,20300,0,,0.063,
283626,-0.309,20302,0,,0.063,
283626,-0.587,20304,0,,0.063,
283626,-0.809,20306,0,,0.063,
283626,-0.951,20308,0,,0.063,
283626,-1,20310,0,,0.063,
283626,-0.951,20312,0,0,0.063,0
283626,-0.809,20314,0,,0.063,
283626,-0.587,20316,0,,0.063,
283626,-0.309,20318,0,,0.063,
283626,0,20320,0,,0.063,
283626,0.309,20322,0,,0.063,
283626,0.587,20324,0,,0.063,
283626,0.809,20326,0,,0.063,
283626,0.951,20328,0,,0.063,
283626,1,20330,0,,0.063,
283626,0.951,20332,0,0,0.063,0
283626,0.809,20334,0,,0.063,
283626,0.587,20336,0,,0.063,
283626,0.309,20338,0,,0.063,
283626,0,20340,0,,0.063,
283626,-0.309,20342,0,,0.063,
283626,-0.587,20344,0,,0.063,
283626,-0.809,20346,0,,0.063,
283626,-0.951,20348,0,,0.063,
283626,-1,20350,0,,0.063,
283626,-0.951,20352,0,0,0.063,0
283626,-0.809,20354,0,,0.063,
283626,-0.587,20356,0,,0.063,
283626,-0.309,20358,0,,0.063,
283626,0,20360,0,,0.063,
283626,0.309,20362,0,,0.063,
283626,0.587,20364,0,,0.063,
283626,0.809,20366,0,,0.063,
283626,0.951,20368,0,,0.063,
283626,1,20370,0,,0.063,
283626,0.951,20372,0,0,0.063,0
283626,0.809,20374,0,,0.063,
283626,0.587,20376,0,,0.063,
283626,0.309,20378,0,,0.063,
283626,0,20380,0,,0.063,
283626,-0.309,20382,0,,0.063,
283626,-0.587,20384,0,,0.063,
283626,-0.809,20386,0,,0.063,
283626,-0.951,20388,0,,0.063,
283626,-1,20390,0,,0.063,
283626,-0.951,20392,0,0,0.063,0
283626,-0.809,20394,0,,0.063,
283626,-0.587,20396,0,,0.063,
283626,-0.309,20398,0,,0.063,
283626,0,20400,0,,0.063,
283626,0.309,20402,0,,0.063,
283626,0.587,20404,0,,0.063,
283626,0.809,20406,0,,0.063,
283626,0.951,20408,0,,0.063,
283626,1,20410,0,,0.063,
283626,0.951,20412,0,0,0.063,0
283626,0.809,20414,0,,0.063,
283626,0.587,20416,0,,0.063,
283626,0.309,20418,0,,0.063,
283626,0,20420,0,,0.063,
283626,-0.309,20422,0,,0.063,
283626,-0.587,20424,0,,0.063,
283626,-0.809,20426,0,,0.063,
283626,-0.951,20428,0,,0.063,
283626,-1,20430,0,,0.063,
283626,-0.951,20432,0,0,0.063,0
283626,-0.809,20434,0,,0.063,
283626,-0.587,20436,0,,0.063,
283626,-0.309,20438,0,,0.063,
283626,0,20440,0,,0.063,
283626,0.309,20442,0,,0.063,
283626,0.587,20444,0,,0.063,
283626,0.809,20446,0,,0.063,
283626,0.951,20448,0,,0.063,
283626,1,20450,0,,0.063,
283626,0.951,20452,0,0,0.063,0
283626,0.809,20454,0,,0.063,
283626,0.587,20456,0,,0.063,
283626,0.309,20458,0,,0.063,
283626,0,20460,0,,0.063,
283626,-0.309,20462,0,,0.063,
283626,-0.587,20464,0,,0.063,
283626,-0.809,20466,0,,0.063,
283626,-0.951,20468,0,,0.063,
283626,-1,20470,0,,0.063,
283626,-0.951,20472,0,0,0.063,0
283626,-0.809,20474,0,,0.063,
283626,-0.587,20476,0,,0.063,
283626,-0.309,20478,0,,0.063,
283626,0,20480,0,,0.063,
283626,0.309,20482,0,,0.063,
283626,0.587,20484,0,,0.063,
283626,0.809,20486,0,,0.063,
283626,0.951,20488,0,,0.063,
283626,1,20490,0,,0.063,
283626,0.951,20492,0,0,0.063,0
283626,0.809,20494,0,,0.063,
283626,0.587,20496,0,,0.063,
283626,0.309,20498,0,,0.063,
283626,0,20500,0,,0.063,
283626,-0.309,20502,0,,0.063,
283626,-0.587,20504,0,,0.063,
283626,-0.809,20506,0,,0.063,
283626,-0.951,20508,0,,0.063,
283626,-1,20510,0,,0.063,
283626,-0.951,20512,0,0,0.063,0
283626,-0.809,20514,0,,0.063,
283626,-0.587,20516,0,,0.063,
283626,-0.309,20518,0,,0.063,
283626,0,20520,0,,0.063,
283626,0.309,20522,0,,0.063,
283626,0.587,20524,0,,0.063,
283626,0.809,20526,0,,0.063,
283626,0.951,20528,0,,0.063,
283626,1,20530,0,,0.063,
283626,0.951,20532,0,0,0.063,0
283626,0.809,20534,0,,0.063,
283626,0.587,20536,0,,0.063,
283626,0.309,20538,0,,0.063,
283626,0,20540,0,,0.063,
283626,-0.309,20542,0,,0.063,
283626,-0.587,20544,0,,0.063,
283626,-0.809,20546,0,,0.063,
283626,-0.951,20548,0,,0.063,
283626,-1,20550,0,,0.063,
283626,-0.951,20552,0,0,0.063,0
283626,-0.809,20554,0,,0.063,
283626,-0.587,20556,0,,0.063,
283626,-0.309,20558,0,,0.063,
283626,0,20560,0,,0.063,
283626,0.309,20562,0,,0.063,
283626,0.587,20564,0,,0.063,
283626,0.809,20566,0,,0.063,
283626,0.951,20568,0,,0.063,
283626,1,20570,0,,0.063,
283626,0.951,20572,0,0,0.063,0
283626,0.809,20574,0,,0.063,
283626,0.587,20576,0,,0.063,
283626,0.309,20578,0,,0.063,
283626,0,20580,0,,0.063,
283626,-0.309,20582,0,,0.063,
283626,-0.587,20584,0,,0.063,
283626,-0.809,20586,0,,0.063,
283626,-0.951,20588,0,,0.063,
283626,-1,20590,0,,0.063,
283626,-0.951,20592,0,0,0.063,0
283626,-0.809,20594,0,,0.063,
283626,-0.587,20596,0,,0.063,
283626,-0.309,20598,0,,0.063,
283626,0,20600,0,,0.063,
283626,0.309,20602,0,,0.063,
283626,0.587,20604,0,,0.063,
283626,0.809,20606,0,,0.063,
283626,0.951,20608,0,,0.063,
283626,1,20610,0,,0.063,
283626,0.951,20612,0,0,0.063,0
283626,0.809,20614,0,,0.063,
283626,0.587,20616,0,,0.063,
283626,0.309,20618,0,,0.063,
283626,0,20620,0,,0.063,
283626,-0.309,20622,0,,0.063,
283626,-0.587,20624,0,,0.063,
283626,-0.809,20626,0,,0.063,
283626,-0.951,20628,0,,0.063,
283626,-1,20630,0,,0.063,
283626,-0.951,20632,0,0,0.063,0
283626,-0.809,20634,0,,0.063,
283626,-0.587,20636,0,,0.063,
283626,-0.309,20638,0,,0.063,
283626,0,20640,0,,0.063,
283626,0.309,20642,0,,0.063,
283626,0.587,20644,0,,0.063,
283626,0.809,20646,0,,0.063,
283626,0.951,20648,0,,0.063,
283626,1,20650,0,,0.063,
283626,0.951,20652,0,0,0.063,0
283626,0.809,20654,0,,0.063,
283626,0.587,20656,0,,0.063,
283626,0.309,20658,0,,0.063,
283626,0,20660,0,,0.063,
283626,-0.309,20662,0,,0.063,
283626,-0.587,20664,0,,0.063,
283626,-0.809,20666,0,,0.063,
283626,-0.951,20668,0,,0.063,
283626,-1,20670,0,,0.063,
283626,-0.951,20672,0,0,0.063,0
283626,-0.809,20674,0,,0.063,
283626,-0.587,20676,0,,0.063,
283626,-0.309,20678,0,,0.063,
283626,0,20680,0,,0.063,
283626,0.309,20682,0,,0.063,
283626,0.587,20684,0,,0.063,
283626,0.809,20686,0,,0.063,
283626,0.951,20688,0,,0.063,
283626,1,20690,0,,0.063,
283626,0.951,20692,0,0,0.063,0
283626,0.809,20694,0,,0.063,
283626,0.587,20696,0,,0.063,
283626,0.309,20698,0,,0.063,
283626,0,20700,0,,0.063,
283626,-0.309,20702,0,,0.063,
283626,-0.587,20704,0,,0.063,
283626,-0.809,20706,0,,0.063,
283626,-0.951,20708,0,,0.063,
283626,-1,20710,0,,0.063,
283626,-0.951,20712,0,0,0.063,0
283626,-0.809,20714,0,,0.063,
283626,-0.587,20716,0,,0.063,
283626,-0.309,20718,0,,0.063,
283626,0,20720,0,,0.063,
283626,0.309,20722,0,,0.063,
283626,0.587,20724,0,,0.063,
283626,0.809,20726,0,,0.063,
283626,0.951,20728,0,,0.063,
283626,1,20730,0,,0.063,
283626,0.951,20732,0,0,0.063,0
283626,0.809,20734,0,,0.063,
283626,0.587,20736,0,,0.063,
283626,0.309,20738,0,,0.063,
283626,0,20740,0,,0.063,
283626,-0.309,20742,0,,0.063,
283626,-0.587,20744,0,,0.063,
283626,-0.809,20746,0,,0.063,
283626,-0.951,20748,0,,0.063,
283626,-1,20750,0,,0.063,
283626,-0.951,20752,0,0,0.063,0
283626,-0.809,20754,0,,0.063,
283626,-0.587,20756,0,,0.063,
283626,-0.309,20758,0,,0.063,
283626,0,20760,0,,0.063,
283626,0.309,20762,0,,0.063,
283626,0.587,20764,0,,0.063,
283626,0.809,20766,0,,0.063,
283626,0.951,20768,0,,0.063,
283626,1,20770,0,,0.063,
283626,0.951,20772,0,0,0.063,0
283626,0.809,20774,0,,0.063,
283626,0.587,20776,0,,0.063,
283626,0.309,20778,0,,0.063,
283626,0,20780,0,,0.063,
283626,-0.309,20782,0,,0.063,
283626,-0.587,20784,0,,0.063,
283626,-0.809,20786,0,,0.063,
283626,-0.951,20788,0,,0.063,
283626,-1,20790,0,,0.063,
283626,-0.951,20792,0,0,0.063,0
283626,-0.809,20794,0,,0.063,
283626,-0.587,20796,0,,0.063,
283626,-0.309,20798,0,,0.063,
283626,0,20800,0,,0.063,
283626,0.309,20802,0,,0.063,
283626,0.587,20804,0,,0.063,
283626,0.809,20806,0,,0.063,
283626,0.951,20808,0,,0.063,
283626,1,20810,0,,0.063,
283626,0.951,20812,0,0,0.063,0
283626,0.809,20814,0,,0.063,
283626,0.587,20816,0,,0.063,
283626,0.309,20818,0,,0.063,
283626,0,20820,0,,0.063,
283626,-0.309,20822,0,,0.063,
283626,-0.587,20824,0,,0.063,
283626,-0.809,20826,0,,0.063,
283626,-0.951,20828,0,,0.063,
283626,-1,20830,0,,0.063,
283626,-0.951,20832,0,0,0.063,0
283626,-0.809,20834,0,,0.063,
283626,-0.587,20836,0,,0.063,
283626,-0.309,20838,0,,0.063,
283626,0,20840,0,,0.063,
283626,0.309,20842,0,,0.063,
283626,0.587,20844,0,,0.063,
283626,0.809,20846,0,,0.063,
283626,0.951,20848,0,,0.063,
283626,1,20850,0,,0.063,
283626,0.951,20852,0,0,0.063,0
283626,0.809,20854,0,,0.063,
283626,0.587,20856,0,,0.063,
283626,0.309,20858,0,,0.063,
283626,0,20860,0,,0.063,
283626,-0.309,20862,0,,0.063,
283626,-0.587,20864,0,,0.063,
283626,-0.809,20866,0,,0.063,
283626,-0.951,20868,0,,0.063,
283626,-1,20870,0,,0.063,
283626,-0.951,20872,0,0,0.063,0
283626,-0.809,20874,0,,0.063,
283626,-0.587,20876,0,,0.063,
283626,-0.309,20878,0,,0.063,
283626,0,20880,0,,0.063,
283626,0.309,20882,0,,0.063,
283626,0.587,20884,0,,0.063,
283626,0.809,20886,0,,0.063,
283626,0.951,20888,0,,0.063,
283626,1,20890,0,,0.063,
283626,0.951,20892,0,0,0.063,0
283626,0.809,20894,0,,0.063,
283626,0.587,20896,0,,0.063,
283626,0.309,20898,0,,0.063,
283626,0,20900,0,,0.063,
283626,-0.309,20902,0,,0.063,
283626,-0.587,20904,0,,0.063,
283626,-0.809,20906,0,,0.063,
283626,-0.951,20908,0,,0.063,
283626,-1,20910,0,,0.063,
283626,-0.951,20912,0,0,0.063,0
283626,-0.809,20914,0,,0.063,
283626,-0.587,20916,0,,0.063,
283626,-0.309,20918,0,,0.063,
283626,0,20920,0,,0.063,
283626,0.309,20922,0,,0.063,
283626,0.587,20924,0,,0.063,
283626,0.809,20926,0,,0.063,
283626,0.951,20928,0,,0.063,
283626,1,20930,0,,0.063,
283626,0.951,20932,0,0,0.063,0
283626,0.809,20934,0,,0.063,
283626,0.587,20936,0,,0.063,
283626,0.309,20938,0,,0.063,
283626,0,20940,0,,0.063,
283626,-0.309,20942,0,,0.063,
283626,-0.587,20944,0,,0.063,
283626,-0.809,20946,0,,0.063,
283626,-0.951,20948,0,,0.063,
283626,-1,20950,0,,0.063,
283626,-0.951,20952,0,0,0.063,0
283626,-0.809,20954,0,,0.063,
283626,-0.587,20956,0,,0.063,
283626,-0.309,20958,0,,0.063,
283626,0,20960,0,,0.063,
283626,0.309,20962,0,,0.063,
283626,0.587,20964,0,,0.063,
283626,0.809,20966,0,,0.063,
283626,0.951,20968,0,,0.063,
283626,1,20970,0,,0.063,
283626,0.951,20972,0,0,0.063,0
283626,0.809,20974,0,,0.063,
283626,0.587,20976,0,,0.063,
283626,0.309,20978,0,,0.063,
283626,0,20980,0,,0.063,
283626,-0.309,20982,0,,0.063,
283626,-0.587,20984,0,,0.063,
283626,-0.809,20986,0,,0.063,
283626,-0.951,20988,0,,0.063,
283626,-1,20990,0,,0.063,
283626,-0.951,20992,0,0,0.063,0
283626,-0.809,20994,0,,0.063,
283626,-0.587,20996,0,,0.063,
283626,-0.309,20998,0,,0.063,
283626,0,21000,0,,0.063,
283626,0.309,21002,0,,0.063,
283626,0.587,21004,0,,0.063,
283626,0.809,21006,0,,0.063,
283626,0.951,21008,0,,0.063,
283626,1,21010,0,,0.063,
283626,0.951,21012,0,0,0.063,0
283626,0.809,21014,0,,0.063,
283626,0.587,21016,0,,0.063,
283626,0.309,21018,0,,0.063,
283626,0,21020,0,,0.063,
283626,-0.309,21022,0,,0.063,
283626,-0.587,21024,0,,0.063,
283626,-0.809,21026,0,,0.063,
283626,-0.951,21028,0,,0.063,
283626,-1,21030,0,,0.063,
283626,-0.951,21032,0,0,0.063,0
283626,-0.809,21034,0,,0.063,
283626,-0.587,21036,0,,0.063,
283626,-0.309,21038,0,,0.063,
283626,0,21040,0,,0.063,
283626,0.309,21042,0,,0.063,
283626,0.587,21044,0,,0.063,
283626,0.809,21046,0,,0.063,
283626,0.951,21048,0,,0.063,
283626,1,21050,0,,0.063,
283626,0.951,21052,0,0,0.063,0
283626,0.809,21054,0,,0.063,
283626,0.587,21056,0,,0.063,
283626,0.309,21058,0,,0.063,
283626,0,21060,0,,0.063,
283626,-0.309,21062,0,,0.063,
283626,-0.587,21064,0,,0.063,
283626,-0.809,21066,0,,0.063,
283626,-0.951,21068,0,,0.063,
283626,-1,21070,0,,0.063,
283626,-0.951,21072,0,0,0.063,0
283626,-0.809,21074,0,,0.063,
283626,-0.587,21076,0,,0.063,
283626,-0.309,21078,0,,0.063,
283626,0,21080,0,,0.063,
283626,0.309,21082,0,,0.063,
283626,0.587,21084,0,,0.063,
283626,0.809,21086,0,,0.063,
283626,0.951,21088,0,,0.063,
283626,1,21090,0,,0.063,
283626,0.951,21092,0,0,0.063,0
283626,0.809,21094,0,,0.063,
283626,0.587,21096,0,,0.063,
283626,0.309,21098,0,,0.063,
283626,0,21100,0,,0.063,
283626,-0.309,21102,0,,0.063,
283626,-0.587,21104,0,,0.063,
283626,-0.809,21106,0,,0.063,
283626,-0.951,21108,0,,0.063,
283626,-1,21110,0,,0.063,
283626,-0.951,21112,0,0,0.063,0
283626,-0.809,21114,0,,0.063,
283626,-0.587,21116,0,,0.063,
283626,-0.309,21118,0,,0.063,
283626,0,21120,0,,0.063,
283626,0.309,21122,0,,0.063,
283626,0.587,21124,0,,0.063,
283626,0.809,21126,0,,0.063,
283626,0.951,21128,0,,0.063,
283626,1,21130,0,,0.063,
283626,0.951,21132,0,0,0.063,0
283626,0.809,21134,0,,0.063,
283626,0.587,21136,0,,0.063,
283626,0.309,21138,0,,0.063,
283626,0,21140,0,,0.063,
283626,-0.309,21142,0,,0.063,
283626,-0.587,21144,0,,0.063,
283626,-0.809,21146,0,,0.063,
283626,-0.951,21148,0,,0.063,
283626,-1,21150,0,,0.063,
283626,-0.951,21152,0,0,0.063,0
283626,-0.809,21154,0,,0.063,
283626,-0.587,21156,0,,0.063,
283626,-0.309,21158,0,,0.063,
283626,0,21160,0,,0.063,
283626,0.309,21162,0,,0.063,
283626,0.587,21164,0,,0.063,
283626,0.809,21166,0,,0.063,
283626,0.951,21168,0,,0.063,
283626,1,21170,0,,0.063,
283626,0.951,21172,0,0,0.063,0
283626,0.809,21174,0,,0.063,
283626,0.587,21176,0,,0.063,
283626,0.309,21178,0,,0.063,
283626,0,21180,0,,0.063,
283626,-0.309,21182,0,,0.063,
283626,-0.587,21184,0,,0.063,
283626,-0.809,21186,0,,0.063,
283626,-0.951,21188,0,,0.063,
283626,-1,21190,0,,0.063,
283626,-0.951,21192,0,0,0.063,0
283626,-0.809,21194,0,,0.063,
283626,-0.587,21196,0,,0.063,
283626,-0.309,21198,0,,0.063,
283626,0,21200,0,,0.063,
283626,0.309,21202,0,,0.063,
283626,0.587,21204,0,,0.063,
283626,0.809,21206,0,,0.063,
283626,0.951,21208,0,,0.063,
283626,1,21210,0,,0.063,
283626,0.951,21212,0,0,0.063,0
283626,0.809,21214,0,,0.063,
283626,0.587,21216,0,,0.063,
283626,0.309,21218,0,,0.063,
283626,0,21220,0,,0.063,
283626,-0.309,21222,0,,0.063,
283626,-0.587,21224,0,,0.063,
283626,-0.809,21226,0,,0.063,
283626,-0.951,21228,0,,0.063,
283626,-1,21230,0,,0.063,
283626,-0.951,21232,0,0,0.063,0
283626,-0.809,21234,0,,0.063,
283626,-0.587,21236,0,,0.063,
283626,-0.309,21238,0,,0.063,
283626,0,21240,0,,0.063,
283626,0.309,21242,0,,0.063,
283626,0.587,21244,0,,0.063,
283626,0.809,21246,0,,0.063,
283626,0.951,21248,0,,0.063,
283626,1,21250,0,,0.063,
283626,0.951,21252,0,0,0.063,0
283626,0.809,21254,0,,0.063,
283626,0.587,21256,0,,0.063,
283626,0.309,21258,0,,0.063,
283626,0,21260,0,,0.063,
283626,-0.309,21262,0,,0.063,
283626,-0.587,21264,0,,0.063,
283626,-0.809,21266,0,,0.063,
283626,-0.951,21268,0,,0.063,
283626,-1,21270,0,,0.063,
283626,-0.951,21272,0,0,0.063,0
283626,-0.809,21274,0,,0.063,
283626,-0.587,21276,0,,0.063,
283626,-0.309,21278,0,,0.063,
283626,0,21280,0,,0.063,
283626,0.309,21282,0,,0.063,
283626,0.587,21284,0,,0.063,
283626,0.809,21286,0,,0.063,
283626,0.951,21288,0,,0.063,
283626,1,21290,0,,0.063,
283626,0.951,21292,0,0,0.063,0
283626,0.809,21294,0,,0.063,
283626,0.587,21296,0,,0.063,
283626,0.309,21298,0,,0.063,
283626,0,21300,0,,0.063,
283626,-0.309,21302,0,,0.063,
283626,-0.587,21304,0,,0.063,
283626,-0.809,21306,0,,0.063,
283626,-0.951,21308,0,,0.063,
283626,-1,21310,0,,0.063,
283626,-0.951,21312,0,0,0.063,0
283626,-0.809,21314,0,,0.063,
283626,-0.587,21316,0,,0.063,
283626,-0.309,21318,0,,0.063,
283626,0,21320,0,,0.063,
283626,0.309,21322,0,,0.063,
283626,0.587,21324,0,,0.063,
283626,0.809,21326,0,,0.063,
283626,0.951,21328,0,,0.063,
283626,1,21330,0,,0.063,
283626,0.951,21332,0,0,0.063,0
283626,0.809,21334,0,,0.063,
283626,0.587,21336,0,,0.063,
283626,0.309,21338,0,,0.063,
283626,0,21340,0,,0.063,
283626,-0.309,21342,0,,0.063,
283626,-0.587,21344,0,,0.063,
283626,-0.809,21346,0,,0.063,
283626,-0.951,21348,0,,0.063,
283626,-1,21350,0,,0.063,
283626,-0.951,21352,0,0,0.063,0
283626,-0.809,21354,0,,0.063,
283626,-0.587,21356,0,,0.063,
283626,-0.309,21358,0,,0.063,
283626,0,21360,0,,0.063,
283626,0.309,21362,0,,0.063,
283626,0.587,21364,0,,0.063,
283626,0.809,21366,0,,0.063,
283626,0.951,21368,0,,0.063,
283626,1,21370,0,,0.063,
283626,0.951,21372,0,0,0.063,0
283626,0.809,21374,0,,0.063,
283626,0.587,21376,0,,0.063,
283626,0.309,21378,0,,0.063,
283626,0,21380,0,,0.063,
283626,-0.309,21382,0,,0.063,
283626,-0.587,21384,0,,0.063,
283626,-0.809,21386,0,,0.063,
283626,-0.951,21388,0,,0.063,
283626,-1,21390,0,,0.063,
283626,-0.951,21392,0,0,0.063,0
283626,-0.809,21394,0,,0.063,
283626,-0.587,21396,0,,0.063,
283626,-0.309,21398,0,,0.063,
283626,0,21400,0,,0.063,
283626,0.309,21402,0,,0.063,
283626,0.587,21404,0,,0.063,
283626,0.809,21406,0,,0.063,
283626,0.951,21408,0,,0.063,
283626,1,21410,0,,0.063,
283626,0.951,21412,0,0,0.063,0
283626,0.809,21414,0,,0.063,
283626,0.587,21416,0,,0.063,
283626,0.309,21418,0,,0.063,
283626,0,21420,0,,0.063,
283626,-0.309,21422,0,,0.063,
283626,-0.587,21424,0,,0.063,
283626,-0.809,21426,0,,0.063,
283626,-0.951,21428,0,,0.063,
283626,-1,21430,0,,0.063,
283626,-0.951,21432,0,0,0.063,0
283626,-0.809,21434,0,,0.063,
283626,-0.587,21436,0,,0.063,
283626,-0.309,21438,0,,0.063,
283626,0,21440,0,,0.063,
283626,0.309,21442,0,,0.063,
283626,0.587,21444,0,,0.063,
283626,0.809,21446,0,,0.063,
283626,0.951,21448,0,,0.063,
283626,1,21450,0,,0.063,
283626,0.951,21452,0,0,0.063,0
283626,0.809,21454,0,,0.063,
283626,0.587,21456,0,,0.063,
283626,0.309,21458,0,,0.063,
283626,0,21460,0,,0.063,
283626,-0.309,21462,0,,0.063,
283626,-0.587,21464,0,,0.063,
283626,-0.809,21466,0,,0.063,
283626,-0.951,21468,0,,0.063,
283626,-1,21470,0,,0.063,
283626,-0.951,21472,0,0,0.063,0
283626,-0.809,21474,0,,0.063,
283626,-0.587,21476,0,,0.063,
283626,-0.309,21478,0,,0.063,
283626,0,21480,0,,0.063,
283626,0.309,21482,0,,0.063,
283626,0.587,21484,0,,0.063,
283626,0.809,21486,0,,0.063,
283626,0.951,21488,0,,0.063,
283626,1,21490,0,,0.063,
283626,0.951,21492,0,0,0.063,0
283626,0.809,21494,0,,0.063,
283626,0.587,21496,0,,0.063,
283626,0.309,21498,0,,0.063,
283626,0,21500,0,,0.063,
283626,-0.309,21502,0,,0.063,
283626,-0.587,21504,0,,0.063,
283626,-0.809,21506,0,,0.063,
283626,-0.951,21508,0,,0.063,
283626,-1,21510,0,,0.063,
283626,-0.951,21512,0,0,0.063,0
283626,-0.809,21514,0,,0.063,
283626,-0.587,21516,0,,0.063,
283626,-0.309,21518,0,,0.063,
283626,0,21520,0,,0.063,
283626,0.309,21522,0,,0.063,
283626,0.587,21524,0,,0.063,
283626,0.809,21526,0,,0.063,
283626,0.951,21528,0,,0.063,
283626,1,21530,0,,0.063,
283626,0.951,21532,0,0,0.063,0
283626,0.809,21534,0,,0.063,
283626,0.587,21536,0,,0.063,
283626,0.309,21538,0,,0.063,
283626,0,21540,0,,0.063,
283626,-0.309,21542,0,,0.063,
283626,-0.587,21544,0,,0.063,
283626,-0.809,21546,0,,0.063,
283626,-0.951,21548,0,,0.063,
283626,-1,21550,0,,0.063,
283626,-0.951,21552,0,0,0.063,0
283626,-0.809,21554,0,,0.063,
283626,-0.587,21556,0,,0.063,
283626,-0.309,21558,0,,0.063,
283626,0,21560,0,,0.063,
283626,0.309,21562,0,,0.063,
283626,0.587,21564,0,,0.063,
283626,0.809,21566,0,,0.063,
283626,0.951,21568,0,,0.063,
283626,1,21570,0,,0.063,
283626,0.951,21572,0,0,0.063,0
283626,0.809,21574,0,,0.063,
283626,0.587,21576,0,,0.063,
283626,0.309,21578,0,,0.063,
283626,0,21580,0,,0.063,
283626,-0.309,21582,0,,0.063,
283626,-0.587,21584,0,,0.063,
283626,-0.809,21586,0,,0.063,
283626,-0.951,21588,0,,0.063,
283626,-1,21590,0,,0.063,
283626,-0.951,21592,0,0,0.063,0
283626,-0.809,21594,0,,0.063,
283626,-0.587,21596,0,,0.063,
283626,-0.309,21598,0,,0.063,
283626,0,21600,0,,0.063,
283626,0.309,21602,0,,0.063,
283626,0.587,21604,0,,0.063,
283626,0.809,21606,0,,0.063,
283626,0.951,21608,0,,0.063,
283626,1,21610,0,,0.063,
283626,0.951,21612,0,0,0.063,0
283626,0.809,21614,0,,0.063,
283626,0.587,21616,0,,0.063,
283626,0.309,21618,0,,0.063,
283626,0,21620,0,,0.063,
283626,-0.309,21622,0,,0.063,
283626,-0.587,21624,0,,0.063,
283626,-0.809,21626,0,,0.063,
283626,-0.951,21628,0,,0.063,
283626,-1,21630,0,,0.063,
283626,-0.951,21632,0,0,0.063,0
283626,-0.809,21634,0,,0.063,
283626,-0.587,21636,0,,0.063,
283626,-0.309,21638,0,,0.063,
283626,0,21640,0,,0.063,
283626,0.309,21642,0,,0.063,
283626,0.587,21644,0,,0.063,
283626,0.809,21646,0,,0.063,
283626,0.951,21648,0,,0.063,
283626,1,21650,0,,0.063,
283626,0.951,21652,0,0,0.063,0
283626,0.809,21654,0,,0.063,
283626,0.587,21656,0,,0.063,
283626,0.309,21658,0,,0.063,
283626,0,21660,0,,0.063,
283626,-0.309,21662,0,,0.063,
283626,-0.587,21664,0,,0.063,
283626,-0.809,21666,0,,0.063,
283626,-0.951,21668,0,,0.063,
283626,-1,21670,0,,0.063,
283626,-0.951,21672,0,0,0.063,0
283626,-0.809,21674,0,,0.063,
283626,-0.587,21676,0,,0.063,
283626,-0.309,21678,0,,0.063,
283626,0,21680,0,,0.063,
283626,0.309,21682,0,,0.063,
283626,0.587,21684,0,,0.063,
283626,0.809,21686,0,,0.063,
283626,0.951,21688,0,,0.063,
283626,1,21690,0,,0.063,
283626,0.951,21692,0,0,0.063,0
283626,0.809,21694,0,,0.063,
283626,0.587,21696,0,,0.063,
283626,0.309,21698,0,,0.063,
283626,0,21700,0,,0.063,
283626,-0.309,21702,0,,0.063,
283626,-0.587,21704,0,,0.063,
283626,-0.809,21706,0,,0.063,
283626,-0.951,21708,0,,0.063,
283626,-1,21710,0,,0.063,
283626,-0.951,21712,0,0,0.063,0
283626,-0.809,21714,0,,0.063,
283626,-0.587,21716,0,,0.063,
283626,-0.309,21718,0,,0.063,
283626,0,21720,0,,0.063,
283626,0.309,21722,0,,0.063,
283626,0.587,21724,0,,0.063,
283626,0.809,21726,0,,0.063,
283626,0.951,21728,0,,0.063,
283626,1,21730,0,,0.063,
283626,0.951,21732,0,0,0.063,0
283626,0.809,21734,0,,0.063,
283626,0.587,21736,0,,0.063,
283626,0.309,21738,0,,0.063,
283626,0,21740,0,,0.063,
283626,-0.309,21742,0,,0.063,
283626,-0.587,21744,0,,0.063,
283626,-0.809,21746,0,,0.063,
283626,-0.951,21748,0,,0.063,
283626,-1,21750,0,,0.063,
283626,-0.951,21752,0,0,0.063,0
283626,-0.809,21754,0,,0.063,
283626,-0.587,21756,0,,0.063,
283626,-0.309,21758,0,,0.063,
283626,0,21760,0,,0.063,
283626,0.309,21762,0,,0.063,
283626,0.587,21764,0,,0.063,
283626,0.809,21766,0,,0.063,
283626,0.951,21768,0,,0.063,
283626,1,21770,0,,0.063,
283626,0.951,21772,0,0,0.063,0
283626,0.809,21774,0,,0.063,
283626,0.587,21776,0,,0.063,
283626,0.309,21778,0,,0.063,
283626,0,21780,0,,0.063,
283626,-0.309,21782,0,,0.063,
283626,-0.587,21784,0,,0.063,
283626,-0.809,21786,0,,0.063,
283626,-0.951,21788,0,,0.063,
283626,-1,21790,0,,0.063,
283626,-0.951,21792,0,0,0.063,0
283626,-0.809,21794,0,,0.063,
283626,-0.587,21796,0,,0.063,
283626,-0.309,21798,0,,0.063,
283626,0,21800,0,,0.063,
283626,0.309,21802,0,,0.063,
283626,0.587,21804,0,,0.063,
283626,0.809,21806,0,,0.063,
283626,0.951,21808,0,,0.063,
283626,1,21810,0,,0.063,
283626,0.951,21812,0,0,0.063,0
283626,0.809,21814,0,,0.063,
283626,0.587,21816,0,,0.063,
283626,0.309,21818,0,,0.063,
283626,0,21820,0,,0.063,
283626,-0.309,21822,0,,0.063,
283626,-0.587,21824,0,,0.063,
283626,-0.809,21826,0,,0.063,
283626,-0.951,21828,0,,0.063,
283626,-1,21830,0,,0.063,
283626,-0.951,21832,0,0,0.063,0
283626,-0.809,21834,0,,0.063,
283626,-0.587,21836,0,,0.063,
283626,-0.309,21838,0,,0.063,
283626,0,21840,0,,0.063,
283626,0.309,21842,0,,0.063,
283626,0.587,21844,0,,0.063,
283626,0.809,21846,0,,0.063,
283626,0.951,21848,0,,0.063,
283626,1,21850,0,,0.063,
283626,0.951,21852,0,0,0.063,0
283626,0.809,21854,0,,0.063,
283626,0.587,21856,0,,0.063,
283626,0.309,21858,0,,0.063,
283626,0,21860,0,,0.063,
283626,-0.309,21862,0,,0.063,
283626,-0.587,21864,0,,0.063,
283626,-0.809,21866,0,,0.063,
283626,-0.951,21868,0,,0.063,
283626,-1,21870,0,,0.063,
283626,-0.951,21872,0,0,0.063,0
283626,-0.809,21874,0,,0.063,
283626,-0.587,21876,0,,0.063,
283626,-0.309,21878,0,,0.063,
283626,0,21880,0,,0.063,
283626,0.309,21882,0,,0.063,
283626,0.587,21884,0,,0.063,
283626,0.809,21886,0,,0.063,
283626,0.951,21888,0,,0.063,
283626,1,21890,0,,0.063,
283626,0.951,21892,0,0,0.063,0
283626,0.809,21894,0,,0.063,
283626,0.587,21896,0,,0.063,
283626,0.309,21898,0,,0.063,
283626,0,21900,0,,0.063,
283626,-0.309,21902,0,,0.063,
283626,-0.587,21904,0,,0.063,
283626,-0.809,21906,0,,0.063,
283626,-0.951,21908,0,,0.063,
283626,-1,21910,0,,0.063,
283626,-0.951,21912,0,0,0.063,0
283626,-0.809,21914,0,,0.063,
283626,-0.587,21916,0,,0.063,
283626,-0.309,21918,0,,0.063,
283626,0,21920,0,,0.063,
283626,0.309,21922,0,,0.063,
283626,0.587,21924,0,,0.063,
283626,0.809,21926,0,,0.063,
283626,0.951,21928,0,,0.063,
283626,1,21930,0,,0.063,
283626,0.951,21932,0,0,0.063,0
283626,0.809,21934,0,,0.063,
283626,0.587,21936,0,,0.063,
283626,0.309,21938,0,,0.063,
283626,0,21940,0,,0.063,
283626,-0.309,21942,0,,0.063,
283626,-0.587,21944,0,,0.063,
283626,-0.809,21946,0,,0.063,
283626,-0.951,21948,0,,0.063,
283626,-1,21950,0,,0.063,
283626,-0.951,21952,0,0,0.063,0
283626,-0.809,21954,0,,0.063,
283626,-0.587,21956,0,,0.063,
283626,-0.309,21958,0,,0.063,
283626,0,21960,0,,0.063,
283626,0.309,21962,0,,0.063,
283626,0.587,21964,0,,0.063,
283626,0.809,21966,0,,0.063,
283626,0.951,21968,0,,0.063,
283626,1,21970,0,,0.063,
283626,0.951,21972,0,0,0.063,0
283626,0.809,21974,0,,0.063,
283626,0.587,21976,0,,0.063,
283626,0.309,21978,0,,0.063,
283626,0,21980,0,,0.063,
283626,-0.309,21982,0,,0.063,
283626,-0.587,21984,0,,0.063,
283626,-0.809,21986,0,,0.063,
283626,-0.951,21988,0,,0.063,
283626,-1,21990,0,,0.063,
283626,-0.951,21992,0,0,0.063,0
283626,-0.809,21994,0,,0.063,
283626,-0.587,21996,0,,0.063,
283626,-0.309,21998,0,,0.063,
283626,0,22000,0,,0.063,
283626,0.309,22002,0,,0.063,
283626,0.587,22004,0,,0.063,
283626,0.809,22006,0,,0.063,
283626,0.951,22008,0,,0.063,
283626,1,22010,0,,0.063,
283626,0.951,22012,0,0,0.063,0
283626,0.809,22014,0,,0.063,
283626,0.587,22016,0,,0.063,
283626,0.309,22018,0,,0.063,
283626,0,22020,0,,0.063,
283626,-0.309,22022,0,,0.063,
283626,-0.587,22024,0,,0.063,
283626,-0.809,22026,0,,0.063,
283626,-0.951,22028,0,,0.063,
283626,-1,22030,0,,0.063,
283626,-0.951,22032,0,0,0.063,0
283626,-0.809,22034,0,,0.063,
283626,-0.587,22036,0,,0.063,
283626,-0.309,22038,0,,0.063,
283626,0,22040,0,,0.063,
283626,0.309,22042,0,,0.063,
283626,0.587,22044,0,,0.063,
283626,0.809,22046,0,,0.063,
283626,0.951,22048,0,,0.063,
283626,1,22050,0,,0.063,
283626,0.951,22052,0,0,0.063,0
283626,0.809,22054,0,,0.063,
283626,0.587,22056,0,,0.063,
283626,0.309,22058,0,,0.063,
283626,0,22060,0,,0.063,
283626,-0.309,22062,0,,0.063,
283626,-0.587,22064,0,,0.063,
283626,-0.809,22066,0,,0.063,
283626,-0.951,22068,0,,0.063,
283626,-1,22070,0,,0.063,
283626,-0.951,22072,0,0,0.063,0
283626,-0.809,22074,0,,0.063,
283626,-0.587,22076,0,,0.063,
283626,-0.309,22078,0,,0.063,
283626,0,22080,0,,0.063,
283626,0.309,22082,0,,0.063,
283626,0.587,22084,0,,0.063,
283626,0.809,22086,0,,0.063,
283626,0.951,22088,0,,0.063,
283626,1,22090,0,,0.063,
283626,0.951,22092,0,0,0.063,0
283626,0.809,22094,0,,0.063,
283626,0.587,22096,0,,0.063,
283626,0.309,22098,0,,0.063,
283626,0,22100,0,,0.063,
283626,-0.309,22102,0,,0.063,
283626,-0.587,22104,0,,0.063,
283626,-0.809,22106,0,,0.063,
283626,-0.951,22108,0,,0.063,
283626,-1,22110,0,,0.063,
283626,-0.951,22112,0,0,0.063,0
283626,-0.809,22114,0,,0.063,
283626,-0.587,22116,0,,0.063,
283626,-0.309,22118,0,,0.063,
283626,0,22120,0,,0.063,
283626,0.309,22122,0,,0.063,
283626,0.587,22124,0,,0.063,
283626,0.809,22126,0,,0.063,
283626,0.951,22128,0,,0.063,
283626,1,22130,0,,0.063,
283626,0.951,22132,0,0,0.063,0
283626,0.809,22134,0,,0.063,
283626,0.587,22136,0,,0.063,
283626,0.309,22138,0,,0.063,
283626,0,22140,0,,0.063,
283626,-0.309,22142,0,,0.063,
283626,-0.587,22144,0,,0.063,
283626,-0.809,22146,0,,0.063,
283626,-0.951,22148,0,,0.063,
283626,-1,22150,0,,0.063,
283626,-0.951,22152,0,0,0.063,0
283626,-0.809,22154,0,,0.063,
283626,-0.587,22156,0,,0.063,
283626,-0.309,22158,0,,0.063,
283626,0,22160,0,,0.063,
283626,0.309,22162,0,,0.063,
283626,0.587,22164,0,,0.063,
283626,0.809,22166,0,,0.063,
283626,0.951,22168,0,,0.063,
283626,1,22170,0,,0.063,
283626,0.951,22172,0,0,0.063,0
283626,0.809,22174,0,,0.063,
283626,0.587,22176,0,,0.063,
283626,0.309,22178,0,,0.063,
283626,0,22180,0,,0.063,
283626,-0.309,22182,0,,0.063,
283626,-0.587,22184,0,,0.063,
283626,-0.809,22186,0,,0.063,
283626,-0.951,22188,0,,0.063,
283626,-1,22190,0,,0.063,
283626,-0.951,22192,0,0,0.063,0
283626,-0.809,22194,0,,0.063,
283626,-0.587,22196,0,,0.063,
283626,-0.309,22198,0,,0.063,
283626,0,22200,0,,0.063,
283626,0.309,22202,0,,0.063,
283626,0.587,22204,0,,0.063,
283626,0.809,22206,0,,0.063,
283626,0.951,22208,0,,0.063,
283626,1,22210,0,,0.063,
283626,0.951,22212,0,0,0.063,0
283626,0.809,22214,0,,0.063,
283626,0.587,22216,0,,0.063,
283626,0.309,22218,0,,0.063,
283626,0,22220,0,,0.063,
283626,-0.309,22222,0,,0.063,
283626,-0.587,22224,0,,0.063,
283626,-0.809,22226,0,,0.063,
283626,-0.951,22228,0,,0.063,
283626,-1,22230,0,,0.063,
283626,-0.951,22232,0,0,0.063,0
283626,-0.809,22234,0,,0.063,
283626,-0.587,22236,0,,0.063,
283626,-0.309,22238,0,,0.063,
283626,0,22240,0,,0.063,
283626,0.309,22242,0,,0.063,
283626,0.587,22244,0,,0.063,
283626,0.809,22246,0,,0.063,
283626,0.951,22248,0,,0.063,
283626,1,22250,0,,0.063,
283626,0.951,22252,0,0,0.063,0
283626,0.809,22254,0,,0.063,
283626,0.587,22256,0,,0.063,
283626,0.309,22258,0,,0.063,
283626,0,22260,0,,0.063,
283626,-0.309,22262,0,,0.063,
283626,-0.587,22264,0,,0.063,
283626,-0.809,22266,0,,0.063,
283626,-0.951,22268,0,,0.063,
283626,-1,22270,0,,0.063,
283626,-0.951,22272,0,0,0.063,0
283626,-0.809,22274,0,,0.063,
283626,-0.587,22276,0,,0.063,
283626,-0.309,22278,0,,0.063,
283626,0,22280,0,,0.063,
283626,0.309,22282,0,,0.063,
283626,0.587,22284,0,,0.063,
283626,0.809,22286,0,,0.063,
283626,0.951,22288,0,,0.063,
283626,1,22290,0,,0.063,
283626,0.951,22292,0,0,0.063,0
283626,0.809,22294,0,,0.063,
283626,0.587,22296,0,,0.063,
283626,0.309,22298,0,,0.063,
283626,0,22300,0,,0.063,
283626,-0.309,22302,0,,0.063,
283626,-0.587,22304,0,,0.063,
283626,-0.809,22306,0,,0.063,
283626,-0.951,22308,0,,0.063,
283626,-1,22310,0,,0.063,
283626,-0.951,22312,0,0,0.063,0
283626,-0.809,22314,0,,0.063,
283626,-0.587,22316,0,,0.063,
283626,-0.309,22318,0,,0.063,
283626,0,22320,0,,0.063,
283626,0.309,22322,0,,0.063,
283626,0.587,22324,0,,0.063,
283626,0.809,22326,0,,0.063,
283626,0.951,22328,0,,0.063,
283626,1,22330,0,,0.063,
283626,0.951,22332,0,0,0.063,0
283626,0.809,22334,0,,0.063,
283626,0.587,22336,0,,0.063,
283626,0.309,22338,0,,0.063,
283626,0,22340,0,,0.063,
283626,-0.309,22342,0,,0.063,
283626,-0.587,22344,0,,0.063,
283626,-0.809,22346,0,,0.063,
283626,-0.951,22348,0,,0.063,
283626,-1,22350,0,,0.063,
283626,-0.951,22352,0,0,0.063,0
283626,-0.809,22354,0,,0.063,
283626,-0.587,22356,0,,0.063,
283626,-0.309,22358,0,,0.063,
283626,0,22360,0,,0.063,
283626,0.309,22362,0,,0.063,
283626,0.587,22364,0,,0.063,
283626,0.809,22366,0,,0.063,
283626,0.951,22368,0,,0.063,
283626,1,22370,0,,0.063,
283626,0.951,22372,0,0,0.063,0
283626,0.809,22374,0,,0.063,
283626,0.587,22376,0,,0.063,
283626,0.309,22378,0,,0.063,
283626,0,22380,0,,0.063,
283626,-0.309,22382,0,,0.063,
283626,-0.587,22384,0,,0.063,
283626,-0.809,22386,0,,0.063,
283626,-0.951,22388,0,,0.063,
283626,-1,22390,0,,0.063,
283626,-0.951,22392,0,0,0.063,0
283626,-0.809,22394,0,,0.063,
283626,-0.587,22396,0,,0.063,
283626,-0.309,22398,0,,0.063,
283626,0,22400,0,,0.063,
283626,0.309,22402,0,,0.063,
283626,0.587,22404,0,,0.063,
283626,0.809,22406,0,,0.063,
283626,0.951,22408,0,,0.063,
283626,1,22410,0,,0.063,
283626,0.951,22412,0,0,0.063,0
283626,0.809,22414,0,,0.063,
283626,0.587,22416,0,,0.063,
283626,0.309,22418,0,,0.063,
283626,0,22420,0,,0.063,
283626,-0.309,22422,0,,0.063,
283626,-0.587,22424,0,,0.063,
283626,-0.809,22426,0,,0.063,
283626,-0.951,22428,0,,0.063,
283626,-1,22430,0,,0.063,
283626,-0.951,22432,0,0,0.063,0
283626,-0.809,22434,0,,0.063,
283626,-0.587,22436,0,,0.063,
283626,-0.309,22438,0,,0.063,
283626,0,22440,0,,0.063,
283626,0.309,22442,0,,0.063,
283626,0.587,22444,0,,0.063,
283626,0.809,22446,0,,0.063,
283626,0.951,22448,0,,0.063,
283626,1,22450,0,,0.063,
283626,0.951,22452,0,0,0.063,0
283626,0.809,22454,0,,0.063,
283626,0.587,22456,0,,0.063,
283626,0.309,22458,0,,0.063,
283626,0,22460,0,,0.063,
283626,-0.309,22462,0,,0.063,
283626,-0.587,22464,0,,0.063,
283626,-0.809,22466,0,,0.063,
283626,-0.951,22468,0,,0.063,
283626,-1,22470,0,,0.063,
283626,-0.951,22472,0,0,0.063,0
283626,-0.809,22474,0,,0.063,
283626,-0.587,22476,0,,0.063,
283626,-0.309,22478,0,,0.063,
283626,0,22480,0,,0.063,
283626,0.309,22482,0,,0.063,
283626,0.587,22484,0,,0.063,
283626,0.809,22486,0,,0.063,
283626,0.951,22488,0,,0.063,
283626,1,22490,0,,0.063,
283626,0.951,22492,0,0,0.063,0
283626,0.809,22494,0,,0.063,
283626,0.587,22496,0,,0.063,
283626,0.309,22498,0,,0.063,
283626,0,22500,0,,0.063,
283626,-0.309,22502,0,,0.063,
283626,-0.587,22504,0,,0.063,
283626,-0.809,22506,0,,0.063,
283626,-0.951,22508,0,,0.063,
283626,-1,22510,0,,0.063,
283626,-0.951,22512,0,0,0.063,0
283626,-0.809,22514,0,,0.063,
283626,-0.587,22516,0,,0.063,
283626,-0.309,22518,0,,0.063,
283626,0,22520,0,,0.063,
283626,0.309,22522,0,,0.063,
283626,0.587,22524,0,,0.063,
283626,0.809,22526,0,,0.063,
283626,0.951,22528,0,,0.063,
283626,1,22530,0,,0.063,
283626,0.951,22532,0,0,0.063,0
283626,0.809,22534,0,,0.063,
283626,0.587,22536,0,,0.063,
283626,0.309,22538,0,,0.063,
283626,0,22540,0,,0.063,
283626,-0.309,22542,0,,0.063,
283626,-0.587,22544,0,,0.063,
283626,-0.809,22546,0,,0.063,
283626,-0.951,22548,0,,0.063,
283626,-1,22550,0,,0.063,
283626,-0.951,22552,0,0,0.063,0
283626,-0.809,22554,0,,0.063,
283626,-0.587,22556,0,,0.063,
283626,-0.309,22558,0,,0.063,
283626,0,22560,0,,0.063,
283626,0.309,22562,0,,0.063,
283626,0.587,22564,0,,0.063,
283626,0.809,22566,0,,0.063,
283626,0.951,22568,0,,0.063,
283626,1,22570,0,,0.063,
283626,0.951,22572,0,0,0.063,0
283626,0.809,22574,0,,0.063,
283626,0.587,22576,0,,0.063,
283626,0.309,22578,0,,0.063,
283626,0,22580,0,,0.063,
283626,-0.309,22582,0,,0.063,
283626,-0.587,22584,0,,0.063,
283626,-0.809,22586,0,,0.063,
283626,-0.951,22588,0,,0.063,
283626,-1,22590,0,,0.063,
283626,-0.951,22592,0,0,0.063,0
283626,-0.809,22594,0,,0.063,
283626,-0.587,22596,0,,0.063,
283626,-0.309,22598,0,,0.063,
283626,0,22600,0,,0.063,
283626,0.309,22602,0,,0.063,
283626,0.587,22604,0,,0.063,
283626,0.809,22606,0,,0.063,
283626,0.951,22608,0,,0.063,
283626,1,22610,0,,0.063,
283626,0.951,22612,0,0,0.063,0
283626,0.809,22614,0,,0.063,
283626,0.587,22616,0,,0.063,
283626,0.309,22618,0,,0.063,
283626,0,22620,0,,0.063,
283626,-0.309,22622,0,,0.063,
283626,-0.587,22624,0,,0.063,
283626,-0.809,22626,0,,0.063,
283626,-0.951,22628,0,,0.063,
283626,-1,22630,0,,0.063,
283626,-0.951,22632,0,0,0.063,0
283626,-0.809,22634,0,,0.063,
283626,-0.587,22636,0,,0.063,
283626,-0.309,22638,0,,0.063,
283626,0,22640,0,,0.063,
283626,0.309,22642,0,,0.063,
283626,0.587,22644,0,,0.063,
283626,0.809,22646,0,,0.063,
283626,0.951,22648,0,,0.063,
283626,1,22650,0,,0.063,
283626,0.951,22652,0,0,0.063,0
283626,0.809,22654,0,,0.063,
283626,0.587,22656,0,,0.063,
283626,0.309,22658,0,,0.063,
283626,0,22660,0,,0.063,
283626,-0.309,22662,0,,0.063,
283626,-0.587,22664,0,,0.063,
283626,-0.809,22666,0,,0.063,
283626,-0.951,22668,0,,0.063,
283626,-1,22670,0,,0.063,
283626,-0.951,22672,0,0,0.063,0
283626,-0.809,22674,0,,0.063,
283626,-0.587,22676,0,,0.063,
283626,-0.309,22678,0,,0.063,
283626,0,22680,0,,0.063,
283626,0.309,22682,0,,0.063,
283626,0.587,22684,0,,0.063,
283626,0.809,22686,0,,0.063,
283626,0.951,22688,0,,0.063,
283626,1,22690,0,,0.063,
283626,0.951,22692,0,0,0.063,0
283626,0.809,22694,0,,0.063,
283626,0.587,22696,0,,0.063,
283626,0.309,22698,0,,0.063,
283626,0,22700,0,,0.063,
283626,-0.309,22702,0,,0.063,
283626,-0.587,22704,0,,0.063,
283626,-0.809,22706,0,,0.063,
283626,-0.951,22708,0,,0.063,
283626,-1,22710,0,,0.063,
283626,-0.951,22712,0,0,0.063,0
283626,-0.809,22714,0,,0.063,
283626,-0.587,22716,0,,0.063,
283626,-0.309,22718,0,,0.063,
283626,0,22720,0,,0.063,
283626,0.309,22722,0,,0.063,
283626,0.587,22724,0,,0.063,
283626,0.809,22726,0,,0.063,
283626,0.951,22728,0,,0.063,
283626,1,22730,0,,0.063,
283626,0.951,22732,0,0,0.063,0
283626,0.809,22734,0,,0.063,
283626,0.587,22736,0,,0.063,
283626,0.309,22738,0,,0.063,
283626,0,22740,0,,0.063,
283626,-0.309,22742,0,,0.063,
283626,-0.587,22744,0,,0.063,
283626,-0.809,22746,0,,0.063,
283626,-0.951,22748,0,,0.063,
283626,-1,22750,0,,0.063,
283626,-0.951,22752,0,0,0.063,0
283626,-0.809,22754,0,,0.063,
283626,-0.587,22756,0,,0.063,
283626,-0.309,22758,0,,0.063,
283626,0,22760,0,,0.063,
283626,0.309,22762,0,,0.063,
283626,0.587,22764,0,,0.063,
283626,0.809,22766,0,,0.063,
283626,0.951,22768,0,,0.063,
283626,1,22770,0,,0.063,
283626,0.951,22772,0,0,0.063,0
283626,0.809,22774,0,,0.063,
283626,0.587,22776,0,,0.063,
283626,0.309,22778,0,,0.063,
283626,0,22780,0,,0.063,
283626,-0.309,22782,0,,0.063,
283626,-0.587,22784,0,,0.063,
283626,-0.809,22786,0,,0.063,
283626,-0.951,22788,0,,0.063,
283626,-1,22790,0,,0.063,
283626,-0.951,22792,0,0,0.063,0
283626,-0.809,22794,0,,0.063,
283626,-0.587,22796,0,,0.063,
283626,-0.309,22798,0,,0.063,
283626,0,22800,0,,0.063,
283626,0.309,22802,0,,0.063,
283626,0.587,22804,0,,0.063,
283626,0.809,22806,0,,0.063,
283626,0.951,22808,0,,0.063,
283626,1,22810,0,,0.063,
283626,0.951,22812,0,0,0.063,0
283626,0.809,22814,0,,0.063,
283626,0.587,22816,0,,0.063,
283626,0.309,22818,0,,0.063,
283626,0,22820,0,,0.063,
283626,-0.309,22822,0,,0.063,
283626,-0.587,22824,0,,0.063,
283626,-0.809,22826,0,,0.063,
283626,-0.951,22828,0,,0.063,
283626,-1,22830,0,,0.063,
283626,-0.951,22832,0,0,0.063,0
283626,-0.809,22834,0,,0.063,
283626,-0.587,22836,0,,0.063,
283626,-0.309,22838,0,,0.063,
283626,0,22840,0,,0.063,
283626,0.309,22842,0,,0.063,
283626,0.587,22844,0,,0.063,
283626,0.809,22846,0,,0.063,
283626,0.951,22848,0,,0.063,
283626,1,22850,0,,0.063,
283626,0.951,22852,0,0,0.063,0
283626,0.809,22854,0,,0.063,
283626,0.587,22856,0,,0.063,
283626,0.309,22858,0,,0.063,
283626,0,22860,0,,0.063,
283626,-0.309,22862,0,,0.063,
283626,-0.587,22864,0,,0.063,
283626,-0.809,22866,0,,0.063,
283626,-0.951,22868,0,,0.063,
283626,-1,22870,0,,0.063,
283626,-0.951,22872,0,0,0.063,0
283626,-0.809,22874,0,,0.063,
283626,-0.587,22876,0,,0.063,
283626,-0.309,22878,0,,0.063,
283626,0,22880,0,,0.063,
283626,0.309,22882,0,,0.063,
283626,0.587,22884,0,,0.063,
283626,0.809,22886,0,,0.063,
283626,0.951,22888,0,,0.063,
283626,1,22890,0,,0.063,
283626,0.951,22892,0,0,0.063,0
283626,0.809,22894,0,,0.063,
283626,0.587,22896,0,,0.063,
283626,0.309,22898,0,,0.063,
283626,0,22900,0,,0.063,
283626,-0.309,22902,0,,0.063,
283626,-0.587,22904,0,,0.063,
283626,-0.809,22906,0,,0.063,
283626,-0.951,22908,0,,0.063,
283626,-1,22910,0,,0.063,
283626,-0.951,22912,0,0,0.063,0
283626,-0.809,22914,0,,0.063,
283626,-0.587,22916,0,,0.063,
283626,-0.309,22918,0,,0.063,
283626,0,22920,0,,0.063,
283626,0.309,22922,0,,0.063,
283626,0.587,22924,0,,0.063,
283626,0.809,22926,0,,0.063,
283626,0.951,22928,0,,0.063,
283626,1,22930,0,,0.063,
283626,0.951,22932,0,0,0.063,0
283626,0.809,22934,0,,0.063,
283626,0.587,22936,0,,0.063,
283626,0.309,22938,0,,0.063,
283626,0,22940,0,,0.063,
283626,-0.309,22942,0,,0.063,
283626,-0.587,22944,0,,0.063,
283626,-0.809,22946,0,,0.063,
283626,-0.951,22948,0,,0.063,
283626,-1,22950,0,,0.063,
283626,-0.951,22952,0,0,0.063,0
283626,-0.809,22954,0,,0.063,
283626,-0.587,22956,0,,0.063,
283626,-0.309,22958,0,,0.063,
283626,0,22960,0,,0.063,
283626,0.309,22962,0,,0.063,
283626,0.587,22964,0,,0.063,
283626,0.809,22966,0,,0.063,
283626,0.951,22968,0,,0.063,
283626,1,22970,0,,0.063,
283626,0.951,22972,0,0,0.063,0
283626,0.809,22974,0,,0.063,
283626,0.587,22976,0,,0.063,
283626,0.309,22978,0,,0.063,
283626,0,22980,0,,0.063,
283626,-0.309,22982,0,,0.063,
283626,-0.587,22984,0,,0.063,
283626,-0.809,22986,0,,0.063,
283626,-0.951,22988,0,,0.063,
283626,-1,22990,0,,0.063,
283626,-0.951,22992,0,0,0.063,0
283626,-0.809,22994,0,,0.063,
283626,-0.587,22996,0,,0.063,
283626,-0.309,22998,0,,0.063,
283626,0,23000,0,,0.063,
283626,0.309,23002,0,,0.063,
283626,0.587,23004,0,,0.063,
283626,0.809,23006,0,,0.063,
283626,0.951,23008,0,,0.063,
283626,1,23010,0,,0.063,
283626,0.951,23012,0,0,0.063,0
283626,0.809,23014,0,,0.063,
283626,0.587,23016,0,,0.063,
283626,0.309,23018,0,,0.063,
283626,0,23020,0,,0.063,
283626,-0.309,23022,0,,0.063,
283626,-0.587,23024,0,,0.063,
283626,-0.809,23026,0,,0.063,
283626,-0.951,23028,0,,0.063,
283626,-1,23030,0,,0.063,
283626,-0.951,23032,0,0,0.063,0
283626,-0.809,23034,0,,0.063,
283626,-0.587,23036,0,,0.063,
283626,-0.309,23038,0,,0.063,
283626,0,23040,0,,0.063,
283626,0.309,23042,0,,0.063,
283626,0.587,23044,0,,0.063,
283626,0.809,23046,0,,0.063,
283626,0.951,23048,0,,0.063,
283626,1,23050,0,,0.063,
283626,0.951,23052,0,0,0.063,0
283626,0.809,23054,0,,0.063,
283626,0.587,23056,0,,0.063,
283626,0.309,23058,0,,0.063,
283626,0,23060,0,,0.063,
283626,-0.309,23062,0,,0.063,
283626,-0.587,23064,0,,0.063,
283626,-0.809,23066,0,,0.063,
283626,-0.951,23068,0,,0.063,
283626,-1,23070,0,,0.063,
283626,-0.951,23072,0,0,0.063,0
283626,-0.809,23074,0,,0.063,
283626,-0.587,23076,0,,0.063,
283626,-0.309,23078,0,,0.063,
283626,0,23080,0,,0.063,
283626,0.309,23082,0,,0.063,
283626,0.587,23084,0,,0.063,
283626,0.809,23086,0,,0.063,
283626,0.951,23088,0,,0.063,
283626,1,23090,0,,0.063,
283626,0.951,23092,0,0,0.063,0
283626,0.809,23094,0,,0.063,
283626,0.587,23096,0,,0.063,
283626,0.309,23098,0,,0.063,
283626,0,23100,0,,0.063,
283626,-0.309,23102,0,,0.063,
283626,-0.587,23104,0,,0.063,
283626,-0.809,23106,0,,0.063,
283626,-0.951,23108,0,,0.063,
283626,-1,23110,0,,0.063,
283626,-0.951,23112,0,0,0.063,0
283626,-0.809,23114,0,,0.063,
283626,-0.587,23116,0,,0.063,
283626,-0.309,23118,0,,0.063,
283626,0,23120,0,,0.063,
283626,0.309,23122,0,,0.063,
283626,0.587,23124,0,,0.063,
283626,0.809,23126,0,,0.063,
283626,0.951,23128,0,,0.063,
283626,1,23130,0,,0.063,
283626,0.951,23132,0,0,0.063,0
283626,0.809,23134,0,,0.063,
283626,0.587,23136,0,,0.063,
283626,0.309,23138,0,,0.063,
283626,0,23140,0,,0.063,
283626,-0.309,23142,0,,0.063,
283626,-0.587,23144,0,,0.063,
283626,-0.809,23146,0,,0.063,
283626,-0.951,23148,0,,0.063,
283626,-1,23150,0,,0.063,
283626,-0.951,23152,0,0,0.063,0
283626,-0.809,23154,0,,0.063,
283626,-0.587,23156,0,,0.063,
283626,-0.309,23158,0,,0.063,
283626,0,23160,0,,0.063,
283626,0.309,23162,0,,0.063,
283626,0.587,23164,0,,0.063,
283626,0.809,23166,0,,0.063,
283626,0.951,23168,0,,0.063,
283626,1,23170,0,,0.063,
283626,0.951,23172,0,0,0.063,0
283626,0.809,23174,0,,0.063,
283626,0.587,23176,0,,0.063,
283626,0.309,23178,0,,0.063,
283626,0,23180,0,,0.063,
283626,-0.309,23182,0,,0.063,
283626,-0.587,23184,0,,0.063,
283626,-0.809,23186,0,,0.063,
283626,-0.951,23188,0,,0.063,
283626,-1,23190,0,,0.063,
283626,-0.951,23192,0,0,0.063,0
283626,-0.809,23194,0,,0.063,
283626,-0.587,23196,0,,0.063,
283626,-0.309,23198,0,,0.063,
283626,0,23200,0,,0.063,
283626,0.309,23202,0,,0.063,
283626,0.587,23204,0,,0.063,
283626,0.809,23206,0,,0.063,
283626,0.951,23208,0,,0.063,
283626,1,23210,0,,0.063,
283626,0.951,23212,0,0,0.063,0
283626,0.809,23214,0,,0.063,
283626,0.587,23216,0,,0.063,
283626,0.309,23218,0,,0.063,
283626,0,23220,0,,0.063,
283626,-0.309,23222,0,,0.063,
283626,-0.587,23224,0,,0.063,
283626,-0.809,23226,0,,0.063,
283626,-0.951,23228,0,,0.063,
283626,-1,23230,0,,0.063,
283626,-0.951,23232,0,0,0.063,0
283626,-0.809,23234,0,,0.063,
283626,-0.587,23236,0,,0.063,
283626,-0.309,23238,0,,0.063,
283626,0,23240,0,,0.063,
283626,0.309,23242,0,,0.063,
283626,0.587,23244,0,,0.063,
283626,0.809,23246,0,,0.063,
283626,0.951,23248,0,,0.063,
283626,1,23250,0,,0.063,
283626,0.951,23252,0,0,0.063,0
283626,0.809,23254,0,,0.063,
283626,0.587,23256,0,,0.063,
283626,0.309,23258,0,,0.063,
283626,0,23260,0,,0.063,
283626,-0.309,23262,0,,0.063,
283626,-0.587,23264,0,,0.063,
283626,-0.809,23266,0,,0.063,
283626,-0.951,23268,0,,0.063,
283626,-1,23270,0,,0.063,
283626,-0.951,23272,0,0,0.063,0
283626,-0.809,23274,0,,0.063,
283626,-0.587,23276,0,,0.063,
283626,-0.309,23278,0,,0.063,
283626,0,23280,0,,0.063,
283626,0.309,23282,0,,0.063,
283626,0.587,23284,0,,0.063,
283626,0.809,23286,0,,0.063,
283626,0.951,23288,0,,0.063,
283626,1,23290,0,,0.063,
283626,0.951,23292,0,0,0.063,0
283626,0.809,23294,0,,0.063,
283626,0.587,23296,0,,0.063,
283626,0.309,23298,0,,0.063,
283626,0,23300,0,,0.063,
283626,-0.309,23302,0,,0.063,
283626,-0.587,23304,0,,0.063,
283626,-0.809,23306,0,,0.063,
283626,-0.951,23308,0,,0.063,
283626,-1,23310,0,,0.063,
283626,-0.951,23312,0,0,0.063,0
283626,-0.809,23314,0,,0.063,
283626,-0.587,23316,0,,0.063,
283626,-0.309,23318,0,,0.063,
283626,0,23320,0,,0.063,
283626,0.309,23322,0,,0.063,
283626,0.587,23324,0,,0.063,
283626,0.809,23326,0,,0.063,
283626,0.951,23328,0,,0.063,
283626,1,23330,0,,0.063,
283626,0.951,23332,0,0,0.063,0
283626,0.809,23334,0,,0.063,
283626,0.587,23336,0,,0.063,
283626,0.309,23338,0,,0.063,
283626,0,23340,0,,0.063,
283626,-0.309,23342,0,,0.063,
283626,-0.587,23344,0,,0.063,
283626,-0.809,23346,0,,0.063,
283626,-0.951,23348,0,,0.063,
283626,-1,23350,0,,0.063,
283626,-0.951,23352,0,0,0.063,0
283626,-0.809,23354,0,,0.063,
283626,-0.587,23356,0,,0.063,
283626,-0.309,23358,0,,0.063,
283626,0,23360,0,,0.063,
283626,0.309,23362,0,,0.063,
283626,0.587,23364,0,,0.063,
283626,0.809,23366,0,,0.063,
283626,0.951,23368,0,,0.063,
283626,1,23370,0,,0.063,
283626,0.951,23372,0,0,0.063,0
283626,0.809,23374,0,,0.063,
283626,0.587,23376,0,,0.063,
283626,0.309,23378,0,,0.063,
283626,0,23380,0,,0.063,
283626,-0.309,23382,0,,0.063,
283626,-0.587,23384,0,,0.063,
283626,-0.809,23386,0,,0.063,
283626,-0.951,23388,0,,0.063,
283626,-1,23390,0,,0.063,
283626,-0.951,23392,0,0,0.063,0
283626,-0.809,23394,0,,0.063,
283626,-0.587,23396,0,,0.063,
283626,-0.309,23398,0,,0.063,
283626,0,23400,0,,0.063,
283626,0.309,23402,0,,0.063,
283626,0.587,23404,0,,0.063,
283626,0.809,23406,0,,0.063,
283626,0.951,23408,0,,0.063,
283626,1,23410,0,,0.063,
283626,0.951,23412,0,0,0.063,0
283626,0.809,23414,0,,0.063,
283626,0.587,23416,0,,0.063,
283626,0.309,23418,0,,0.063,
283626,0,23420,0,,0.063,
283626,-0.309,23422,0,,0.063,
283626,-0.587,23424,0,,0.063,
283626,-0.809,23426,0,,0.063,
283626,-0.951,23428,0,,0.063,
283626,-1,23430,0,,0.063,
283626,-0.951,23432,0,0,0.063,0
283626,-0.809,23434,0,,0.063,
283626,-0.587,23436,0,,0.063,
283626,-0.309,23438,0,,0.063,
283626,0,23440,0,,0.063,
283626,0.309,23442,0,,0.063,
283626,0.587,23444,0,,0.063,
283626,0.809,23446,0,,0.063,
283626,0.951,23448,0,,0.063,
283626,1,23450,0,,0.063,
283626,0.951,23452,0,0,0.063,0
283626,0.809,23454,0,,0.063,
283626,0.587,23456,0,,0.063,
283626,0.309,23458,0,,0.063,
283626,0,23460,0,,0.063,
283626,-0.309,23462,0,,0.063,
283626,-0.587,23464,0,,0.063,
283626,-0.809,23466,0,,0.063,
283626,-0.951,23468,0,,0.063,
283626,-1,23470,0,,0.063,
283626,-0.951,23472,0,0,0.063,0
283626,-0.809,23474,0,,0.063,
283626,-0.587,23476,0,,0.063,
283626,-0.309,23478,0,,0.063,
283626,0,23480,0,,0.063,
283626,0.309,23482,0,,0.063,
283626,0.587,23484,0,,0.063,
283626,0.809,23486,0,,0.063,
283626,0.951,23488,0,,0.063,
283626,1,23490,0,,0.063,
283626,0.951,23492,0,0,0.063,0
283626,0.809,23494,0,,0.063,
283626,0.587,23496,0,,0.063,
283626,0.309,23498,0,,0.063,
283626,0,23500,0,,0.063,
283626,-0.309,23502,0,,0.063,
283626,-0.587,23504,0,,0.063,
283626,-0.809,23506,0,,0.063,
283626,-0.951,23508,0,,0.063,
283626,-1,23510,0,,0.063,
283626,-0.951,23512,0,0,0.063,0
283626,-0.809,23514,0,,0.063,
283626,-0.587,23516,0,,0.063,
283626,-0.309,23518,0,,0.063,
283626,0,23520,0,,0.063,
283626,0.309,23522,0,,0.063,
283626,0.587,23524,0,,0.063,
283626,0.809,23526,0,,0.063,
283626,0.951,23528,0,,0.063,
283626,1,23530,0,,0.063,
283626,0.951,23532,0,0,0.063,0
283626,0.809,23534,0,,0.063,
283626,0.587,23536,0,,0.063,
283626,0.309,23538,0,,0.063,
283626,0,23540,0,,0.063,
283626,-0.309,23542,0,,0.063,
283626,-0.587,23544,0,,0.063,
283626,-0.809,23546,0,,0.063,
283626,-0.951,23548,0,,0.063,
283626,-1,23550,0,,0.063,
283626,-0.951,23552,0,0,0.063,0
283626,-0.809,23554,0,,0.063,
283626,-0.587,23556,0,,0.063,
283626,-0.309,23558,0,,0.063,
283626,0,23560,0,,0.063,
283626,0.309,23562,0,,0.063,
283626,0.587,23564,0,,0.063,
283626,0.809,23566,0,,0.063,
283626,0.951,23568,0,,0.063,
283626,1,23570,0,,0.063,
283626,0.951,23572,0,0,0.063,0
283626,0.809,23574,0,,0.063,
283626,0.587,23576,0,,0.063,
283626,0.309,23578,0,,0.063,
283626,0,23580,0,,0.063,
283626,-0.309,23582,0,,0.063,
283626,-0.587,23584,0,,0.063,
283626,-0.809,23586,0,,0.063,
283626,-0.951,23588,0,,0.063,
283626,-1,23590,0,,0.063,
283626,-0.951,23592,0,0,0.063,0
283626,-0.809,23594,0,,0.063,
283626,-0.587,23596,0,,0.063,
283626,-0.309,23598,0,,0.063,
283626,0,23600,0,,0.063,
283626,0.309,23602,0,,0.063,
283626,0.587,23604,0,,0.063,
283626,0.809,23606,0,,0.063,
283626,0.951,23608,0,,0.063,
283626,1,23610,0,,0.063,
283626,0.951,23612,0,0,0.063,0
283626,0.809,23614,0,,0.063,
283626,0.587,23616,0,,0.063,
283626,0.309,23618,0,,0.063,
283626,0,23620,0,,0.063,
283626,-0.309,23622,0,,0.063,
283626,-0.587,23624,0,,0.063,
283626,-0.809,23626,0,,0.063,
283626,-0.951,23628,0,,0.063,
283626,-1,23630,0,,0.063,
283626,-0.951,23632,0,0,0.063,0
283626,-0.809,23634,0,,0.063,
283626,-0.587,23636,0,,0.063,
283626,-0.309,23638,0,,0.063,
283626,0,23640,0,,0.063,
283626,0.309,23642,0,,0.063,
283626,0.587,23644,0,,0.063,
283626,0.809,23646,0,,0.063,
283626,0.951,23648,0,,0.063,
283626,1,23650,0,,0.063,
283626,0.951,23652,0,0,0.063,0
283626,0.809,23654,0,,0.063,
283626,0.587,23656,0,,0.063,
283626,0.309,23658,0,,0.063,
283626,0,23660,0,,0.063,
283626,-0.309,23662,0,,0.063,
283626,-0.587,23664,0,,0.063,
283626,-0.809,23666,0,,0.063,
283626,-0.951,23668,0,,0.063,
283626,-1,23670,0,,0.063,
283626,-0.951,23672,0,0,0.063,0
283626,-0.809,23674,0,,0.063,
283626,-0.587,23676,0,,0.063,
283626,-0.309,23678,0,,0.063,
283626,0,23680,0,,0.063,
283626,0.309,23682,0,,0.063,
283626,0.587,23684,0,,0.063,
283626,0.809,23686,0,,0.063,
283626,0.951,23688,0,,0.063,
283626,1,23690,0,,0.063,
283626,0.951,23692,0,0,0.063,0
283626,0.809,23694,0,,0.063,
283626,0.587,23696,0,,0.063,
283626,0.309,23698,0,,0.063,
283626,0,23700,0,,0.063,
283626,-0.309,23702,0,,0.063,
283626,-0.587,23704,0,,0.063,
283626,-0.809,23706,0,,0.063,
283626,-0.951,23708,0,,0.063,
283626,-1,23710,0,,0.063,
283626,-0.951,23712,0,0,0.063,0
283626,-0.809,23714,0,,0.063,
283626,-0.587,23716,0,,0.063,
283626,-0.309,23718,0,,0.063,
283626,0,23720,0,,0.063,
283626,0.309,23722,0,,0.063,
283626,0.587,23724,0,,0.063,
283626,0.809,23726,0,,0.063,
283626,0.951,23728,0,,0.063,
283626,1,23730,0,,0.063,
283626,0.951,23732,0,0,0.063,0
283626,0.809,23734,0,,0.063,
283626,0.587,23736,0,,0.063,
283626,0.309,23738,0,,0.063,
283626,0,23740,0,,0.063,
283626,-0.309,23742,0,,0.063,
283626,-0.587,23744,0,,0.063,
283626,-0.809,23746,0,,0.063,
283626,-0.951,23748,0,,0.063,
283626,-1,23750,0,,0.063,
283626,-0.951,23752,0,0,0.063,0
283626,-0.809,23754,0,,0.063,
283626,-0.587,23756,0,,0.063,
283626,-0.309,23758,0,,0.063,
283626,0,23760,0,,0.063,
283626,0.309,23762,0,,0.063,
283626,0.587,23764,0,,0.063,
283626,0.809,23766,0,,0.063,
283626,0.951,23768,0,,0.063,
283626,1,23770,0,,0.063,
283626,0.951,23772,0,0,0.063,0
283626,0.809,23774,0,,0.063,
283626,0.587,23776,0,,0.063,
283626,0.309,23778,0,,0.063,
283626,0,23780,0,,0.063,
283626,-0.309,23782,0,,0.063,
283626,-0.587,23784,0,,0.063,
283626,-0.809,23786,0,,0.063,
283626,-0.951,23788,0,,0.063,
283626,-1,23790,0,,0.063,
283626,-0.951,23792,0,0,0.063,0
283626,-0.809,23794,0,,0.063,
283626,-0.587,23796,0,,0.063,
283626,-0.309,23798,0,,0.063,
283626,0,23800,0,,0.063,
283626,0.309,23802,0,,0.063,
283626,0.587,23804,0,,0.063,
283626,0.809,23806,0,,0.063,
283626,0.951,23808,0,,0.063,
283626,1,23810,0,,0.063,
283626,0.951,23812,0,0,0.063,0
283626,0.809,23814,0,,0.063,
283626,0.587,23816,0,,0.063,
283626,0.309,23818,0,,0.063,
283626,0,23820,0,,0.063,
283626,-0.309,23822,0,,0.063,
283626,-0.587,23824,0,,0.063,
283626,-0.809,23826,0,,0.063,
283626,-0.951,23828,0,,0.063,
283626,-1,23830,0,,0.063,
283626,-0.951,23832,0,0,0.063,0
283626,-0.809,23834,0,,0.063,
283626,-0.587,23836,0,,0.063,
283626,-0.309,23838,0,,0.063,
283626,0,23840,0,,0.063,
283626,0.309,23842,0,,0.063,
283626,0.587,23844,0,,0.063,
283626,0.809,23846,0,,0.063,
283626,0.951,23848,0,,0.063,
283626,1,23850,0,,0.063,
283626,0.951,23852,0,0,0.063,0
283626,0.809,23854,0,,0.063,
283626,0.587,23856,0,,0.063,
283626,0.309,23858,0,,0.063,
283626,0,23860,0,,0.063,
283626,-0.309,23862,0,,0.063,
283626,-0.587,23864,0,,0.063,
283626,-0.809,23866,0,,0.063,
283626,-0.951,23868,0,,0.063,
283626,-1,23870,0,,0.063,
283626,-0.951,23872,0,0,0.063,0
283626,-0.809,23874,0,,0.063,
283626,-0.587,23876,0,,0.063,
283626,-0.309,23878,0,,0.063,
283626,0,23880,0,,0.063,
283626,0.309,23882,0,,0.063,
283626,0.587,23884,0,,0.063,
283626,0.809,23886,0,,0.063,
283626,0.951,23888,0,,0.063,
283626,1,23890,0,,0.063,
283626,0.951,23892,0,0,0.063,0
283626,0.809,23894,0,,0.063,
283626,0.587,23896,0,,0.063,
283626,0.309,23898,0,,0.063,
283626,0,23900,0,,0.063,
283626,-0.309,23902,0,,0.063,
283626,-0.587,23904,0,,0.063,
283626,-0.809,23906,0,,0.063,
283626,-0.951,23908,0,,0.063,
283626,-1,23910,0,,0.063,
283626,-0.951,23912,0,0,0.063,0
283626,-0.809,23914,0,,0.063,
283626,-0.587,23916,0,,0.063,
283626,-0.309,23918,0,,0.063,
283626,0,23920,0,,0.063,
283626,0.309,23922,0,,0.063,
283626,0.587,23924,0,,0.063,
283626,0.809,23926,0,,0.063,
283626,0.951,23928,0,,0.063,
283626,1,23930,0,,0.063,
283626,0.951,23932,0,0,0.063,0
283626,0.809,23934,0,,0.063,
283626,0.587,23936,0,,0.063,
283626,0.309,23938,0,,0.063,
283626,0,23940,0,,0.063,
283626,-0.309,23942,0,,0.063,
283626,-0.587,23944,0,,0.063,
283626,-0.809,23946,0,,0.063,
283626,-0.951,23948,0,,0.063,
283626,-1,23950,0,,0.063,
283626,-0.951,23952,0,0,0.063,0
283626,-0.809,23954,0,,0.063,
283626,-0.587,23956,0,,0.063,
283626,-0.309,23958,0,,0.063,
283626,0,23960,0,,0.063,
283626,0.309,23962,0,,0.063,
283626,0.587,23964,0,,0.063,
283626,0.809,23966,0,,0.063,
283626,0.951,23968,0,,0.063,
283626,1,23970,0,,0.063,
283626,0.951,23972,0,0,0.063,0
283626,0.809,23974,0,,0.063,
283626,0.587,23976,0,,0.063,
283626,0.309,23978,0,,0.063,
283626,0,23980,0,,0.063,
283626,-0.309,23982,0,,0.063,
283626,-0.587,23984,0,,0.063,
283626,-0.809,23986,0,,0.063,
283626,-0.951,23988,0,,0.063,
283626,-1,23990,0,,0.063,
283626,-0.951,23992,0,0,0.063,0
283626,-0.809,23994,0,,0.063,
283626,-0.587,23996,0,,0.063,
283626,-0.309,23998,0,,0.063,
283626,0,24000,0,,0.063,
283626,0.309,24002,0,,0.063,
283626,0.587,24004,0,,0.063,
283626,0.809,24006,0,,0.063,
283626,0.951,24008,0,,0.063,
283626,1,24010,0,,0.063,
283626,0.951,24012,0,0,0.063,0
283626,0.809,24014,0,,0.063,
283626,0.587,24016,0,,0.063,
283626,0.309,24018,0,,0.063,
283626,0,24020,0,,0.063,
283626,-0.309,24022,0,,0.063,
283626,-0.587,24024,0,,0.063,
283626,-0.809,24026,0,,0.063,
283626,-0.951,24028,0,,0.063,
283626,-1,24030,0,,0.063,
283626,-0.951,24032,0,0,0.063,0
283626,-0.809,24034,0,,0.063,
283626,-0.587,24036,0,,0.063,
283626,-0.309,24038,0,,0.063,
283626,0,24040,0,,0.063,
283626,0.309,24042,0,,0.063,
283626,0.587,24044,0,,0.063,
283626,0.809,24046,0,,0.063,
283626,0.951,24048,0,,0.063,
283626,1,24050,0,,0.063,
283626,0.951,24052,0,0,0.063,0
283626,0.809,24054,0,,0.063,
283626,0.587,24056,0,,0.063,
283626,0.309,24058,0,,0.063,
283626,0,24060,0,,0.063,
283626,-0.309,24062,0,,0.063,
283626,-0.587,24064,0,,0.063,
283626,-0.809,24066,0,,0.063,
283626,-0.951,24068,0,,0.063,
283626,-1,24070,0,,0.063,
283626,-0.951,24072,0,0,0.063,0
283626,-0.809,24074,0,,0.063,
283626,-0.587,24076,0,,0.063,
283626,-0.309,24078,0,,0.063,
283626,0,24080,0,,0.063,
283626,0.309,24082,0,,0.063,
283626,0.587,24084,0,,0.063,
283626,0.809,24086,0,,0.063,
283626,0.951,24088,0,,0.063,
283626,1,24090,0,,0.063,
283626,0.951,24092,0,0,0.063,0
283626,0.809,24094,0,,0.063,
283626,0.587,24096,0,,0.063,
283626,0.309,24098,0,,0.063,
283626,0,24100,0,,0.063,
283626,-0.309,24102,0,,0.063,
283626,-0.587,24104,0,,0.063,
283626,-0.809,24106,0,,0.063,
283626,-0.951,24108,0,,0.063,
283626,-1,24110,0,,0.063,
283626,-0.951,24112,0,0,0.063,0
283626,-0.809,24114,0,,0.063,
283626,-0.587,24116,0,,0.063,
283626,-0.309,24118,0,,0.063,
283626,0,24120,0,,0.063,
283626,0.309,24122,0,,0.063,
283626,0.587,24124,0,,0.063,
283626,0.809,24126,0,,0.063,
283626,0.951,24128,0,,0.063,
283626,1,24130,0,,0.063,
283626,0.951,24132,0,0,0.063,0
283626,0.809,24134,0,,0.063,
283626,0.587,24136,0,,0.063,
283626,0.309,24138,0,,0.063,
283626,0,24140,0,,0.063,
283626,-0.309,24142,0,,0.063,
283626,-0.587,24144,0,,0.063,
283626,-0.809,24146,0,,0.063,
283626,-0.951,24148,0,,0.063,
283626,-1,24150,0,,0.063,
283626,-0.951,24152,0,0,0.063,0
283626,-0.809,24154,0,,0.063,
283626,-0.587,24156,0,,0.063,
283626,-0.309,24158,0,,0.063,
283626,0,24160,0,,0.063,
283626,0.309,24162,0,,0.063,
283626,0.587,24164,0,,0.063,
283626,0.809,24166,0,,0.063,
283626,0.951,24168,0,,0.063,
283626,1,24170,0,,0.063,
283626,0.951,24172,0,0,0.063,0
283626,0.809,24174,0,,0.063,
283626,0.587,24176,0,,0.063,
283626,0.309,24178,0,,0.063,
283626,0,24180,0,,0.063,
283626,-0.309,24182,0,,0.063,
283626,-0.587,24184,0,,0.063,
283626,-0.809,24186,0,,0.063,
283626,-0.951,24188,0,,0.063,
283626,-1,24190,0,,0.063,
283626,-0.951,24192,0,0,0.063,0
283626,-0.809,24194,0,,0.063,
283626,-0.587,24196,0,,0.063,
283626,-0.309,24198,0,,0.063,
283626,0,24200,0,,0.063,
283626,0.309,24202,0,,0.063,
283626,0.587,24204,0,,0.063,
283626,0.809,24206,0,,0.063,
283626,0.951,24208,0,,0.063,
283626,1,24210,0,,0.063,
283626,0.951,24212,0,0,0.063,0
283626,0.809,24214,0,,0.063,
283626,0.587,24216,0,,0.063,
283626,0.309,24218,0,,0.063,
283626,0,24220,0,,0.063,
283626,-0.309,24222,0,,0.063,
283626,-0.587,24224,0,,0.063,
283626,-0.809,24226,0,,0.063,
283626,-0.951,24228,0,,0.063,
283626,-1,24230,0,,0.063,
283626,-0.951,24232,0,0,0.063,0
283626,-0.809,24234,0,,0.063,
283626,-0.587,24236,0,,0.063,
283626,-0.309,24238,0,,0.063,
283626,0,24240,0,,0.063,
283626,0.309,24242,0,,0.063,
283626,0.587,24244,0,,0.063,
283626,0.809,24246,0,,0.063,
283626,0.951,24248,0,,0.063,
283626,1,24250,0,,0.063,
283626,0.951,24252,0,0,0.063,0
283626,0.809,24254,0,,0.063,
283626,0.587,24256,0,,0.063,
283626,0.309,24258,0,,0.063,
283626,0,24260,0,,0.063,
283626,-0.309,24262,0,,0.063,
283626,-0.587,24264,0,,0.063,
283626,-0.809,24266,0,,0.063,
283626,-0.951,24268,0,,0.063,
283626,-1,24270,0,,0.063,
283626,-0.951,24272,0,0,0.063,0
283626,-0.809,24274,0,,0.063,
283626,-0.587,24276,0,,0.063,
283626,-0.309,24278,0,,0.063,
283626,0,24280,0,,0.063,
283626,0.309,24282,0,,0.063,
283626,0.587,24284,0,,0.063,
283626,0.809,24286,0,,0.063,
283626,0.951,24288,0,,0.063,
283626,1,24290,0,,0.063,
283626,0.951,24292,0,0,0.063,0
283626,0.809,24294,0,,0.063,
283626,0.587,24296,0,,0.063,
283626,0.309,24298,0,,0.063,
283626,0,24300,0,,0.063,
283626,-0.309,24302,0,,0.063,
283626,-0.587,24304,0,,0.063,
283626,-0.809,24306,0,,0.063,
283626,-0.951,24308,0,,0.063,
283626,-1,24310,0,,0.063,
283626,-0.951,24312,0,0,0.063,0
283626,-0.809,24314,0,,0.063,
283626,-0.587,24316,0,,0.063,
283626,-0.309,24318,0,,0.063,
283626,0,24320,0,,0.063,
283626,0.309,24322,0,,0.063,
283626,0.587,24324,0,,0.063,
283626,0.809,24326,0,,0.063,
283626,0.951,24328,0,,0.063,
283626,1,24330,0,,0.063,
283626,0.951,24332,0,0,0.063,0
283626,0.809,24334,0,,0.063,
283626,0.587,24336,0,,0.063,
283626,0.309,24338,0,,0.063,
283626,0,24340,0,,0.063,
283626,-0.309,24342,0,,0.063,
283626,-0.587,24344,0,,0.063,
283626,-0.809,24346,0,,0.063,
283626,-0.951,24348,0,,0.063,
283626,-1,24350,0,,0.063,
283626,-0.951,24352,0,0,0.063,0
283626,-0.809,24354,0,,0.063,
283626,-0.587,24356,0,,0.063,
283626,-0.309,24358,0,,0.063,
283626,0,24360,0,,0.063,
283626,0.309,24362,0,,0.063,
283626,0.587,24364,0,,0.063,
283626,0.809,24366,0,,0.063,
283626,0.951,24368,0,,0.063,
283626,1,24370,0,,0.063,
283626,0.951,24372,0,0,0.063,0
283626,0.809,24374,0,,0.063,
283626,0.587,24376,0,,0.063,
283626,0.309,24378,0,,0.063,
283626,0,24380,0,,0.063,
283626,-0.309,24382,0,,0.063,
283626,-0.587,24384,0,,0.063,
283626,-0.809,24386,0,,0.063,
283626,-0.951,24388,0,,0.063,
283626,-1,24390,0,,0.063,
283626,-0.951,24392,0,0,0.063,0
283626,-0.809,24394,0,,0.063,
283626,-0.587,24396,0,,0.063,
283626,-0.309,24398,0,,0.063,
283626,0,24400,0,,0.063,
283626,0.309,24402,0,,0.063,
283626,0.587,24404,0,,0.063,
283626,0.809,24406,0,,0.063,
283626,0.951,24408,0,,0.063,
283626,1,24410,0,,0.063,
283626,0.951,24412,0,0,0.063,0
283626,0.809,24414,0,,0.063,
283626,0.587,24416,0,,0.063,
283626,0.309,24418,0,,0.063,
283626,0,24420,0,,0.063,
283626,-0.309,24422,0,,0.063,
283626,-0.587,24424,0,,0.063,
283626,-0.809,24426,0,,0.063,
283626,-0.951,24428,0,,0.063,
283626,-1,24430,0,,0.063,
283626,-0.951,24432,0,0,0.063,0
283626,-0.809,24434,0,,0.063,
283626,-0.587,24436,0,,0.063,
283626,-0.309,24438,0,,0.063,
283626,0,24440,0,,0.063,
283626,0.309,24442,0,,0.063,
283626,0.587,24444,0,,0.063,
283626,0.809,24446,0,,0.063,
283626,0.951,24448,0,,0.063,
283626,1,24450,0,,0.063,
283626,0.951,24452,0,0,0.063,0
283626,0.809,24454,0,,0.063,
283626,0.587,24456,0,,0.063,
283626,0.309,24458,0,,0.063,
283626,0,24460,0,,0.063,
283626,-0.309,24462,0,,0.063,
283626,-0.587,24464,0,,0.063,
283626,-0.809,24466,0,,0.063,
283626,-0.951,24468,0,,0.063,
283626,-1,24470,0,,0.063,
283626,-0.951,24472,0,0,0.063,0
283626,-0.809,24474,0,,0.063,
283626,-0.587,24476,0,,0.063,
283626,-0.309,24478,0,,0.063,
283626,0,24480,0,,0.063,
283626,0.309,24482,0,,0.063,
283626,0.587,24484,0,,0.063,
283626,0.809,24486,0,,0.063,
283626,0.951,24488,0,,0.063,
283626,1,24490,0,,0.063,
283626,0.951,24492,0,0,0.063,0
283626,0.809,24494,0,,0.063,
283626,0.587,24496,0,,0.063,
283626,0.309,24498,0,,0.063,
283626,0,24500,0,,0.063,
283626,-0.309,24502,0,,0.063,
283626,-0.587,24504,0,,0.063,
283626,-0.809,24506,0,,0.063,
283626,-0.951,24508,0,,0.063,
283626,-1,24510,0,,0.063,
283626,-0.951,24512,0,0,0.063,0
283626,-0.809,24514,0,,0.063,
283626,-0.587,24516,0,,0.063,
283626,-0.309,24518,0,,0.063,
283626,0,24520,0,,0.063,
283626,0.309,24522,0,,0.063,
283626,0.587,24524,0,,0.063,
283626,0.809,24526,0,,0.063,
283626,0.951,24528,0,,0.063,
283626,1,24530,0,,0.063,
283626,0.951,24532,0,0,0.063,0
283626,0.809,24534,0,,0.063,
283626,0.587,24536,0,,0.063,
283626,0.309,24538,0,,0.063,
283626,0,24540,0,,0.063,
283626,-0.309,24542,0,,0.063,
283626,-0.587,24544,0,,0.063,
283626,-0.809,24546,0,,0.063,
283626,-0.951,24548,0,,0.063,
283626,-1,24550,0,,0.063,
283626,-0.951,24552,0,0,0.063,0
283626,-0.809,24554,0,,0.063,
283626,-0.587,24556,0,,0.063,
283626,-0.309,24558,0,,0.063,
283626,0,24560,0,,0.063,
283626,0.309,24562,0,,0.063,
283626,0.587,24564,0,,0.063,
283626,0.809,24566,0,,0.063,
283626,0.951,24568,0,,0.063,
283626,1,24570,0,,0.063,
283626,0.951,24572,0,0,0.063,0
283626,0.809,24574,0,,0.063,
283626,0.587,24576,0,,0.063,
283626,0.309,24578,0,,0.063,
283626,0,24580,0,,0.063,
283626,-0.309,24582,0,,0.063,
283626,-0.587,24584,0,,0.063,
283626,-0.809,24586,0,,0.063,
283626,-0.951,24588,0,,0.063,
283626,-1,24590,0,,0.063,
283626,-0.951,24592,0,0,0.063,0
283626,-0.809,24594,0,,0.063,
283626,-0.587,24596,0,,0.063,
283626,-0.309,24598,0,,0.063,
283626,0,24600,0,,0.063,
283626,0.309,24602,0,,0.063,
283626,0.587,24604,0,,0.063,
283626,0.809,24606,0,,0.063,
283626,0.951,24608,0,,0.063,
283626,1,24610,0,,0.063,
283626,0.951,24612,0,0,0.063,0
283626,0.809,24614,0,,0.063,
283626,0.587,24616,0,,0.063,
283626,0.309,24618,0,,0.063,
283626,0,24620,0,,0.063,
283626,-0.309,24622,0,,0.063,
283626,-0.587,24624,0,,0.063,
283626,-0.809,24626,0,,0.063,
283626,-0.951,24628,0,,0.063,
283626,-1,24630,0,,0.063,
283626,-0.951,24632,0,0,0.063,0
283626,-0.809,24634,0,,0.063,
283626,-0.587,24636,0,,0.063,
283626,-0.309,24638,0,,0.063,
283626,0,24640,0,,0.063,
283626,0.309,24642,0,,0.063,
283626,0.587,24644,0,,0.063,
283626,0.809,24646,0,,0.063,
283626,0.951,24648,0,,0.063,
283626,1,24650,0,,0.063,
283626,0.951,24652,0,0,0.063,0
283626,0.809,24654,0,,0.063,
283626,0.587,24656,0,,0.063,
283626,0.309,24658,0,,0.063,
283626,0,24660,0,,0.063,
283626,-0.309,24662,0,,0.063,
283626,-0.587,24664,0,,0.063,
283626,-0.809,24666,0,,0.063,
283626,-0.951,24668,0,,0.063,
283626,-1,24670,0,,0.063,
283626,-0.951,24672,0,0,0.063,0
283626,-0.809,24674,0,,0.063,
283626,-0.587,24676,0,,0.063,
283626,-0.309,24678,0,,0.063,
283626,0,24680,0,,0.063,
283626,0.309,24682,0,,0.063,
283626,0.587,24684,0,,0.063,
283626,0.809,24686,0,,0.063,
283626,0.951,24688,0,,0.063,
283626,1,24690,0,,0.063,
283626,0.951,24692,0,0,0.063,0
283626,0.809,24694,0,,0.063,
283626,0.587,24696,0,,0.063,
283626,0.309,24698,0,,0.063,
283626,0,24700,0,,0.063,
283626,-0.309,24702,0,,0.063,
283626,-0.587,24704,0,,0.063,
283626,-0.809,24706,0,,0.063,
283626,-0.951,24708,0,,0.063,
283626,-1,24710,0,,0.063,
283626,-0.951,24712,0,0,0.063,0
283626,-0.809,24714,0,,0.063,
283626,-0.587,24716,0,,0.063,
283626,-0.309,24718,0,,0.063,
283626,0,24720,0,,0.063,
283626,0.309,24722,0,,0.063,
283626,0.587,24724,0,,0.063,
283626,0.809,24726,0,,0.063,
283626,0.951,24728,0,,0.063,
283626,1,24730,0,,0.063,
283626,0.951,24732,0,0,0.063,0
283626,0.809,24734,0,,0.063,
283626,0.587,24736,0,,0.063,
283626,0.309,24738,0,,0.063,
283626,0,24740,0,,0.063,
283626,-0.309,24742,0,,0.063,
283626,-0.587,24744,0,,0.063,
283626,-0.809,24746,0,,0.063,
283626,-0.951,24748,0,,0.063,
283626,-1,24750,0,,0.063,
283626,-0.951,24752,0,0,0.063,0
283626,-0.809,24754,0,,0.063,
283626,-0.587,24756,0,,0.063,
283626,-0.309,24758,0,,0.063,
283626,0,24760,0,,0.063,
283626,0.309,24762,0,,0.063,
283626,0.587,24764,0,,0.063,
283626,0.809,24766,0,,0.063,
283626,0.951,24768,0,,0.063,
283626,1,24770,0,,0.063,
283626,0.951,24772,0,0,0.063,0
283626,0.809,24774,0,,0.063,
283626,0.587,24776,0,,0.063,
283626,0.309,24778,0,,0.063,
283626,0,24780,0,,0.063,
283626,-0.309,24782,0,,0.063,
283626,-0.587,24784,0,,0.063,
283626,-0.809,24786,0,,0.063,
283626,-0.951,24788,0,,0.063,
283626,-1,24790,0,,0.063,
283626,-0.951,24792,0,0,0.063,0
283626,-0.809,24794,0,,0.063,
283626,-0.587,24796,0,,0.063,
283626,-0.309,24798,0,,0.063,
283626,0,24800,0,,0.063,
283626,0.309,24802,0,,0.063,
283626,0.587,24804,0,,0.063,
283626,0.809,24806,0,,0.063,
283626,0.951,24808,0,,0.063,
283626,1,24810,0,,0.063,
283626,0.951,24812,0,0,0.063,0
283626,0.809,24814,0,,0.063,
283626,0.587,24816,0,,0.063,
283626,0.309,24818,0,,0.063,
283626,0,24820,0,,0.063,
283626,-0.309,24822,0,,0.063,
283626,-0.587,24824,0,,0.063,
283626,-0.809,24826,0,,0.063,
283626,-0.951,24828,0,,0.063,
283626,-1,24830,0,,0.063,
283626,-0.951,24832,0,0,0.063,0
283626,-0.809,24834,0,,0.063,
283626,-0.587,24836,0,,0.063,
283626,-0.309,24838,0,,0.063,
283626,0,24840,0,,0.063,
283626,0.309,24842,0,,0.063,
283626,0.587,24844,0,,0.063,
283626,0.809,24846,0,,0.063,
283626,0.951,24848,0,,0.063,
283626,1,24850,0,,0.063,
283626,0.951,24852,0,0,0.063,0
283626,0.809,24854,0,,0.063,
283626,0.587,24856,0,,0.063,
283626,0.309,24858,0,,0.063,
283626,0,24860,0,,0.063,
283626,-0.309,24862,0,,0.063,
283626,-0.587,24864,0,,0.063,
283626,-0.809,24866,0,,0.063,
283626,-0.951,24868,0,,0.063,
283626,-1,24870,0,,0.063,
283626,-0.951,24872,0,0,0.063,0
283626,-0.809,24874,0,,0.063,
283626,-0.587,24876,0,,0.063,
283626,-0.309,24878,0,,0.063,
283626,0,24880,0,,0.063,
283626,0.309,24882,0,,0.063,
283626,0.587,24884,0,,0.063,
283626,0.809,24886,0,,0.063,
283626,0.951,24888,0,,0.063,
283626,1,24890,0,,0.063,
283626,0.951,24892,0,0,0.063,0
283626,0.809,24894,0,,0.063,
283626,0.587,24896,0,,0.063,
283626,0.309,24898,0,,0.063,
283626,0,24900,0,,0.063,
283626,-0.309,24902,0,,0.063,
283626,-0.587,24904,0,,0.063,
283626,-0.809,24906,0,,0.063,
283626,-0.951,24908,0,,0.063,
283626,-1,24910,0,,0.063,
283626,-0.951,24912,0,0,0.063,0
283626,-0.809,24914,0,,0.063,
283626,-0.587,24916,0,,0.063,
283626,-0.309,24918,0,,0.063,
283626,0,24920,0,,0.063,
283626,0.309,24922,0,,0.063,
283626,0.587,24924,0,,0.063,
283626,0.809,24926,0,,0.063,
283626,0.951,24928,0,,0.063,
283626,1,24930,0,,0.063,
283626,0.951,24932,0,0,0.063,0
283626,0.809,24934,0,,0.063,
283626,0.587,24936,0,,0.063,
283626,0.309,24938,0,,0.063,
283626,0,24940,0,,0.063,
283626,-0.309,24942,0,,0.063,
283626,-0.587,24944,0,,0.063,
283626,-0.809,24946,0,,0.063,
283626,-0.951,24948,0,,0.063,
283626,-1,24950,0,,0.063,
283626,-0.951,24952,0,0,0.063,0
283626,-0.809,24954,0,,0.063,
283626,-0.587,24956,0,,0.063,
283626,-0.309,24958,0,,0.063,
283626,0,24960,0,,0.063,
283626,0.309,24962,0,,0.063,
283626,0.587,24964,0,,0.063,
283626,0.809,24966,0,,0.063,
283626,0.951,24968,0,,0.063,
283626,1,24970,0,,0.063,
283626,0.951,24972,0,0,0.063,0
283626,0.809,24974,0,,0.063,
283626,0.587,24976,0,,0.063,
283626,0.309,24978,0,,0.063,
283626,0,24980,0,,0.063,
283626,-0.309,24982,0,,0.063,
283626,-0.587,24984,0,,0.063,
283626,-0.809,24986,0,,0.063,
283626,-0.951,24988,0,,0.063,
283626,-1,24990,0,,0.063,
283626,-0.951,24992,0,0,0.063,0
283626,-0.809,24994,0,,0.063,
283626,-0.587,24996,0,,0.063,
283626,-0.309,24998,0,,0.063,
283626,0,25000,0,,0.063,
283626,0.309,25002,0,,0.063,
283626,0.587,25004,0,,0.063,
283626,0.809,25006,0,,0.063,
283626,0.951,25008,0,,0.063,
283626,1,25010,0,,0.063,
283626,0.951,25012,0,0,0.063,0
283626,0.809,25014,0,,0.063,
283626,0.587,25016,0,,0.063,
283626,0.309,25018,0,,0.063,
283626,0,25020,0,,0.063,
283626,-0.309,25022,0,,0.063,
283626,-0.587,25024,0,,0.063,
283626,-0.809,25026,0,,0.063,
283626,-0.951,25028,0,,0.063,
283626,-1,25030,0,,0.063,
283626,-0.951,25032,0,0,0.063,0
283626,-0.809,25034,0,,0.063,
283626,-0.587,25036,0,,0.063,
283626,-0.309,25038,0,,0.063,
283626,0,25040,0,,0.063,
283626,0.309,25042,0,,0.063,
283626,0.587,25044,0,,0.063,
283626,0.809,25046,0,,0.063,
283626,0.951,25048,0,,0.063,
283626,1,25050,0,,0.063,
283626,0.951,25052,0,0,0.063,0
283626,0.809,25054,0,,0.063,
283626,0.587,25056,0,,0.063,
283626,0.309,25058,0,,0.063,
283626,0,25060,0,,0.063,
283626,-0.309,25062,0,,0.063,
283626,-0.587,25064,0,,0.063,
283626,-0.809,25066,0,,0.063,
283626,-0.951,25068,0,,0.063,
283626,-1,25070,0,,0.063,
283626,-0.951,25072,0,0,0.063,0
283626,-0.809,25074,0,,0.063,
283626,-0.587,25076,0,,0.063,
283626,-0.309,25078,0,,0.063,
283626,0,25080,0,,0.063,
283626,0.309,25082,0,,0.063,
283626,0.587,25084,0,,0.063,
283626,0.809,25086,0,,0.063,
283626,0.951,25088,0,,0.063,
283626,1,25090,0,,0.063,
283626,0.951,25092,0,0,0.063,0
283626,0.809,25094,0,,0.063,
283626,0.587,25096,0,,0.063,
283626,0.309,25098,0,,0.063,
283626,0,25100,0,,0.063,
283626,-0.309,25102,0,,0.063,
283626,-0.587,25104,0,,0.063,
283626,-0.809,25106,0,,0.063,
283626,-0.951,25108,0,,0.063,
283626,-1,25110,0,,0.063,
283626,-0.951,25112,0,0,0.063,0
283626,-0.809,25114,0,,0.063,
283626,-0.587,25116,0,,0.063,
283626,-0.309,25118,0,,0.063,
283626,0,25120,0,,0.063,
283626,0.309,25122,0,,0.063,
283626,0.587,25124,0,,0.063,
283626,0.809,25126,0,,0.063,
283626,0.951,25128,0,,0.063,
283626,1,25130,0,,0.063,
283626,0.951,25132,0,0,0.063,0
283626,0.809,25134,0,,0.063,
283626,0.587,25136,0,,0.063,
283626,0.309,25138,0,,0.063,
283626,0,25140,0,,0.063,
283626,-0.309,25142,0,,0.063,
283626,-0.587,25144,0,,0.063,
283626,-0.809,25146,0,,0.063,
283626,-0.951,25148,0,,0.063,
283626,-1,25150,0,,0.063,
283626,-0.951,25152,0,0,0.063,0
283626,-0.809,25154,0,,0.063,
283626,-0.587,25156,0,,0.063,
283626,-0.309,25158,0,,0.063,
283626,0,25160,0,,0.063,
283626,0.309,25162,0,,0.063,
283626,0.587,25164,0,,0.063,
283626,0.809,25166,0,,0.063,
283626,0.951,25168,0,,0.063,
283626,1,25170,0,,0.063,
283626,0.951,25172,0,0,0.063,0
283626,0.809,25174,0,,0.063,
283626,0.587,25176,0,,0.063,
283626,0.309,25178,0,,0.063,
283626,0,25180,0,,0.063,
283626,-0.309,25182,0,,0.063,
283626,-0.587,25184,0,,0.063,
283626,-0.809,25186,0,,0.063,
283626,-0.951,25188,0,,0.063,
283626,-1,25190,0,,0.063,
283626,-0.951,25192,0,0,0.063,0
283626,-0.809,25194,0,,0.063,
283626,-0.587,25196,0,,0.063,
283626,-0.309,25198,0,,0.063,
283626,0,25200,0,,0.063,
283626,0.309,25202,0,,0.063,
283626,0.587,25204,0,,0.063,
283626,0.809,25206,0,,0.063,
283626,0.951,25208,0,,0.063,
283626,1,25210,0,,0.063,
283626,0.951,25212,0,0,0.063,0
283626,0.809,25214,0,,0.063,
283626,0.587,25216,0,,0.063,
283626,0.309,25218,0,,0.063,
283626,0,25220,0,,0.063,
283626,-0.309,25222,0,,0.063,
283626,-0.587,25224,0,,0.063,
283626,-0.809,25226,0,,0.063,
283626,-0.951,25228,0,,0.063,
283626,-1,25230,0,,0.063,
283626,-0.951,25232,0,0,0.063,0
283626,-0.809,25234,0,,0.063,
283626,-0.587,25236,0,,0.063,
283626,-0.309,25238,0,,0.063,
283626,0,25240,0,,0.063,
283626,0.309,25242,0,,0.063,
283626,0.587,25244,0,,0.063,
283626,0.809,25246,0,,0.063,
283626,0.951,25248,0,,0.063,
283626,1,25250,0,,0.063,
283626,0.951,25252,0,0,0.063,0
283626,0.809,25254,0,,0.063,
283626,0.587,25256,0,,0.063,
283626,0.309,25258,0,,0.063,
283626,0,25260,0,,0.063,
283626,-0.309,25262,0,,0.063,
283626,-0.587,25264,0,,0.063,
283626,-0.809,25266,0,,0.063,
283626,-0.951,25268,0,,0.063,
283626,-1,25270,0,,0.063,
283626,-0.951,25272,0,0,0.063,0
283626,-0.809,25274,0,,0.063,
283626,-0.587,25276,0,,0.063,
283626,-0.309,25278,0,,0.063,
283626,0,25280,0,,0.063,
283626,0.309,25282,0,,0.063,
283626,0.587,25284,0,,0.063,
283626,0.809,25286,0,,0.063,
283626,0.951,25288,0,,0.063,
283626,1,25290,0,,0.063,
283626,0.951,25292,0,0,0.063,0
283626,0.809,25294,0,,0.063,
283626,0.587,25296,0,,0.063,
283626,0.309,25298,0,,0.063,
283626,0,25300,0,,0.063,
283626,-0.309,25302,0,,0.063,
283626,-0.587,25304,0,,0.063,
283626,-0.809,25306,0,,0.063,
283626,-0.951,25308,0,,0.063,
283626,-1,25310,0,,0.063,
283626,-0.951,25312,0,0,0.063,0
283626,-0.809,25314,0,,0.063,
283626,-0.587,25316,0,,0.063,
283626,-0.309,25318,0,,0.063,
283626,0,25320,0,,0.063,
283626,0.309,25322,0,,0.063,
283626,0.587,25324,0,,0.063,
283626,0.809,25326,0,,0.063,
283626,0.951,25328,0,,0.063,
283626,1,25330,0,,0.063,
283626,0.951,25332,0,0,0.063,0
283626,0.809,25334,0,,0.063,
283626,0.587,25336,0,,0.063,
283626,0.309,25338,0,,0.063,
283626,0,25340,0,,0.063,
283626,-0.309,25342,0,,0.063,
283626,-0.587,25344,0,,0.063,
283626,-0.809,25346,0,,0.063,
283626,-0.951,25348,0,,0.063,
283626,-1,25350,0,,0.063,
283626,-0.951,25352,0,0,0.063,0
283626,-0.809,25354,0,,0.063,
283626,-0.587,25356,0,,0.063,
283626,-0.309,25358,0,,0.063,
283626,0,25360,0,,0.063,
283626,0.309,25362,0,,0.063,
283626,0.587,25364,0,,0.063,
283626,0.809,25366,0,,0.063,
283626,0.951,25368,0,,0.063,
283626,1,25370,0,,0.063,
283626,0.951,25372,0,0,0.063,0
283626,0.809,25374,0,,0.063,
283626,0.587,25376,0,,0.063,
283626,0.309,25378,0,,0.063,
283626,0,25380,0,,0.063,
283626,-0.309,25382,0,,0.063,
283626,-0.587,25384,0,,0.063,
283626,-0.809,25386,0,,0.063,
283626,-0.951,25388,0,,0.063,
283626,-1,25390,0,,0.063,
283626,-0.951,25392,0,0,0.063,0
283626,-0.809,25394,0,,0.063,
283626,-0.587,25396,0,,0.063,
283626,-0.309,25398,0,,0.063,
283626,0,25400,0,,0.063,
283626,0.309,25402,0,,0.063,
283626,0.587,25404,0,,0.063,
283626,0.809,25406,0,,0.063,
283626,0.951,25408,0,,0.063,
283626,1,25410,0,,0.063,
283626,0.951,25412,0,0,0.063,0
283626,0.809,25414,0,,0.063,
283626,0.587,25416,0,,0.063,
283626,0.309,25418,0,,0.063,
283626,0,25420,0,,0.063,
283626,-0.309,25422,0,,0.063,
283626,-0.587,25424,0,,0.063,
283626,-0.809,25426,0,,0.063,
283626,-0.951,25428,0,,0.063,
283626,-1,25430,0,,0.063,
283626,-0.951,25432,0,0,0.063,0
283626,-0.809,25434,0,,0.063,
283626,-0.587,25436,0,,0.063,
283626,-0.309,25438,0,,0.063,
283626,0,25440,0,,0.063,
283626,0.309,25442,0,,0.063,
283626,0.587,25444,0,,0.063,
283626,0.809,25446,0,,0.063,
283626,0.951,25448,0,,0.063,
283626,1,25450,0,,0.063,
283626,0.951,25452,0,0,0.063,0
283626,0.809,25454,0,,0.063,
283626,0.587,25456,0,,0.063,
283626,0.309,25458,0,,0.063,
283626,0,25460,0,,0.063,
283626,-0.309,25462,0,,0.063,
283626,-0.587,25464,0,,0.063,
283626,-0.809,25466,0,,0.063,
283626,-0.951,25468,0,,0.063,
283626,-1,25470,0,,0.063,
283626,-0.951,25472,0,0,0.063,0
283626,-0.809,25474,0,,0.063,
283626,-0.587,25476,0,,0.063,
283626,-0.309,25478,0,,0.063,
283626,0,25480,0,,0.063,
283626,0.309,25482,0,,0.063,
283626,0.587,25484,0,,0.063,
283626,0.809,25486,0,,0.063,
283626,0.951,25488,0,,0.063,
283626,1,25490,0,,0.063,
283626,0.951,25492,0,0,0.063,0
283626,0.809,25494,0,,0.063,
283626,0.587,25496,0,,0.063,
283626,0.309,25498,0,,0.063,
283626,0,25500,0,,0.063,
283626,-0.309,25502,0,,0.063,
283626,-0.587,25504,0,,0.063,
283626,-0.809,25506,0,,0.063,
283626,-0.951,25508,0,,0.063,
283626,-1,25510,0,,0.063,
283626,-0.951,25512,0,0,0.063,0
283626,-0.809,25514,0,,0.063,
283626,-0.587,25516,0,,0.063,
283626,-0.309,25518,0,,0.063,
283626,0,25520,0,,0.063,
283626,0.309,25522,0,,0.063,
283626,0.587,25524,0,,0.063,
283626,0.809,25526,0,,0.063,
283626,0.951,25528,0,,0.063,
283626,1,25530,0,,0.063,
283626,0.951,25532,0,0,0.063,0
283626,0.809,25534,0,,0.063,
283626,0.587,25536,0,,0.063,
283626,0.309,25538,0,,0.063,
283626,0,25540,0,,0.063,
283626,-0.309,25542,0,,0.063,
283626,-0.587,25544,0,,0.063,
283626,-0.809,25546,0,,0.063,
283626,-0.951,25548,0,,0.063,
283626,-1,25550,0,,0.063,
283626,-0.951,25552,0,0,0.063,0
283626,-0.809,25554,0,,0.063,
283626,-0.587,25556,0,,0.063,
283626,-0.309,25558,0,,0.063,
283626,0,25560,0,,0.063,
283626,0.309,25562,0,,0.063,
283626,0.587,25564,0,,0.063,
283626,0.809,25566,0,,0.063,
283626,0.951,25568,0,,0.063,
283626,1,25570,0,,0.063,
283626,0.951,25572,0,0,0.063,0
283626,0.809,25574,0,,0.063,
283626,0.587,25576,0,,0.063,
283626,0.309,25578,0,,0.063,
283626,0,25580,0,,0.063,
283626,-0.309,25582,0,,0.063,
283626,-0.587,25584,0,,0.063,
283626,-0.809,25586,0,,0.063,
283626,-0.951,25588,0,,0.063,
283626,-1,25590,0,,0.063,
283626,-0.951,25592,0,0,0.063,0
283626,-0.809,25594,0,,0.063,
283626,-0.587,25596,0,,0.063,
283626,-0.309,25598,0,,0.063,
283626,0,25600,0,,0.063,
283626,0.309,25602,0,,0.063,
283626,0.587,25604,0,,0.063,
283626,0.809,25606,0,,0.063,
283626,0.951,25608,0,,0.063,
283626,1,25610,0,,0.063,
283626,0.951,25612,0,0,0.063,0
283626,0.809,25614,0,,0.063,
283626,0.587,25616,0,,0.063,
283626,0.309,25618,0,,0.063,
283626,0,25620,0,,0.063,
283626,-0.309,25622,0,,0.063,
283626,-0.587,25624,0,,0.063,
283626,-0.809,25626,0,,0.063,
283626,-0.951,25628,0,,0.063,
283626,-1,25630,0,,0.063,
283626,-0.951,25632,0,0,0.063,0
283626,-0.809,25634,0,,0.063,
283626,-0.587,25636,0,,0.063,
283626,-0.309,25638,0,,0.063,
283626,0,25640,0,,0.063,
283626,0.309,25642,0,,0.063,
283626,0.587,25644,0,,0.063,
283626,0.809,25646,0,,0.063,
283626,0.951,25648,0,,0.063,
283626,1,25650,0,,0.063,
283626,0.951,25652,0,0,0.063,0
283626,0.809,25654,0,,0.063,
283626,0.587,25656,0,,0.063,
283626,0.309,25658,0,,0.063,
283626,0,25660,0,,0.063,
283626,-0.309,25662,0,,0.063,
283626,-0.587,25664,0,,0.063,
283626,-0.809,25666,0,,0.063,
283626,-0.951,25668,0,,0.063,
283626,-1,25670,0,,0.063,
283626,-0.951,25672,0,0,0.063,0
283626,-0.809,25674,0,,0.063,
283626,-0.587,25676,0,,0.063,
283626,-0.309,25678,0,,0.063,
283626,0,25680,0,,0.063,
283626,0.309,25682,0,,0.063,
283626,0.587,25684,0,,0.063,
283626,0.809,25686,0,,0.063,
283626,0.951,25688,0,,0.063,
283626,1,25690,0,,0.063,
283626,0.951,25692,0,0,0.063,0
283626,0.809,25694,0,,0.063,
283626,0.587,25696,0,,0.063,
283626,0.309,25698,0,,0.063,
283626,0,25700,0,,0.063,
283626,-0.309,25702,0,,0.063,
283626,-0.587,25704,0,,0.063,
283626,-0.809,25706,0,,0.063,
283626,-0.951,25708,0,,0.063,
283626,-1,25710,0,,0.063,
283626,-0.951,25712,0,0,0.063,0
283626,-0.809,25714,0,,0.063,
283626,-0.587,25716,0,,0.063,
283626,-0.309,25718,0,,0.063,
283626,0,25720,0,,0.063,
283626,0.309,25722,0,,0.063,
283626,0.587,25724,0,,0.063,
283626,0.809,25726,0,,0.063,
283626,0.951,25728,0,,0.063,
283626,1,25730,0,,0.063,
283626,0.951,25732,0,0,0.063,0
283626,0.809,25734,0,,0.063,
283626,0.587,25736,0,,0.063,
283626,0.309,25738,0,,0.063,
283626,0,25740,0,,0.063,
283626,-0.309,25742,0,,0.063,
283626,-0.587,25744,0,,0.063,
283626,-0.809,25746,0,,0.063,
283626,-0.951,25748,0,,0.063,
283626,-1,25750,0,,0.063,
283626,-0.951,25752,0,0,0.063,0
283626,-0.809,25754,0,,0.063,
283626,-0.587,25756,0,,0.063,
283626,-0.309,25758,0,,0.063,
283626,0,25760,0,,0.063,
283626,0.309,25762,0,,0.063,
283626,0.587,25764,0,,0.063,
283626,0.809,25766,0,,0.063,
283626,0.951,25768,0,,0.063,
283626,1,25770,0,,0.063,
283626,0.951,25772,0,0,0.063,0
283626,0.809,25774,0,,0.063,
283626,0.587,25776,0,,0.063,
283626,0.309,25778,0,,0.063,
283626,0,25780,0,,0.063,
283626,-0.309,25782,0,,0.063,
283626,-0.587,25784,0,,0.063,
283626,-0.809,25786,0,,0.063,
283626,-0.951,25788,0,,0.063,
283626,-1,25790,0,,0.063,
283626,-0.951,25792,0,0,0.063,0
283626,-0.809,25794,0,,0.063,
283626,-0.587,25796,0,,0.063,
283626,-0.309,25798,0,,0.063,
283626,0,25800,0,,0.063,
283626,0.309,25802,0,,0.063,
283626,0.587,25804,0,,0.063,
283626,0.809,25806,0,,0.063,
283626,0.951,25808,0,,0.063,
283626,1,25810,0,,0.063,
283626,0.951,25812,0,0,0.063,0
283626,0.809,25814,0,,0.063,
283626,0.587,25816,0,,0.063,
283626,0.309,25818,0,,0.063,
283626,0,25820,0,,0.063,
283626,-0.309,25822,0,,0.063,
283626,-0.587,25824,0,,0.063,
283626,-0.809,25826,0,,0.063,
283626,-0.951,25828,0,,0.063,
283626,-1,25830,0,,0.063,
283626,-0.951,25832,0,0,0.063,0
283626,-0.809,25834,0,,0.063,
283626,-0.587,25836,0,,0.063,
283626,-0.309,25838,0,,0.063,
283626,0,25840,0,,0.063,
283626,0.309,25842,0,,0.063,
283626,0.587,25844,0,,0.063,
283626,0.809,25846,0,,0.063,
283626,0.951,25848,0,,0.063,
283626,1,25850,0,,0.063,
283626,0.951,25852,0,0,0.063,0
283626,0.809,25854,0,,0.063,
283626,0.587,25856,0,,0.063,
283626,0.309,25858,0,,0.063,
283626,0,25860,0,,0.063,
283626,-0.309,25862,0,,0.063,
283626,-0.587,25864,0,,0.063,
283626,-0.809,25866,0,,0.063,
283626,-0.951,25868,0,,0.063,
283626,-1,25870,0,,0.063,
283626,-0.951,25872,0,0,0.063,0
283626,-0.809,25874,0,,0.063,
283626,-0.587,25876,0,,0.063,
283626,-0.309,25878,0,,0.063,
283626,0,25880,0,,0.063,
283626,0.309,25882,0,,0.063,
283626,0.587,25884,0,,0.063,
283626,0.809,25886,0,,0.063,
283626,0.951,25888,0,,0.063,
283626,1,25890,0,,0.063,
283626,0.951,25892,0,0,0.063,0
283626,0.809,25894,0,,0.063,
283626,0.587,25896,0,,0.063,
283626,0.309,25898,0,,0.063,
283626,0,25900,0,,0.063,
283626,-0.309,25902,0,,0.063,
283626,-0.587,25904,0,,0.063,
283626,-0.809,25906,0,,0.063,
283626,-0.951,25908,0,,0.063,
283626,-1,25910,0,,0.063,
283626,-0.951,25912,0,0,0.063,0
283626,-0.809,25914,0,,0.063,
283626,-0.587,25916,0,,0.063,
283626,-0.309,25918,0,,0.063,
283626,0,25920,0,,0.063,
283626,0.309,25922,0,,0.063,
283626,0.587,25924,0,,0.063,
283626,0.809,25926,0,,0.063,
283626,0.951,25928,0,,0.063,
283626,1,25930,0,,0.063,
283626,0.951,25932,0,0,0.063,0
283626,0.809,25934,0,,0.063,
283626,0.587,25936,0,,0.063,
283626,0.309,25938,0,,0.063,
283626,0,25940,0,,0.063,
283626,-0.309,25942,0,,0.063,
283626,-0.587,25944,0,,0.063,
283626,-0.809,25946,0,,0.063,
283626,-0.951,25948,0,,0.063,
283626,-1,25950,0,,0.063,
283626,-0.951,25952,0,0,0.063,0
283626,-0.809,25954,0,,0.063,
283626,-0.587,25956,0,,0.063,
283626,-0.309,25958,0,,0.063,
283626,0,25960,0,,0.063,
283626,0.309,25962,0,,0.063,
283626,0.587,25964,0,,0.063,
283626,0.809,25966,0,,0.063,
283626,0.951,25968,0,,0.063,
283626,1,25970,0,,0.063,
283626,0.951,25972,0,0,0.063,0
283626,0.809,25974,0,,0.063,
283626,0.587,25976,0,,0.063,
283626,0.309,25978,0,,0.063,
283626,0,25980,0,,0.063,
283626,-0.309,25982,0,,0.063,
283626,-0.587,25984,0,,0.063,
283626,-0.809,25986,0,,0.063,
283626,-0.951,25988,0,,0.063,
283626,-1,25990,0,,0.063,
283626,-0.951,25992,0,0,0.063,0
283626,-0.809,25994,0,,0.063,
283626,-0.587,25996,0,,0.063,
283626,-0.309,25998,0,,0.063,
283626,0,26000,0,,0.063,
283626,0.309,26002,0,,0.063,
283626,0.587,26004,0,,0.063,
283626,0.809,26006,0,,0.063,
283626,0.951,26008,0,,0.063,
283626,1,26010,0,,0.063,
283626,0.951,26012,0,0,0.063,0
283626,0.809,26014,0,,0.063,
283626,0.587,26016,0,,0.063,
283626,0.309,26018,0,,0.063,
283626,0,26020,0,,0.063,
283626,-0.309,26022,0,,0.063,
283626,-0.587,26024,0,,0.063,
283626,-0.809,26026,0,,0.063,
283626,-0.951,26028,0,,0.063,
283626,-1,26030,0,,0.063,
283626,-0.951,26032,0,0,0.063,0
283626,-0.809,26034,0,,0.063,
283626,-0.587,26036,0,,0.063,
283626,-0.309,26038,0,,0.063,
283626,0,26040,0,,0.063,
283626,0.309,26042,0,,0.063,
283626,0.587,26044,0,,0.063,
283626,0.809,26046,0,,0.063,
283626,0.951,26048,0,,0.063,
283626,1,26050,0,,0.063,
283626,0.951,26052,0,0,0.063,0
283626,0.809,26054,0,,0.063,
283626,0.587,26056,0,,0.063,
283626,0.309,26058,0,,0.063,
283626,0,26060,0,,0.063,
283626,-0.309,26062,0,,0.063,
283626,-0.587,26064,0,,0.063,
283626,-0.809,26066,0,,0.063,
283626,-0.951,26068,0,,0.063,
283626,-1,26070,0,,0.063,
283626,-0.951,26072,0,0,0.063,0
283626,-0.809,26074,0,,0.063,
283626,-0.587,26076,0,,0.063,
283626,-0.309,26078,0,,0.063,
283626,0,26080,0,,0.063,
283626,0.309,26082,0,,0.063,
283626,0.587,26084,0,,0.063,
283626,0.809,26086,0,,0.063,
283626,0.951,26088,0,,0.063,
283626,1,26090,0,,0.063,
283626,0.951,26092,0,0,0.063,0
283626,0.809,26094,0,,0.063,
283626,0.587,26096,0,,0.063,
283626,0.309,26098,0,,0.063,
283626,0,26100,0,,0.063,
283626,-0.309,26102,0,,0.063,
283626,-0.587,26104,0,,0.063,
283626,-0.809,26106,0,,0.063,
283626,-0.951,26108,0,,0.063,
283626,-1,26110,0,,0.063,
283626,-0.951,26112,0,0,0.063,0
283626,-0.809,26114,0,,0.063,
283626,-0.587,26116,0,,0.063,
283626,-0.309,26118,0,,0.063,
283626,0,26120,0,,0.063,
283626,0.309,26122,0,,0.063,
283626,0.587,26124,0,,0.063,
283626,0.809,26126,0,,0.063,
283626,0.951,26128,0,,0.063,
283626,1,26130,0,,0.063,
283626,0.951,26132,0,0,0.063,0
283626,0.809,26134,0,,0.063,
283626,0.587,26136,0,,0.063,
283626,0.309,26138,0,,0.063,
283626,0,26140,0,,0.063,
283626,-0.309,26142,0,,0.063,
283626,-0.587,26144,0,,0.063,
283626,-0.809,26146,0,,0.063,
283626,-0.951,26148,0,,0.063,
283626,-1,26150,0,,0.063,
283626,-0.951,26152,0,0,0.063,0
283626,-0.809,26154,0,,0.063,
283626,-0.587,26156,0,,0.063,
283626,-0.309,26158,0,,0.063,
283626,0,26160,0,,0.063,
283626,0.309,26162,0,,0.063,
283626,0.587,26164,0,,0.063,
283626,0.809,26166,0,,0.063,
283626,0.951,26168,0,,0.063,
283626,1,26170,0,,0.063,
283626,0.951,26172,0,0,0.063,0
283626,0.809,26174,0,,0.063,
283626,0.587,26176,0,,0.063,
283626,0.309,26178,0,,0.063,
283626,0,26180,0,,0.063,
283626,-0.309,26182,0,,0.063,
283626,-0.587,26184,0,,0.063,
283626,-0.809,26186,0,,0.063,
283626,-0.951,26188,0,,0.063,
283626,-1,26190,0,,0.063,
283626,-0.951,26192,0,0,0.063,0
283626,-0.809,26194,0,,0.063,
283626,-0.587,26196,0,,0.063,
283626,-0.309,26198,0,,0.063,
283626,0,26200,0,,0.063,
283626,0.309,26202,0,,0.063,
283626,0.587,26204,0,,0.063,
283626,0.809,26206,0,,0.063,
283626,0.951,26208,0,,0.063,
283626,1,26210,0,,0.063,
283626,0.951,26212,0,0,0.063,0
283626,0.809,26214,0,,0.063,
283626,0.587,26216,0,,0.063,
283626,0.309,26218,0,,0.063,
283626,0,26220,0,,0.063,
283626,-0.309,26222,0,,0.063,
283626,-0.587,26224,0,,0.063,
283626,-0.809,26226,0,,0.063,
283626,-0.951,26228,0,,0.063,
283626,-1,26230,0,,0.063,
283626,-0.951,26232,0,0,0.063,0
283626,-0.809,26234,0,,0.063,
283626,-0.587,26236,0,,0.063,
283626,-0.309,26238,0,,0.063,
283626,0,26240,0,,0.063,
283626,0.309,26242,0,,0.063,
283626,0.587,26244,0,,0.063,
283626,0.809,26246,0,,0.063,
283626,0.951,26248,0,,0.063,
283626,1,26250,0,,0.063,
283626,0.951,26252,0,0,0.063,0
283626,0.809,26254,0,,0.063,
283626,0.587,26256,0,,0.063,
283626,0.309,26258,0,,0.063,
283626,0,26260,0,,0.063,
283626,-0.309,26262,0,,0.063,
283626,-0.587,26264,0,,0.063,
283626,-0.809,26266,0,,0.063,
283626,-0.951,26268,0,,0.063,
283626,-1,26270,0,,0.063,
283626,-0.951,26272,0,0,0.063,0
283626,-0.809,26274,0,,0.063,
283626,-0.587,26276,0,,0.063,
283626,-0.309,26278,0,,0.063,
283626,0,26280,0,,0.063,
283626,0.309,26282,0,,0.063,
283626,0.587,26284,0,,0.063,
283626,0.809,26286,0,,0.063,
283626,0.951,26288,0,,0.063,
283626,1,26290,0,,0.063,
283626,0.951,26292,0,0,0.063,0
283626,0.809,26294,0,,0.063,
283626,0.587,26296,0,,0.063,
283626,0.309,26298,0,,0.063,
283626,0,26300,0,,0.063,
283626,-0.309,26302,0,,0.063,
283626,-0.587,26304,0,,0.063,
283626,-0.809,26306,0,,0.063,
283626,-0.951,26308,0,,0.063,
283626,-1,26310,0,,0.063,
283626,-0.951,26312,0,0,0.063,0
283626,-0.809,26314,0,,0.063,
283626,-0.587,26316,0,,0.063,
283626,-0.309,26318,0,,0.063,
283626,0,26320,0,,0.063,
283626,0.309,26322,0,,0.063,
283626,0.587,26324,0,,0.063,
283626,0.809,26326,0,,0.063,
283626,0.951,26328,0,,0.063,
283626,1,26330,0,,0.063,
283626,0.951,26332,0,0,0.063,0
283626,0.809,26334,0,,0.063,
283626,0.587,26336,0,,0.063,
283626,0.309,26338,0,,0.063,
283626,0,26340,0,,0.063,
283626,-0.309,26342,0,,0.063,
283626,-0.587,26344,0,,0.063,
283626,-0.809,26346,0,,0.063,
283626,-0.951,26348,0,,0.063,
283626,-1,26350,0,,0.063,
283626,-0.951,26352,0,0,0.063,0
283626,-0.809,26354,0,,0.063,
283626,-0.587,26356,0,,0.063,
283626,-0.309,26358,0,,0.063,
283626,0,26360,0,,0.063,
283626,0.309,26362,0,,0.063,
283626,0.587,26364,0,,0.063,
283626,0.809,26366,0,,0.063,
283626,0.951,26368,0,,0.063,
283626,1,26370,0,,0.063,
283626,0.951,26372,0,0,0.063,0
283626,0.809,26374,0,,0.063,
283626,0.587,26376,0,,0.063,
283626,0.309,26378,0,,0.063,
283626,0,26380,0,,0.063,
283626,-0.309,26382,0,,0.063,
283626,-0.587,26384,0,,0.063,
283626,-0.809,26386,0,,0.063,
283626,-0.951,26388,0,,0.063,
283626,-1,26390,0,,0.063,
283626,-0.951,26392,0,0,0.063,0
283626,-0.809,26394,0,,0.063,
283626,-0.587,26396,0,,0.063,
283626,-0.309,26398,0,,0.063,
283626,0,26400,0,,0.063,
283626,0.309,26402,0,,0.063,
283626,0.587,26404,0,,0.063,
283626,0.809,26406,0,,0.063,
283626,0.951,26408,0,,0.063,
283626,1,26410,0,,0.063,
283626,0.951,26412,0,0,0.063,0
283626,0.809,26414,0,,0.063,
283626,0.587,26416,0,,0.063,
283626,0.309,26418,0,,0.063,
283626,0,26420,0,,0.063,
283626,-0.309,26422,0,,0.063,
283626,-0.587,26424,0,,0.063,
283626,-0.809,26426,0,,0.063,
283626,-0.951,26428,0,,0.063,
283626,-1,26430,0,,0.063,
283626,-0.951,26432,0,0,0.063,0
283626,-0.809,26434,0,,0.063,
283626,-0.587,26436,0,,0.063,
283626,-0.309,26438,0,,0.063,
283626,0,26440,0,,0.063,
283626,0.309,26442,0,,0.063,
283626,0.587,26444,0,,0.063,
283626,0.809,26446,0,,0.063,
283626,0.951,26448,0,,0.063,
283626,1,26450,0,,0.063,
283626,0.951,26452,0,0,0.063,0
283626,0.809,26454,0,,0.063,
283626,0.587,26456,0,,0.063,
283626,0.309,26458,0,,0.063,
283626,0,26460,0,,0.063,
283626,-0.309,26462,0,,0.063,
283626,-0.587,26464,0,,0.063,
283626,-0.809,26466,0,,0.063,
283626,-0.951,26468,0,,0.063,
283626,-1,26470,0,,0.063,
283626,-0.951,26472,0,0,0.063,0
283626,-0.809,26474,0,,0.063,
283626,-0.587,26476,0,,0.063,
283626,-0.309,26478,0,,0.063,
283626,0,26480,0,,0.063,
283626,0.309,26482,0,,0.063,
283626,0.587,26484,0,,0.063,
283626,0.809,26486,0,,0.063,
283626,0.951,26488,0,,0.063,
283626,1,26490,0,,0.063,
283626,0.951,26492,0,0,0.063,0
283626,0.809,26494,0,,0.063,
283626,0.587,26496,0,,0.063,
283626,0.309,26498,0,,0.063,
283626,0,26500,0,,0.063,
283626,-0.309,26502,0,,0.063,
283626,-0.587,26504,0,,0.063,
283626,-0.809,26506,0,,0.063,
283626,-0.951,26508,0,,0.063,
283626,-1,26510,0,,0.063,
283626,-0.951,26512,0,0,0.063,0
283626,-0.809,26514,0,,0.063,
283626,-0.587,26516,0,,0.063,
283626,-0.309,26518,0,,0.063,
283626,0,26520,0,,0.063,
283626,0.309,26522,0,,0.063,
283626,0.587,26524,0,,0.063,
283626,0.809,26526,0,,0.063,
283626,0.951,26528,0,,0.063,
283626,1,26530,0,,0.063,
283626,0.951,26532,0,0,0.063,0
283626,0.809,26534,0,,0.063,
283626,0.587,26536,0,,0.063,
283626,0.309,26538,0,,0.063,
283626,0,26540,0,,0.063,
283626,-0.309,26542,0,,0.063,
283626,-0.587,26544,0,,0.063,
283626,-0.809,26546,0,,0.063,
283626,-0.951,26548,0,,0.063,
283626,-1,26550,0,,0.063,
283626,-0.951,26552,0,0,0.063,0
283626,-0.809,26554,0,,0.063,
283626,-0.587,26556,0,,0.063,
283626,-0.309,26558,0,,0.063,
283626,0,26560,0,,0.063,
283626,0.309,26562,0,,0.063,
283626,0.587,26564,0,,0.063,
283626,0.809,26566,0,,0.063,
283626,0.951,26568,0,,0.063,
283626,1,26570,0,,0.063,
283626,0.951,26572,0,0,0.063,0
283626,0.809,26574,0,,0.063,
283626,0.587,26576,0,,0.063,
283626,0.309,26578,0,,0.063,
283626,0,26580,0,,0.063,
283626,-0.309,26582,0,,0.063,
283626,-0.587,26584,0,,0.063,
283626,-0.809,26586,0,,0.063,
283626,-0.951,26588,0,,0.063,
283626,-1,26590,0,,0.063,
283626,-0.951,26592,0,0,0.063,0
283626,-0.809,26594,0,,0.063,
283626,-0.587,26596,0,,0.063,
283626,-0.309,26598,0,,0.063,
283626,0,26600,0,,0.063,
283626,0.309,26602,0,,0.063,
283626,0.587,26604,0,,0.063,
283626,0.809,26606,0,,0.063,
283626,0.951,26608,0,,0.063,
283626,1,26610,0,,0.063,
283626,0.951,26612,0,0,0.063,0
283626,0.809,26614,0,,0.063,
283626,0.587,26616,0,,0.063,
283626,0.309,26618,0,,0.063,
283626,0,26620,0,,0.063,
283626,-0.309,26622,0,,0.063,
283626,-0.587,26624,0,,0.063,
283626,-0.809,26626,0,,0.063,
283626,-0.951,26628,0,,0.063,
283626,-1,26630,0,,0.063,
283626,-0.951,26632,0,0,0.063,0
283626,-0.809,26634,0,,0.063,
283626,-0.587,26636,0,,0.063,
283626,-0.309,26638,0,,0.063,
283626,0,26640,0,,0.063,
283626,0.309,26642,0,,0.063,
283626,0.587,26644,0,,0.063,
283626,0.809,26646,0,,0.063,
283626,0.951,26648,0,,0.063,
283626,1,26650,0,,0.063,
283626,0.951,26652,0,0,0.063,0
283626,0.809,26654,0,,0.063,
283626,0.587,26656,0,,0.063,
283626,0.309,26658,0,,0.063,
283626,0,26660,0,,0.063,
283626,-0.309,26662,0,,0.063,
283626,-0.587,26664,0,,0.063,
283626,-0.809,26666,0,,0.063,
283626,-0.951,26668,0,,0.063,
283626,-1,26670,0,,0.063,
283626,-0.951,26672,0,0,0.063,0
283626,-0.809,26674,0,,0.063,
283626,-0.587,26676,0,,0.063,
283626,-0.309,26678,0,,0.063,
283626,0,26680,0,,0.063,
283626,0.309,26682,0,,0.063,
283626,0.587,26684,0,,0.063,
283626,0.809,26686,0,,0.063,
283626,0.951,26688,0,,0.063,
283626,1,26690,0,,0.063,
283626,0.951,26692,0,0,0.063,0
283626,0.809,26694,0,,0.063,
283626,0.587,26696,0,,0.063,
283626,0.309,26698,0,,0.063,
283626,0,26700,0,,0.063,
283626,-0.309,26702,0,,0.063,
283626,-0.587,26704,0,,0.063,
283626,-0.809,26706,0,,0.063,
283626,-0.951,26708,0,,0.063,
283626,-1,26710,0,,0.063,
283626,-0.951,26712,0,0,0.063,0
283626,-0.809,26714,0,,0.063,
283626,-0.587,26716,0,,0.063,
283626,-0.309,26718,0,,0.063,
283626,0,26720,0,,0.063,
283626,0.309,26722,0,,0.063,
283626,0.587,26724,0,,0.063,
283626,0.809,26726,0,,0.063,
283626,0.951,26728,0,,0.063,
283626,1,26730,0,,0.063,
283626,0.951,26732,0,0,0.063,0
283626,0.809,26734,0,,0.063,
283626,0.587,26736,0,,0.063,
283626,0.309,26738,0,,0.063,
283626,0,26740,0,,0.063,
283626,-0.309,26742,0,,0.063,
283626,-0.587,26744,0,,0.063,
283626,-0.809,26746,0,,0.063,
283626,-0.951,26748,0,,0.063,
283626,-1,26750,0,,0.063,
283626,-0.951,26752,0,0,0.063,0
283626,-0.809,26754,0,,0.063,
283626,-0.587,26756,0,,0.063,
283626,-0.309,26758,0,,0.063,
283626,0,26760,0,,0.063,
283626,0.309,26762,0,,0.063,
283626,0.587,26764,0,,0.063,
283626,0.809,26766,0,,0.063,
283626,0.951,26768,0,,0.063,
283626,1,26770,0,,0.063,
283626,0.951,26772,0,0,0.063,0
283626,0.809,26774,0,,0.063,
283626,0.587,26776,0,,0.063,
283626,0.309,26778,0,,0.063,
283626,0,26780,0,,0.063,
283626,-0.309,26782,0,,0.063,
283626,-0.587,26784,0,,0.063,
283626,-0.809,26786,0,,0.063,
283626,-0.951,26788,0,,0.063,
283626,-1,26790,0,,0.063,
283626,-0.951,26792,0,0,0.063,0
283626,-0.809,26794,0,,0.063,
283626,-0.587,26796,0,,0.063,
283626,-0.309,26798,0,,0.063,
283626,0,26800,0,,0.063,
283626,0.309,26802,0,,0.063,
283626,0.587,26804,0,,0.063,
283626,0.809,26806,0,,0.063,
283626,0.951,26808,0,,0.063,
283626,1,26810,0,,0.063,
283626,0.951,26812,0,0,0.063,0
283626,0.809,26814,0,,0.063,
283626,0.587,26816,0,,0.063,
283626,0.309,26818,0,,0.063,
283626,0,26820,0,,0.063,
283626,-0.309,26822,0,,0.063,
283626,-0.587,26824,0,,0.063,
283626,-0.809,26826,0,,0.063,
283626,-0.951,26828,0,,0.063,
283626,-1,26830,0,,0.063,
283626,-0.951,26832,0,0,0.063,0
283626,-0.809,26834,0,,0.063,
283626,-0.587,26836,0,,0.063,
283626,-0.309,26838,0,,0.063,
283626,0,26840,0,,0.063,
283626,0.309,26842,0,,0.063,
283626,0.587,26844,0,,0.063,
283626,0.809,26846,0,,0.063,
283626,0.951,26848,0,,0.063,
283626,1,26850,0,,0.063,
283626,0.951,26852,0,0,0.063,0
283626,0.809,26854,0,,0.063,
283626,0.587,26856,0,,0.063,
283626,0.309,26858,0,,0.063,
283626,0,26860,0,,0.063,
283626,-0.309,26862,0,,0.063,
283626,-0.587,26864,0,,0.063,
283626,-0.809,26866,0,,0.063,
283626,-0.951,26868,0,,0.063,
283626,-1,26870,0,,0.063,
283626,-0.951,26872,0,0,0.063,0
283626,-0.809,26874,0,,0.063,
283626,-0.587,26876,0,,0.063,
283626,-0.309,26878,0,,0.063,
283626,0,26880,0,,0.063,
283626,0.309,26882,0,,0.063,
283626,0.587,26884,0,,0.063,
283626,0.809,26886,0,,0.063,
283626,0.951,26888,0,,0.063,
283626,1,26890,0,,0.063,
283626,0.951,26892,0,0,0.063,0
283626,0.809,26894,0,,0.063,
283626,0.587,26896,0,,0.063,
283626,0.309,26898,0,,0.063,
283626,0,26900,0,,0.063,
283626,-0.309,26902,0,,0.063,
283626,-0.587,26904,0,,0.063,
283626,-0.809,26906,0,,0.063,
283626,-0.951,26908,0,,0.063,
283626,-1,26910,0,,0.063,
283626,-0.951,26912,0,0,0.063,0
283626,-0.809,26914,0,,0.063,
283626,-0.587,26916,0,,0.063,
283626,-0.309,26918,0,,0.063,
283626,0,26920,0,,0.063,
283626,0.309,26922,0,,0.063,
283626,0.587,26924,0,,0.063,
283626,0.809,26926,0,,0.063,
283626,0.951,26928,0,,0.063,
283626,1,26930,0,,0.063,
283626,0.951,26932,0,0,0.063,0
283626,0.809,26934,0,,0.063,
283626,0.587,26936,0,,0.063,
283626,0.309,26938,0,,0.063,
283626,0,26940,0,,0.063,
283626,-0.309,26942,0,,0.063,
283626,-0.587,26944,0,,0.063,
283626,-0.809,26946,0,,0.063,
283626,-0.951,26948,0,,0.063,
283626,-1,26950,0,,0.063,
283626,-0.951,26952,0,0,0.063,0
283626,-0.809,26954,0,,0.063,
283626,-0.587,26956,0,,0.063,
283626,-0.309,26958,0,,0.063,
283626,0,26960,0,,0.063,
283626,0.309,26962,0,,0.063,
283626,0.587,26964,0,,0.063,
283626,0.809,26966,0,,0.063,
283626,0.951,26968,0,,0.063,
283626,1,26970,0,,0.063,
283626,0.951,26972,0,0,0.063,0
283626,0.809,26974,0,,0.063,
283626,0.587,26976,0,,0.063,
283626,0.309,26978,0,,0.063,
283626,0,26980,0,,0.063,
283626,-0.309,26982,0,,0.063,
283626,-0.587,26984,0,,0.063,
283626,-0.809,26986,0,,0.063,
283626,-0.951,26988,0,,0.063,
283626,-1,26990,0,,0.063,
283626,-0.951,26992,0,0,0.063,0
283626,-0.809,26994,0,,0.063,
283626,-0.587,26996,0,,0.063,
283626,-0.309,26998,0,,0.063,
283626,0,27000,0,,0.063,
283626,0.309,27002,0,,0.063,
283626,0.587,27004,0,,0.063,
283626,0.809,27006,0,,0.063,
283626,0.951,27008,0,,0.063,
283626,1,27010,0,,0.063,
283626,0.951,27012,0,0,0.063,0
283626,0.809,27014,0,,0.063,
283626,0.587,27016,0,,0.063,
283626,0.309,27018,0,,0.063,
283626,0,27020,0,,0.063,
283626,-0.309,27022,0,,0.063,
283626,-0.587,27024,0,,0.063,
283626,-0.809,27026,0,,0.063,
283626,-0.951,27028,0,,0.063,
283626,-1,27030,0,,0.063,
283626,-0.951,27032,0,0,0.063,0
283626,-0.809,27034,0,,0.063,
283626,-0.587,27036,0,,0.063,
283626,-0.309,27038,0,,0.063,
283626,0,27040,0,,0.063,
283626,0.309,27042,0,,0.063,
283626,0.587,27044,0,,0.063,
283626,0.809,27046,0,,0.063,
283626,0.951,27048,0,,0.063,
283626,1,27050,0,,0.063,
283626,0.951,27052,0,0,0.063,0
283626,0.809,27054,0,,0.063,
283626,0.587,27056,0,,0.063,
283626,0.309,27058,0,,0.063,
283626,0,27060,0,,0.063,
283626,-0.309,27062,0,,0.063,
283626,-0.587,27064,0,,0.063,
283626,-0.809,27066,0,,0.063,
283626,-0.951,27068,0,,0.063,
283626,-1,27070,0,,0.063,
283626,-0.951,27072,0,0,0.063,0
283626,-0.809,27074,0,,0.063,
283626,-0.587,27076,0,,0.063,
283626,-0.309,27078,0,,0.063,
283626,0,27080,0,,0.063,
283626,0.309,27082,0,,0.063,
283626,0.587,27084,0,,0.063,
283626,0.809,27086,0,,0.063,
283626,0.951,27088,0,,0.063,
283626,1,27090,0,,0.063,
283626,0.951,27092,0,0,0.063,0
283626,0.809,27094,0,,0.063,
283626,0.587,27096,0,,0.063,
283626,0.309,27098,0,,0.063,
283626,0,27100,0,,0.063,
283626,-0.309,27102,0,,0.063,
283626,-0.587,27104,0,,0.063,
283626,-0.809,27106,0,,0.063,
283626,-0.951,27108,0,,0.063,
283626,-1,27110,0,,0.063,
283626,-0.951,27112,0,0,0.063,0
283626,-0.809,27114,0,,0.063,
283626,-0.587,27116,0,,0.063,
283626,-0.309,27118,0,,0.063,
283626,0,27120,0,,0.063,
283626,0.309,27122,0,,0.063,
283626,0.587,27124,0,,0.063,
283626,0.809,27126,0,,0.063,
283626,0.951,27128,0,,0.063,
283626,1,27130,0,,0.063,
283626,0.951,27132,0,0,0.063,0
283626,0.809,27134,0,,0.063,
283626,0.587,27136,0,,0.063,
283626,0.309,27138,0,,0.063,
283626,0,27140,0,,0.063,
283626,-0.309,27142,0,,0.063,
283626,-0.587,27144,0,,0.063,
283626,-0.809,27146,0,,0.063,
283626,-0.951,27148,0,,0.063,
283626,-1,27150,0,,0.063,
283626,-0.951,27152,0,0,0.063,0
283626,-0.809,27154,0,,0.063,
283626,-0.587,27156,0,,0.063,
283626,-0.309,27158,0,,0.063,
283626,0,27160,0,,0.063,
283626,0.309,27162,0,,0.063,
283626,0.587,27164,0,,0.063,
283626,0.809,27166,0,,0.063,
283626,0.951,27168,0,,0.063,
283626,1,27170,0,,0.063,
283626,0.951,27172,0,0,0.063,0
283626,0.809,27174,0,,0.063,
283626,0.587,27176,0,,0.063,
283626,0.309,27178,0,,0.063,
283626,0,27180,0,,0.063,
283626,-0.309,27182,0,,0.063,
283626,-0.587,27184,0,,0.063,
283626,-0.809,27186,0,,0.063,
283626,-0.951,27188,0,,0.063,
283626,-1,27190,0,,0.063,
283626,-0.951,27192,0,0,0.063,0
283626,-0.809,27194,0,,0.063,
283626,-0.587,27196,0,,0.063,
283626,-0.309,27198,0,,0.063,
283626,0,27200,0,,0.063,
283626,0.309,27202,0,,0.063,
283626,0.587,27204,0,,0.063,
283626,0.809,27206,0,,0.063,
283626,0.951,27208,0,,0.063,
283626,1,27210,0,,0.063,
283626,0.951,27212,0,0,0.063,0
283626,0.809,27214,0,,0.063,
283626,0.587,27216,0,,0.063,
283626,0.309,27218,0,,0.063,
283626,0,27220,0,,0.063,
283626,-0.309,27222,0,,0.063,
283626,-0.587,27224,0,,0.063,
283626,-0.809,27226,0,,0.063,
283626,-0.951,27228,0,,0.063,
283626,-1,27230,0,,0.063,
283626,-0.951,27232,0,0,0.063,0
283626,-0.809,27234,0,,0.063,
283626,-0.587,27236,0,,0.063,
283626,-0.309,27238,0,,0.063,
283626,0,27240,0,,0.063,
283626,0.309,27242,0,,0.063,
283626,0.587,27244,0,,0.063,
283626,0.809,27246,0,,0.063,
283626,0.951,27248,0,,0.063,
283626,1,27250,0,,0.063,
283626,0.951,27252,0,0,0.063,0
283626,0.809,27254,0,,0.063,
283626,0.587,27256,0,,0.063,
283626,0.309,27258,0,,0.063,
283626,0,27260,0,,0.063,
283626,-0.309,27262,0,,0.063,
283626,-0.587,27264,0,,0.063,
283626,-0.809,27266,0,,0.063,
283626,-0.951,27268,0,,0.063,
283626,-1,27270,0,,0.063,
283626,-0.951,27272,0,0,0.063,0
283626,-0.809,27274,0,,0.063,
283626,-0.587,27276,0,,0.063,
283626,-0.309,27278,0,,0.063,
283626,0,27280,0,,0.063,
283626,0.309,27282,0,,0.063,
283626,0.587,27284,0,,0.063,
283626,0.809,27286,0,,0.063,
283626,0.951,27288,0,,0.063,
283626,1,27290,0,,0.063,
283626,0.951,27292,0,0,0.063,0
283626,0.809,27294,0,,0.063,
283626,0.587,27296,0,,0.063,
283626,0.309,27298,0,,0.063,
283626,0,27300,0,,0.063,
283626,-0.309,27302,0,,0.063,
283626,-0.587,27304,0,,0.063,
283626,-0.809,27306,0,,0.063,
283626,-0.951,27308,0,,0.063,
283626,-1,27310,0,,0.063,
283626,-0.951,27312,0,0,0.063,0
283626,-0.809,27314,0,,0.063,
283626,-0.587,27316,0,,0.063,
283626,-0.309,27318,0,,0.063,
283626,0,27320,0,,0.063,
283626,0.309,27322,0,,0.063,
283626,0.587,27324,0,,0.063,
283626,0.809,27326,0,,0.063,
283626,0.951,27328,0,,0.063,
283626,1,27330,0,,0.063,
283626,0.951,27332,0,0,0.063,0
283626,0.809,27334,0,,0.063,
283626,0.587,27336,0,,0.063,
283626,0.309,27338,0,,0.063,
283626,0,27340,0,,0.063,
283626,-0.309,27342,0,,0.063,
283626,-0.587,27344,0,,0.063,
283626,-0.809,27346,0,,0.063,
283626,-0.951,27348,0,,0.063,
283626,-1,27350,0,,0.063,
283626,-0.951,27352,0,0,0.063,0
283626,-0.809,27354,0,,0.063,
283626,-0.587,27356,0,,0.063,
283626,-0.309,27358,0,,0.063,
283626,0,27360,0,,0.063,
283626,0.309,27362,0,,0.063,
283626,0.587,27364,0,,0.063,
283626,0.809,27366,0,,0.063,
283626,0.951,27368,0,,0.063,
283626,1,27370,0,,0.063,
283626,0.951,27372,0,0,0.063,0
283626,0.809,27374,0,,0.063,
283626,0.587,27376,0,,0.063,
283626,0.309,27378,0,,0.063,
283626,0,27380,0,,0.063,
283626,-0.309,27382,0,,0.063,
283626,-0.587,27384,0,,0.063,
283626,-0.809,27386,0,,0.063,
283626,-0.951,27388,0,,0.063,
283626,-1,27390,0,,0.063,
283626,-0.951,27392,0,0,0.063,0
283626,-0.809,27394,0,,0.063,
283626,-0.587,27396,0,,0.063,
283626,-0.309,27398,0,,0.063,
283626,0,27400,0,,0.063,
283626,0.309,27402,0,,0.063,
283626,0.587,27404,0,,0.063,
283626,0.809,27406,0,,0.063,
283626,0.951,27408,0,,0.063,
283626,1,27410,0,,0.063,
283626,0.951,27412,0,0,0.063,0
283626,0.809,27414,0,,0.063,
283626,0.587,27416,0,,0.063,
283626,0.309,27418,0,,0.063,
283626,0,27420,0,,0.063,
283626,-0.309,27422,0,,0.063,
283626,-0.587,27424,0,,0.063,
283626,-0.809,27426,0,,0.063,
283626,-0.951,27428,0,,0.063,
283626,-1,27430,0,,0.063,
283626,-0.951,27432,0,0,0.063,0
283626,-0.809,27434,0,,0.063,
283626,-0.587,27436,0,,0.063,
283626,-0.309,27438,0,,0.063,
283626,0,27440,0,,0.063,
283626,0.309,27442,0,,0.063,
283626,0.587,27444,0,,0.063,
283626,0.809,27446,0,,0.063,
283626,0.951,27448,0,,0.063,
283626,1,27450,0,,0.063,
283626,0.951,27452,0,0,0.063,0
283626,0.809,27454,0,,0.063,
283626,0.587,27456,0,,0.063,
283626,0.309,27458,0,,0.063,
283626,0,27460,0,,0.063,
283626,-0.309,27462,0,,0.063,
283626,-0.587,27464,0,,0.063,
283626,-0.809,27466,0,,0.063,
283626,-0.951,27468,0,,0.063,
283626,-1,27470,0,,0.063,
283626,-0.951,27472,0,0,0.063,0
283626,-0.809,27474,0,,0.063,
283626,-0.587,27476,0,,0.063,
283626,-0.309,27478,0,,0.063,
283626,0,27480,0,,0.063,
283626,0.309,27482,0,,0.063,
283626,0.587,27484,0,,0.063,
283626,0.809,27486,0,,0.063,
283626,0.951,27488,0,,0.063,
283626,1,27490,0,,0.063,
283626,0.951,27492,0,0,0.063,0
283626,0.809,27494,0,,0.063,
283626,0.587,27496,0,,0.063,
283626,0.309,27498,0,,0.063,
283626,0,27500,0,,0.063,
283626,-0.309,27502,0,,0.063,
283626,-0.587,27504,0,,0.063,
283626,-0.809,27506,0,,0.063,
283626,-0.951,27508,0,,0.063,
283626,-1,27510,0,,0.063,
283626,-0.951,27512,0,0,0.063,0
283626,-0.809,27514,0,,0.063,
283626,-0.587,27516,0,,0.063,
283626,-0.309,27518,0,,0.063,
283626,0,27520,0,,0.063,
283626,0.309,27522,0,,0.063,
283626,0.587,27524,0,,0.063,
283626,0.809,27526,0,,0.063,
283626,0.951,27528,0,,0.063,
283626,1,27530,0,,0.063,
283626,0.951,27532,0,0,0.063,0
283626,0.809,27534,0,,0.063,
283626,0.587,27536,0,,0.063,
283626,0.309,27538,0,,0.063,
283626,0,27540,0,,0.063,
283626,-0.309,27542,0,,0.063,
283626,-0.587,27544,0,,0.063,
283626,-0.809,27546,0,,0.063,
283626,-0.951,27548,0,,0.063,
283626,-1,27550,0,,0.063,
283626,-0.951,27552,0,0,0.063,0
283626,-0.809,27554,0,,0.063,
283626,-0.587,27556,0,,0.063,
283626,-0.309,27558,0,,0.063,
283626,0,27560,0,,0.063,
283626,0.309,27562,0,,0.063,
283626,0.587,27564,0,,0.063,
283626,0.809,27566,0,,0.063,
283626,0.951,27568,0,,0.063,
283626,1,27570,0,,0.063,
283626,0.951,27572,0,0,0.063,0
283626,0.809,27574,0,,0.063,
283626,0.587,27576,0,,0.063,
283626,0.309,27578,0,,0.063,
283626,0,27580,0,,0.063,
283626,-0.309,27582,0,,0.063,
283626,-0.587,27584,0,,0.063,
283626,-0.809,27586,0,,0.063,
283626,-0.951,27588,0,,0.063,
283626,-1,27590,0,,0.063,
283626,-0.951,27592,0,0,0.063,0
283626,-0.809,27594,0,,0.063,
283626,-0.587,27596,0,,0.063,
283626,-0.309,27598,0,,0.063,
283626,0,27600,0,,0.063,
283626,0.309,27602,0,,0.063,
283626,0.587,27604,0,,0.063,
283626,0.809,27606,0,,0.063,
283626,0.951,27608,0,,0.063,
283626,1,27610,0,,0.063,
283626,0.951,27612,0,0,0.063,0
283626,0.809,27614,0,,0.063,
283626,0.587,27616,0,,0.063,
283626,0.309,27618,0,,0.063,
283626,0,27620,0,,0.063,
283626,-0.309,27622,0,,0.063,
283626,-0.587,27624,0,,0.063,
283626,-0.809,27626,0,,0.063,
283626,-0.951,27628,0,,0.063,
283626,-1,27630,0,,0.063,
283626,-0.951,27632,0,0,0.063,0
283626,-0.809,27634,0,,0.063,
283626,-0.587,27636,0,,0.063,
283626,-0.309,27638,0,,0.063,
283626,0,27640,0,,0.063,
283626,0.309,27642,0,,0.063,
283626,0.587,27644,0,,0.063,
283626,0.809,27646,0,,0.063,
283626,0.951,27648,0,,0.063,
283626,1,27650,0,,0.063,
283626,0.951,27652,0,0,0.063,0
283626,0.809,27654,0,,0.063,
283626,0.587,27656,0,,0.063,
283626,0.309,27658,0,,0.063,
283626,0,27660,0,,0.063,
283626,-0.309,27662,0,,0.063,
283626,-0.587,27664,0,,0.063,
283626,-0.809,27666,0,,0.063,
283626,-0.951,27668,0,,0.063,
283626,-1,27670,0,,0.063,
283626,-0.951,27672,0,0,0.063,0
283626,-0.809,27674,0,,0.063,
283626,-0.587,27676,0,,0.063,
283626,-0.309,27678,0,,0.063,
283626,0,27680,0,,0.063,
283626,0.309,27682,0,,0.063,
283626,0.587,27684,0,,0.063,
283626,0.809,27686,0,,0.063,
283626,0.951,27688,0,,0.063,
283626,1,27690,0,,0.063,
283626,0.951,27692,0,0,0.063,0
283626,0.809,27694,0,,0.063,
283626,0.587,27696,0,,0.063,
283626,0.309,27698,0,,0.063,
283626,0,27700,0,,0.063,
283626,-0.309,27702,0,,0.063,
283626,-0.587,27704,0,,0.063,
283626,-0.809,27706,0,,0.063,
283626,-0.951,27708,0,,0.063,
283626,-1,27710,0,,0.063,
283626,-0.951,27712,0,0,0.063,0
283626,-0.809,27714,0,,0.063,
283626,-0.587,27716,0,,0.063,
283626,-0.309,27718,0,,0.063,
283626,0,27720,0,,0.063,
283626,0.309,27722,0,,0.063,
283626,0.587,27724,0,,0.063,
283626,0.809,27726,0,,0.063,
283626,0.951,27728,0,,0.063,
283626,1,27730,0,,0.063,
283626,0.951,27732,0,0,0.063,0
283626,0.809,27734,0,,0.063,
283626,0.587,27736,0,,0.063,
283626,0.309,27738,0,,0.063,
283626,0,27740,0,,0.063,
283626,-0.309,27742,0,,0.063,
283626,-0.587,27744,0,,0.063,
283626,-0.809,27746,0,,0.063,
283626,-0.951,27748,0,,0.063,
283626,-1,27750,0,,0.063,
283626,-0.951,27752,0,0,0.063,0
283626,-0.809,27754,0,,0.063,
283626,-0.587,27756,0,,0.063,
283626,-0.309,27758,0,,0.063,
283626,0,27760,0,,0.063,
283626,0.309,27762,0,,0.063,
283626,0.587,27764,0,,0.063,
283626,0.809,27766,0,,0.063,
283626,0.951,27768,0,,0.063,
283626,1,27770,0,,0.063,
283626,0.951,27772,0,0,0.063,0
283626,0.809,27774,0,,0.063,
283626,0.587,27776,0,,0.063,
283626,0.309,27778,0,,0.063,
283626,0,27780,0,,0.063,
283626,-0.309,27782,0,,0.063,
283626,-0.587,27784,0,,0.063,
283626,-0.809,27786,0,,0.063,
283626,-0.951,27788,0,,0.063,
283626,-1,27790,0,,0.063,
283626,-0.951,27792,0,0,0.063,0
283626,-0.809,27794,0,,0.063,
283626,-0.587,27796,0,,0.063,
283626,-0.309,27798,0,,0.063,
283626,0,27800,0,,0.063,
283626,0.309,27802,0,,0.063,
283626,0.587,27804,0,,0.063,
283626,0.809,27806,0,,0.063,
283626,0.951,27808,0,,0.063,
283626,1,27810,0,,0.063,
283626,0.951,27812,0,0,0.063,0
283626,0.809,27814,0,,0.063,
283626,0.587,27816,0,,0.063,
283626,0.309,27818,0,,0.063,
283626,0,27820,0,,0.063,
283626,-0.309,27822,0,,0.063,
283626,-0.587,27824,0,,0.063,
283626,-0.809,27826,0,,0.063,
283626,-0.951,27828,0,,0.063,
283626,-1,27830,0,,0.063,
283626,-0.951,27832,0,0,0.063,0
283626,-0.809,27834,0,,0.063,
283626,-0.587,27836,0,,0.063,
283626,-0.309,27838,0,,0.063,
283626,0,27840,0,,0.063,
283626,0.309,27842,0,,0.063,
283626,0.587,27844,0,,0.063,
283626,0.809,27846,0,,0.063,
283626,0.951,27848,0,,0.063,
283626,1,27850,0,,0.063,
283626,0.951,27852,0,0,0.063,0
283626,0.809,27854,0,,0.063,
283626,0.587,27856,0,,0.063,
283626,0.309,27858,0,,0.063,
283626,0,27860,0,,0.063,
283626,-0.309,27862,0,,0.063,
283626,-0.587,27864,0,,0.063,
283626,-0.809,27866,0,,0.063,
283626,-0.951,27868,0,,0.063,
283626,-1,27870,0,,0.063,
283626,-0.951,27872,0,0,0.063,0
283626,-0.809,27874,0,,0.063,
283626,-0.587,27876,0,,0.063,
283626,-0.309,27878,0,,0.063,
283626,0,27880,0,,0.063,
283626,0.309,27882,0,,0.063,
283626,0.587,27884,0,,0.063,
283626,0.809,27886,0,,0.063,
283626,0.951,27888,0,,0.063,
283626,1,27890,0,,0.063,
283626,0.951,27892,0,0,0.063,0
283626,0.809,27894,0,,0.063,
283626,0.587,27896,0,,0.063,
283626,0.309,27898,0,,0.063,
283626,0,27900,0,,0.063,
283626,-0.309,27902,0,,0.063,
283626,-0.587,27904,0,,0.063,
283626,-0.809,27906,0,,0.063,
283626,-0.951,27908,0,,0.063,
283626,-1,27910,0,,0.063,
283626,-0.951,27912,0,0,0.063,0
283626,-0.809,27914,0,,0.063,
283626,-0.587,27916,0,,0.063,
283626,-0.309,27918,0,,0.063,
283626,0,27920,0,,0.063,
283626,0.309,27922,0,,0.063,
283626,0.587,27924,0,,0.063,
283626,0.809,27926,0,,0.063,
283626,0.951,27928,0,,0.063,
283626,1,27930,0,,0.063,
283626,0.951,27932,0,0,0.063,0
283626,0.809,27934,0,,0.063,
283626,0.587,27936,0,,0.063,
283626,0.309,27938,0,,0.063,
283626,0,27940,0,,0.063,
283626,-0.309,27942,0,,0.063,
283626,-0.587,27944,0,,0.063,
283626,-0.809,27946,0,,0.063,
283626,-0.951,27948,0,,0.063,
283626,-1,27950,0,,0.063,
283626,-0.951,27952,0,0,0.063,0
283626,-0.809,27954,0,,0.063,
283626,-0.587,27956,0,,0.063,
283626,-0.309,27958,0,,0.063,
283626,0,27960,0,,0.063,
283626,0.309,27962,0,,0.063,
283626,0.587,27964,0,,0.063,
283626,0.809,27966,0,,0.063,
283626,0.951,27968,0,,0.063,
283626,1,27970,0,,0.063,
283626,0.951,27972,0,0,0.063,0
283626,0.809,27974,0,,0.063,
283626,0.587,27976,0,,0.063,
283626,0.309,27978,0,,0.063,
283626,0,27980,0,,0.063,
283626,-0.309,27982,0,,0.063,
283626,-0.587,27984,0,,0.063,
283626,-0.809,27986,0,,0.063,
283626,-0.951,27988,0,,0.063,
283626,-1,27990,0,,0.063,
283626,-0.951,27992,0,0,0.063,0
283626,-0.809,27994,0,,0.063,
283626,-0.587,27996,0,,0.063,
283626,-0.309,27998,0,,0.063,
283626,0,28000,0,,0.063,
283626,0.309,28002,0,,0.063,
283626,0.587,28004,0,,0.063,
283626,0.809,28006,0,,0.063,
283626,0.951,28008,0,,0.063,
283626,1,28010,0,,0.063,
283626,0.951,28012,0,0,0.063,0
283626,0.809,28014,0,,0.063,
283626,0.587,28016,0,,0.063,
283626,0.309,28018,0,,0.063,
283626,0,28020,0,,0.063,
283626,-0.309,28022,0,,0.063,
283626,-0.587,28024,0,,0.063,
283626,-0.809,28026,0,,0.063,
283626,-0.951,28028,0,,0.063,
283626,-1,28030,0,,0.063,
283626,-0.951,28032,0,0,0.063,0
283626,-0.809,28034,0,,0.063,
283626,-0.587,28036,0,,0.063,
283626,-0.309,28038,0,,0.063,
283626,0,28040,0,,0.063,
283626,0.309,28042,0,,0.063,
283626,0.587,28044,0,,0.063,
283626,0.809,28046,0,,0.063,
283626,0.951,28048,0,,0.063,
283626,1,28050,0,,0.063,
283626,0.951,28052,0,0,0.063,0
283626,0.809,28054,0,,0.063,
283626,0.587,28056,0,,0.063,
283626,0.309,28058,0,,0.063,
283626,0,28060,0,,0.063,
283626,-0.309,28062,0,,0.063,
283626,-0.587,28064,0,,0.063,
283626,-0.809,28066,0,,0.063,
283626,-0.951,28068,0,,0.063,
283626,-1,28070,0,,0.063,
283626,-0.951,28072,0,0,0.063,0
283626,-0.809,28074,0,,0.063,
283626,-0.587,28076,0,,0.063,
283626,-0.309,28078,0,,0.063,
283626,0,28080,0,,0.063,
283626,0.309,28082,0,,0.063,
283626,0.587,28084,0,,0.063,
283626,0.809,28086,0,,0.063,
283626,0.951,28088,0,,0.063,
283626,1,28090,0,,0.063,
283626,0.951,28092,0,0,0.063,0
283626,0.809,28094,0,,0.063,
283626,0.587,28096,0,,0.063,
283626,0.309,28098,0,,0.063,
283626,0,28100,0,,0.063,
283626,-0.309,28102,0,,0.063,
283626,-0.587,28104,0,,0.063,
283626,-0.809,28106,0,,0.063,
283626,-0.951,28108,0,,0.063,
283626,-1,28110,0,,0.063,
283626,-0.951,28112,0,0,0.063,0
283626,-0.809,28114,0,,0.063,
283626,-0.587,28116,0,,0.063,
283626,-0.309,28118,0,,0.063,
283626,0,28120,0,,0.063,
283626,0.309,28122,0,,0.063,
283626,0.587,28124,0,,0.063,
283626,0.809,28126,0,,0.063,
283626,0.951,28128,0,,0.063,
283626,1,28130,0,,0.063,
283626,0.951,28132,0,0,0.063,0
283626,0.809,28134,0,,0.063,
283626,0.587,28136,0,,0.063,
283626,0.309,28138,0,,0.063,
283626,0,28140,0,,0.063,
283626,-0.309,28142,0,,0.063,
283626,-0.587,28144,0,,0.063,
283626,-0.809,28146,0,,0.063,
283626,-0.951,28148,0,,0.063,
283626,-1,28150,0,,0.063,
283626,-0.951,28152,0,0,0.063,0
283626,-0.809,28154,0,,0.063,
283626,-0.587,28156,0,,0.063,
283626,-0.309,28158,0,,0.063,
283626,0,28160,0,,0.063,
283626,0.309,28162,0,,0.063,
283626,0.587,28164,0,,0.063,
283626,0.809,28166,0,,0.063,
283626,0.951,28168,0,,0.063,
283626,1,28170,0,,0.063,
283626,0.951,28172,0,0,0.063,0
283626,0.809,28174,0,,0.063,
283626,0.587,28176,0,,0.063,
283626,0.309,28178,0,,0.063,
283626,0,28180,0,,0.063,
283626,-0.309,28182,0,,0.063,
283626,-0.587,28184,0,,0.063,
283626,-0.809,28186,0,,0.063,
283626,-0.951,28188,0,,0.063,
283626,-1,28190,0,,0.063,
283626,-0.951,28192,0,0,0.063,0
283626,-0.809,28194,0,,0.063,
283626,-0.587,28196,0,,0.063,
283626,-0.309,28198,0,,0.063,
283626,0,28200,0,,0.063,
283626,0.309,28202,0,,0.063,
283626,0.587,28204,0,,0.063,
283626,0.809,28206,0,,0.063,
283626,0.951,28208,0,,0.063,
283626,1,28210,0,,0.063,
283626,0.951,28212,0,0,0.063,0
283626,0.809,28214,0,,0.063,
283626,0.587,28216,0,,0.063,
283626,0.309,28218,0,,0.063,
283626,0,28220,0,,0.063,
283626,-0.309,28222,0,,0.063,
283626,-0.587,28224,0,,0.063,
283626,-0.809,28226,0,,0.063,
283626,-0.951,28228,0,,0.063,
283626,-1,28230,0,,0.063,
283626,-0.951,28232,0,0,0.063,0
283626,-0.809,28234,0,,0.063,
283626,-0.587,28236,0,,0.063,
283626,-0.309,28238,0,,0.063,
283626,0,28240,0,,0.063,
283626,0.309,28242,0,,0.063,
283626,0.587,28244,0,,0.063,
283626,0.809,28246,0,,0.063,
283626,0.951,28248,0,,0.063,
283626,1,28250,0,,0.063,
283626,0.951,28252,0,0,0.063,0
283626,0.809,28254,0,,0.063,
283626,0.587,28256,0,,0.063,
283626,0.309,28258,0,,0.063,
283626,0,28260,0,,0.063,
283626,-0.309,28262,0,,0.063,
283626,-0.587,28264,0,,0.063,
283626,-0.809,28266,0,,0.063,
283626,-0.951,28268,0,,0.063,
283626,-1,28270,0,,0.063,
283626,-0.951,28272,0,0,0.063,0
283626,-0.809,28274,0,,0.063,
283626,-0.587,28276,0,,0.063,
283626,-0.309,28278,0,,0.063,
283626,0,28280,0,,0.063,
283626,0.309,28282,0,,0.063,
283626,0.587,28284,0,,0.063,
283626,0.809,28286,0,,0.063,
283626,0.951,28288,0,,0.063,
283626,1,28290,0,,0.063,
283626,0.951,28292,0,0,0.063,0
283626,0.809,28294,0,,0.063,
283626,0.587,28296,0,,0.063,
283626,0.309,28298,0,,0.063,
283626,0,28300,0,,0.063,
283626,-0.309,28302,0,,0.063,
283626,-0.587,28304,0,,0.063,
283626,-0.809,28306,0,,0.063,
283626,-0.951,28308,0,,0.063,
283626,-1,28310,0,,0.063,
283626,-0.951,28312,0,0,0.063,0
283626,-0.809,28314,0,,0.063,
283626,-0.587,28316,0,,0.063,
283626,-0.309,28318,0,,0.063,
283626,0,28320,0,,0.063,
283626,0.309,28322,0,,0.063,
283626,0.587,28324,0,,0.063,
283626,0.809,28326,0,,0.063,
283626,0.951,28328,0,,0.063,
283626,1,28330,0,,0.063,
283626,0.951,28332,0,0,0.063,0
283626,0.809,28334,0,,0.063,
283626,0.587,28336,0,,0.063,
283626,0.309,28338,0,,0.063,
283626,0,28340,0,,0.063,
283626,-0.309,28342,0,,0.063,
283626,-0.587,28344,0,,0.063,
283626,-0.809,28346,0,,0.063,
283626,-0.951,28348,0,,0.063,
283626,-1,28350,0,,0.063,
283626,-0.951,28352,0,0,0.063,0
283626,-0.809,28354,0,,0.063,
283626,-0.587,28356,0,,0.063,
283626,-0.309,28358,0,,0.063,
283626,0,28360,0,,0.063,
283626,0.309,28362,0,,0.063,
283626,0.587,28364,0,,0.063,
283626,0.809,28366,0,,0.063,
283626,0.951,28368,0,,0.063,
283626,1,28370,0,,0.063,
283626,0.951,28372,0,0,0.063,0
283626,0.809,28374,0,,0.063,
283626,0.587,28376,0,,0.063,
283626,0.309,28378,0,,0.063,
283626,0,28380,0,,0.063,
283626,-0.309,28382,0,,0.063,
283626,-0.587,28384,0,,0.063,
283626,-0.809,28386,0,,0.063,
283626,-0.951,28388,0,,0.063,
283626,-1,28390,0,,0.063,
283626,-0.951,28392,0,0,0.063,0
283626,-0.809,28394,0,,0.063,
283626,-0.587,28396,0,,0.063,
283626,-0.309,28398,0,,0.063,
283626,0,28400,0,,0.063,
283626,0.309,28402,0,,0.063,
283626,0.587,28404,0,,0.063,
283626,0.809,28406,0,,0.063,
283626,0.951,28408,0,,0.063,
283626,1,28410,0,,0.063,
283626,0.951,28412,0,0,0.063,0
283626,0.809,28414,0,,0.063,
283626,0.587,28416,0,,0.063,
283626,0.309,28418,0,,0.063,
283626,0,28420,0,,0.063,
283626,-0.309,28422,0,,0.063,
283626,-0.587,28424,0,,0.063,
283626,-0.809,28426,0,,0.063,
283626,-0.951,28428,0,,0.063,
283626,-1,28430,0,,0.063,
283626,-0.951,28432,0,0,0.063,0
283626,-0.809,28434,0,,0.063,
283626,-0.587,28436,0,,0.063,
283626,-0.309,28438,0,,0.063,
283626,0,28440,0,,0.063,
283626,0.309,28442,0,,0.063,
283626,0.587,28444,0,,0.063,
283626,0.809,28446,0,,0.063,
283626,0.951,28448,0,,0.063,
283626,1,28450,0,,0.063,
283626,0.951,28452,0,0,0.063,0
283626,0.809,28454,0,,0.063,
283626,0.587,28456,0,,0.063,
283626,0.309,28458,0,,0.063,
283626,0,28460,0,,0.063,
283626,-0.309,28462,0,,0.063,
283626,-0.587,28464,0,,0.063,
283626,-0.809,28466,0,,0.063,
283626,-0.951,28468,0,,0.063,
283626,-1,28470,0,,0.063,
283626,-0.951,28472,0,0,0.063,0
283626,-0.809,28474,0,,0.063,
283626,-0.587,28476,0,,0.063,
283626,-0.309,28478,0,,0.063,
283626,0,28480,0,,0.063,
283626,0.309,28482,0,,0.063,
283626,0.587,28484,0,,0.063,
283626,0.809,28486,0,,0.063,
283626,0.951,28488,0,,0.063,
283626,1,28490,0,,0.063,
283626,0.951,28492,0,0,0.063,0
283626,0.809,28494,0,,0.063,
283626,0.587,28496,0,,0.063,
283626,0.309,28498,0,,0.063,
283626,0,28500,0,,0.063,
283626,-0.309,28502,0,,0.063,
283626,-0.587,28504,0,,0.063,
283626,-0.809,28506,0,,0.063,
283626,-0.951,28508,0,,0.063,
283626,-1,28510,0,,0.063,
283626,-0.951,28512,0,0,0.063,0
283626,-0.809,28514,0,,0.063,
283626,-0.587,28516,0,,0.063,
283626,-0.309,28518,0,,0.063,
283626,0,28520,0,,0.063,
283626,0.309,28522,0,,0.063,
283626,0.587,28524,0,,0.063,
283626,0.809,28526,0,,0.063,
283626,0.951,28528,0,,0.063,
283626,1,28530,0,,0.063,
283626,0.951,28532,0,0,0.063,0
283626,0.809,28534,0,,0.063,
283626,0.587,28536,0,,0.063,
283626,0.309,28538,0,,0.063,
283626,0,28540,0,,0.063,
283626,-0.309,28542,0,,0.063,
283626,-0.587,28544,0,,0.063,
283626,-0.809,28546,0,,0.063,
283626,-0.951,28548,0,,0.063,
283626,-1,28550,0,,0.063,
283626,-0.951,28552,0,0,0.063,0
283626,-0.809,28554,0,,0.063,
283626,-0.587,28556,0,,0.063,
283626,-0.309,28558,0,,0.063,
283626,0,28560,0,,0.063,
283626,0.309,28562,0,,0.063,
283626,0.587,28564,0,,0.063,
283626,0.809,28566,0,,0.063,
283626,0.951,28568,0,,0.063,
283626,1,28570,0,,0.063,
283626,0.951,28572,0,0,0.063,0
283626,0.809,28574,0,,0.063,
283626,0.587,28576,0,,0.063,
283626,0.309,28578,0,,0.063,
283626,0,28580,0,,0.063,
283626,-0.309,28582,0,,0.063,
283626,-0.587,28584,0,,0.063,
283626,-0.809,28586,0,,0.063,
283626,-0.951,28588,0,,0.063,
283626,-1,28590,0,,0.063,
283626,-0.951,28592,0,0,0.063,0
283626,-0.809,28594,0,,0.063,
283626,-0.587,28596,0,,0.063,
283626,-0.309,28598,0,,0.063,
283626,0,28600,0,,0.063,
283626,0.309,28602,0,,0.063,
283626,0.587,28604,0,,0.063,
283626,0.809,28606,0,,0.063,
283626,0.951,28608,0,,0.063,
283626,1,28610,0,,0.063,
283626,0.951,28612,0,0,0.063,0
283626,0.809,28614,0,,0.063,
283626,0.587,28616,0,,0.063,
283626,0.309,28618,0,,0.063,
283626,0,28620,0,,0.063,
283626,-0.309,28622,0,,0.063,
283626,-0.587,28624,0,,0.063,
283626,-0.809,28626,0,,0.063,
283626,-0.951,28628,0,,0.063,
283626,-1,28630,0,,0.063,
283626,-0.951,28632,0,0,0.063,0
283626,-0.809,28634,0,,0.063,
283626,-0.587,28636,0,,0.063,
283626,-0.309,28638,0,,0.063,
283626,0,28640,0,,0.063,
283626,0.309,28642,0,,0.063,
283626,0.587,28644,0,,0.063,
283626,0.809,28646,0,,0.063,
283626,0.951,28648,0,,0.063,
283626,1,28650,0,,0.063,
283626,0.951,28652,0,0,0.063,0
283626,0.809,28654,0,,0.063,
283626,0.587,28656,0,,0.063,
283626,0.309,28658,0,,0.063,
283626,0,28660,0,,0.063,
283626,-0.309,28662,0,,0.063,
283626,-0.587,28664,0,,0.063,
283626,-0.809,28666,0,,0.063,
283626,-0.951,28668,0,,0.063,
283626,-1,28670,0,,0.063,
283626,-0.951,28672,0,0,0.063,0
283626,-0.809,28674,0,,0.063,
283626,-0.587,28676,0,,0.063,
283626,-0.309,28678,0,,0.063,
283626,0,28680,0,,0.063,
283626,0.309,28682,0,,0.063,
283626,0.587,28684,0,,0.063,
283626,0.809,28686,0,,0.063,
283626,0.951,28688,0,,0.063,
283626,1,28690,0,,0.063,
283626,0.951,28692,0,0,0.063,0
283626,0.809,28694,0,,0.063,
283626,0.587,28696,0,,0.063,
283626,0.309,28698,0,,0.063,
283627,0,28700,0,,0.063,
283627,-0.309,28702,0,,0.063,
283627,-0.587,28704,0,,0.063,
283627,-0.809,28706,0,,0.063,
283627,-0.951,28708,0,,0.063,
283626,-1,28710,0,,0.063,
283626,-0.951,28712,0,0,0.063,0
283626,-0.809,28714,0,,0.063,
283626,-0.587,28716,0,,0.063,
283626,-0.309,28718,0,,0.063,
283626,0,28720,0,,0.063,
283626,0.309,28722,0,,0.063,
283626,0.587,28724,0,,0.063,
283626,0.809,28726,0,,0.063,
283626,0.951,28728,0,,0.063,
283626,1,28730,0,,0.063,
283626,0.951,28732,0,0,0.063,0
283626,0.809,28734,0,,0.063,
283626,0.587,28736,0,,0.063,
283626,0.309,28738,0,,0.063,
283626,0,28740,0,,0.063,
283626,-0.309,28742,0,,0.063,
283626,-0.587,28744,0,,0.063,
283626,-0.809,28746,0,,0.063,
283626,-0.951,28748,0,,0.063,
283626,-1,28750,0,,0.063,
283626,-0.951,28752,0,0,0.063,0
283626,-0.809,28754,0,,0.063,
283626,-0.587,28756,0,,0.063,
283626,-0.309,28758,0,,0.063,
283626,0,28760,0,,0.063,
283626,0.309,28762,0,,0.063,
283626,0.587,28764,0,,0.063,
283626,0.809,28766,0,,0.063,
283626,0.951,28768,0,,0.063,
283626,1,28770,0,,0.063,
283626,0.951,28772,0,0,0.063,0
283626,0.809,28774,0,,0.063,
283626,0.587,28776,0,,0.063,
283626,0.309,28778,0,,0.063,
283626,0,28780,0,,0.063,
283626,-0.309,28782,0,,0.063,
283626,-0.587,28784,0,,0.063,
283626,-0.809,28786,0,,0.063,
283626,-0.951,28788,0,,0.063,
283626,-1,28790,0,,0.063,
283626,-0.951,28792,0,0,0.063,0
283626,-0.809,28794,0,,0.063,
283626,-0.587,28796,0,,0.063,
283626,-0.309,28798,0,,0.063,
283626,0,28800,0,,0.063,
283626,0.309,28802,0,,0.063,
283626,0.587,28804,0,,0.063,
283626,0.809,28806,0,,0.063,
283626,0.951,28808,0,,0.063,
283626,1,28810,0,,0.063,
283626,0.951,28812,0,0,0.063,0
283626,0.809,28814,0,,0.063,
283626,0.587,28816,0,,0.063,
283626,0.309,28818,0,,0.063,
283626,0,28820,0,,0.063,
283626,-0.309,28822,0,,0.063,
283626,-0.587,28824,0,,0.063,
283627,-0.809,28826,0,,0.063,
283627,-0.951,28828,0,,0.063,
283627,-1,28830,0,,0.063,
283627,-0.951,28832,0,0,0.063,0
283627,-0.809,28834,0,,0.063,
283627,-0.587,28836,0,,0.063,
283626,-0.309,28838,0,,0.063,
283626,0,28840,0,,0.063,
283626,0.309,28842,0,,0.063,
283626,0.587,28844,0,,0.063,
283627,0.809,28846,0,,0.063,
283627,0.951,28848,0,,0.063,
283627,1,28850,0,,0.063,
283627,0.951,28852,0,0,0.063,0
283627,0.809,28854,0,,0.063,
283627,0.587,28856,0,,0.063,
283627,0.309,28858,0,,0.063,
283627,0,28860,0,,0.063,
283627,-0.309,28862,0,,0.063,
283627,-0.587,28864,0,,0.063,
283627,-0.809,28866,0,,0.063,
283627,-0.951,28868,0,,0.063,
283627,-1,28870,0,,0.063,
283627,-0.951,28872,0,0,0.063,0
283627,-0.809,28874,0,,0.063,
283627,-0.587,28876,0,,0.063,
283627,-0.309,28878,0,,0.063,
283627,0,28880,0,,0.063,
283627,0.309,28882,0,,0.063,
283627,0.587,28884,0,,0.063,
283627,0.809,28886,0,,0.063,
283627,0.951,28888,0,,0.063,
283627,1,28890,0,,0.063,
283627,0.951,28892,0,0,0.063,0
283627,0.809,28894,0,,0.063,
283627,0.587,28896,0,,0.063,
283627,0.309,28898,0,,0.063,
283627,0,28900,0,,0.063,
283627,-0.309,28902,0,,0.063,
283627,-0.587,28904,0,,0.063,
283627,-0.809,28906,0,,0.063,
283627,-0.951,28908,0,,0.063,
283627,-1,28910,0,,0.063,
283627,-0.951,28912,0,0,0.063,0
283627,-0.809,28914,0,,0.063,
283627,-0.587,28916,0,,0.063,
283627,-0.309,28918,0,,0.063,
283627,0,28920,0,,0.063,
283627,0.309,28922,0,,0.063,
283627,0.587,28924,0,,0.063,
283627,0.809,28926,0,,0.063,
283627,0.951,28928,0,,0.063,
283627,1,28930,0,,0.063,
283627,0.951,28932,0,0,0.063,0
283627,0.809,28934,0,,0.063,
283627,0.587,28936,0,,0.063,
283627,0.309,28938,0,,0.063,
283627,0,28940,0,,0.063,
283627,-0.309,28942,0,,0.063,
283627,-0.587,28944,0,,0.063,
283627,-0.809,28946,0,,0.063,
283627,-0.951,28948,0,,0.063,
283627,-1,28950,0,,0.063,
283627,-0.951,28952,0,0,0.063,0
283627,-0.809,28954,0,,0.063,
283627,-0.587,28956,0,,0.063,
283627,-0.309,28958,0,,0.063,
283627,0,28960,0,,0.063,
283627,0.309,28962,0,,0.063,
283627,0.587,28964,0,,0.063,
283627,0.809,28966,0,,0.063,
283627,0.951,28968,0,,0.063,
283627,1,28970,0,,0.063,
283627,0.951,28972,0,0,0.063,0
283627,0.809,28974,0,,0.063,
283627,0.587,28976,0,,0.063,
283627,0.309,28978,0,,0.063,
283627,0,28980,0,,0.063,
283627,-0.309,28982,0,,0.063,
283627,-0.587,28984,0,,0.063,
283627,-0.809,28986,0,,0.063,
283627,-0.951,28988,0,,0.063,
283627,-1,28990,0,,0.063,
283627,-0.951,28992,0,0,0.063,0
283627,-0.809,28994,0,,0.063,
283627,-0.587,28996,0,,0.063,
283627,-0.309,28998,0,,0.063,
283627,0,29000,0,,0.063,
283627,0.309,29002,0,,0.063,
283627,0.587,29004,0,,0.063,
283627,0.809,29006,0,,0.063,
283627,0.951,29008,0,,0.063,
283627,1,29010,0,,0.063,
283627,0.951,29012,0,0,0.063,0
283627,0.809,29014,0,,0.063,
283627,0.587,29016,0,,0.063,
283627,0.309,29018,0,,0.063,
283627,0,29020,0,,0.063,
283627,-0.309,29022,0,,0.063,
283627,-0.587,29024,0,,0.063,
283627,-0.809,29026,0,,0.063,
283627,-0.951,29028,0,,0.063,
283627,-1,29030,0,,0.063,
283627,-0.951,29032,0,0,0.063,0
283627,-0.809,29034,0,,0.063,
283627,-0.587,29036,0,,0.063,
283627,-0.309,29038,0,,0.063,
283627,0,29040,0,,0.063,
283627,0.309,29042,0,,0.063,
283627,0.587,29044,0,,0.063,
283627,0.809,29046,0,,0.063,
283627,0.951,29048,0,,0.063,
283627,1,29050,0,,0.063,
283627,0.951,29052,0,0,0.063,0
283627,0.809,29054,0,,0.063,
283627,0.587,29056,0,,0.063,
283627,0.309,29058,0,,0.063,
283627,0,29060,0,,0.063,
283627,-0.309,29062,0,,0.063,
283627,-0.587,29064,0,,0.063,
283627,-0.809,29066,0,,0.063,
283627,-0.951,29068,0,,0.063,
283627,-1,29070,0,,0.063,
283627,-0.951,29072,0,0,0.063,0
283627,-0.809,29074,0,,0.063,
283627,-0.587,29076,0,,0.063,
283627,-0.309,29078,0,,0.063,
283627,0,29080,0,,0.063,
283627,0.309,29082,0,,0.063,
283627,0.587,29084,0,,0.063,
283627,0.809,29086,0,,0.063,
283627,0.951,29088,0,,0.063,
283627,1,29090,0,,0.063,
283627,0.951,29092,0,0,0.063,0
283627,0.809,29094,0,,0.063,
283627,0.587,29096,0,,0.063,
283627,0.309,29098,0,,0.063,
283627,0,29100,0,,0.063,
283627,-0.309,29102,0,,0.063,
283627,-0.587,29104,0,,0.063,
283627,-0.809,29106,0,,0.063,
283627,-0.951,29108,0,,0.063,
283627,-1,29110,0,,0.063,
283627,-0.951,29112,0,0,0.063,0
283627,-0.809,29114,0,,0.063,
283627,-0.587,29116,0,,0.063,
283627,-0.309,29118,0,,0.063,
283627,0,29120,0,,0.063,
283627,0.309,29122,0,,0.063,
283627,0.587,29124,0,,0.063,
283627,0.809,29126,0,,0.063,
283627,0.951,29128,0,,0.063,
283627,1,29130,0,,0.063,
283627,0.951,29132,0,0,0.063,0
283627,0.809,29134,0,,0.063,
283627,0.587,29136,0,,0.063,
283627,0.309,29138,0,,0.063,
283627,0,29140,0,,0.063,
283627,-0.309,29142,0,,0.063,
283627,-0.587,29144,0,,0.063,
283627,-0.809,29146,0,,0.063,
283627,-0.951,29148,0,,0.063,
283627,-1,29150,0,,0.063,
283627,-0.951,29152,0,0,0.063,0
283627,-0.809,29154,0,,0.063,
283627,-0.587,29156,0,,0.063,
283627,-0.309,29158,0,,0.063,
283627,0,29160,0,,0.063,
283627,0.309,29162,0,,0.063,
283627,0.587,29164,0,,0.063,
283627,0.809,29166,0,,0.063,
283627,0.951,29168,0,,0.063,
283627,1,29170,0,,0.063,
283627,0.951,29172,0,0,0.063,0
283627,0.809,29174,0,,0.063,
283627,0.587,29176,0,,0.063,
283627,0.309,29178,0,,0.063,
283627,0,29180,0,,0.063,
283627,-0.309,29182,0,,0.063,
283627,-0.587,29184,0,,0.063,
283627,-0.809,29186,0,,0.063,
283627,-0.951,29188,0,,0.063,
283627,-1,29190,0,,0.063,
283627,-0.951,29192,0,0,0.063,0
283627,-0.809,29194,0,,0.063,
283627,-0.587,29196,0,,0.063,
283627,-0.309,29198,0,,0.063,
283627,0,29200,0,,0.063,
283627,0.309,29202,0,,0.063,
283627,0.587,29204,0,,0.063,
283627,0.809,29206,0,,0.063,
283627,0.951,29208,0,,0.063,
283627,1,29210,0,,0.063,
283627,0.951,29212,0,0,0.063,0
283627,0.809,29214,0,,0.063,
283627,0.587,29216,0,,0.063,
283627,0.309,29218,0,,0.063,
283627,0,29220,0,,0.063,
283627,-0.309,29222,0,,0.063,
283627,-0.587,29224,0,,0.063,
283627,-0.809,29226,0,,0.063,
283627,-0.951,29228,0,,0.063,
283627,-1,29230,0,,0.063,
283627,-0.951,29232,0,0,0.063,0
283627,-0.809,29234,0,,0.063,
283627,-0.587,29236,0,,0.063,
283627,-0.309,29238,0,,0.063,
283627,0,29240,0,,0.063,
283627,0.309,29242,0,,0.063,
283627,0.587,29244,0,,0.063,
283627,0.809,29246,0,,0.063,
283627,0.951,29248,0,,0.063,
283627,1,29250,0,,0.063,
283627,0.951,29252,0,0,0.063,0
283627,0.809,29254,0,,0.063,
283627,0.587,29256,0,,0.063,
283627,0.309,29258,0,,0.063,
283627,0,29260,0,,0.063,
283627,-0.309,29262,0,,0.063,
283627,-0.587,29264,0,,0.063,
283627,-0.809,29266,0,,0.063,
283627,-0.951,29268,0,,0.063,
283627,-1,29270,0,,0.063,
283627,-0.951,29272,0,0,0.063,0
283627,-0.809,29274,0,,0.063,
283627,-0.587,29276,0,,0.063,
283627,-0.309,29278,0,,0.063,
283627,0,29280,0,,0.063,
283627,0.309,29282,0,,0.063,
283627,0.587,29284,0,,0.063,
283627,0.809,29286,0,,0.063,
283627,0.951,29288,0,,0.063,
283627,1,29290,0,,0.063,
283627,0.951,29292,0,0,0.063,0
283627,0.809,29294,0,,0.063,
283627,0.587,29296,0,,0.063,
283627,0.309,29298,0,,0.063,
283627,0,29300,0,,0.063,
283627,-0.309,29302,0,,0.063,
283627,-0.587,29304,0,,0.063,
283627,-0.809,29306,0,,0.063,
283627,-0.951,29308,0,,0.063,
283627,-1,29310,0,,0.063,
283627,-0.951,29312,0,0,0.063,0
283627,-0.809,29314,0,,0.063,
283627,-0.587,29316,0,,0.063,
283627,-0.309,29318,0,,0.063,
283627,0,29320,0,,0.063,
283627,0.309,29322,0,,0.063,
283627,0.587,29324,0,,0.063,
283627,0.809,29326,0,,0.063,
283627,0.951,29328,0,,0.063,
283627,1,29330,0,,0.063,
283627,0.951,29332,0,0,0.063,0
283627,0.809,29334,0,,0.063,
283627,0.587,29336,0,,0.063,
283627,0.309,29338,0,,0.063,
283627,0,29340,0,,0.063,
283627,-0.309,29342,0,,0.063,
283627,-0.587,29344,0,,0.063,
283627,-0.809,29346,0,,0.063,
283627,-0.951,29348,0,,0.063,
283627,-1,29350,0,,0.063,
283627,-0.951,29352,0,0,0.063,0
283627,-0.809,29354,0,,0.063,
283627,-0.587,29356,0,,0.063,
283627,-0.309,29358,0,,0.063,
283627,0,29360,0,,0.063,
283627,0.309,29362,0,,0.063,
283627,0.587,29364,0,,0.063,
283627,0.809,29366,0,,0.063,
283627,0.951,29368,0,,0.063,
283627,1,29370,0,,0.063,
283627,0.951,29372,0,0,0.063,0
283627,0.809,29374,0,,0.063,
283627,0.587,29376,0,,0.063,
283627,0.309,29378,0,,0.063,
283627,0,29380,0,,0.063,
283627,-0.309,29382,0,,0.063,
283627,-0.587,29384,0,,0.063,
283627,-0.809,29386,0,,0.063,
283627,-0.951,29388,0,,0.063,
283627,-1,29390,0,,0.063,
283627,-0.951,29392,0,0,0.063,0
283627,-0.809,29394,0,,0.063,
283627,-0.587,29396,0,,0.063,
283627,-0.309,29398,0,,0.063,
283627,0,29400,0,,0.063,
283627,0.309,29402,0,,0.063,
283627,0.587,29404,0,,0.063,
283627,0.809,29406,0,,0.063,
283627,0.951,29408,0,,0.063,
283627,1,29410,0,,0.063,
283627,0.951,29412,0,0,0.063,0
283627,0.809,29414,0,,0.063,
283627,0.587,29416,0,,0.063,
283627,0.309,29418,0,,0.063,
283627,0,29420,0,,0.063,
283627,-0.309,29422,0,,0.063,
283627,-0.587,29424,0,,0.063,
283627,-0.809,29426,0,,0.063,
283627,-0.951,29428,0,,0.063,
283627,-1,29430,0,,0.063,
283627,-0.951,29432,0,0,0.063,0
283627,-0.809,29434,0,,0.063,
283627,-0.587,29436,0,,0.063,
283627,-0.309,29438,0,,0.063,
283627,0,29440,0,,0.063,
283627,0.309,29442,0,,0.063,
283627,0.587,29444,0,,0.063,
283627,0.809,29446,0,,0.063,
283627,0.951,29448,0,,0.063,
283627,1,29450,0,,0.063,
283627,0.951,29452,0,0,0.063,0
283627,0.809,29454,0,,0.063,
283627,0.587,29456,0,,0.063,
283627,0.309,29458,0,,0.063,
283627,0,29460,0,,0.063,
283627,-0.309,29462,0,,0.063,
283627,-0.587,29464,0,,0.063,
283627,-0.809,29466,0,,0.063,
283627,-0.951,29468,0,,0.063,
283627,-1,29470,0,,0.063,
283627,-0.951,29472,0,0,0.063,0
283627,-0.809,29474,0,,0.063,
283627,-0.587,29476,0,,0.063,
283627,-0.309,29478,0,,0.063,
283627,0,29480,0,,0.063,
283627,0.309,29482,0,,0.063,
283627,0.587,29484,0,,0.063,
283627,0.809,29486,0,,0.063,
283627,0.951,29488,0,,0.063,
283627,1,29490,0,,0.063,
283627,0.951,29492,0,0,0.063,0
283627,0.809,29494,0,,0.063,
283627,0.587,29496,0,,0.063,
283627,0.309,29498,0,,0.063,
283627,0,29500,0,,0.063,
283627,-0.309,29502,0,,0.063,
283627,-0.587,29504,0,,0.063,
283627,-0.809,29506,0,,0.063,
283627,-0.951,29508,0,,0.063,
283627,-1,29510,0,,0.063,
283627,-0.951,29512,0,0,0.063,0
283627,-0.809,29514,0,,0.063,
283627,-0.587,29516,0,,0.063,
283627,-0.309,29518,0,,0.063,
283627,0,29520,0,,0.063,
283627,0.309,29522,0,,0.063,
283627,0.587,29524,0,,0.063,
283627,0.809,29526,0,,0.063,
283627,0.951,29528,0,,0.063,
283627,1,29530,0,,0.063,
283627,0.951,29532,0,0,0.063,0
283627,0.809,29534,0,,0.063,
283627,0.587,29536,0,,0.063,
283627,0.309,29538,0,,0.063,
283627,0,29540,0,,0.063,
283627,-0.309,29542,0,,0.063,
283627,-0.587,29544,0,,0.063,
283627,-0.809,29546,0,,0.063,
283627,-0.951,29548,0,,0.063,
283627,-1,29550,0,,0.063,
283627,-0.951,29552,0,0,0.063,0
283627,-0.809,29554,0,,0.063,
283627,-0.587,29556,0,,0.063,
283627,-0.309,29558,0,,0.063,
283627,0,29560,0,,0.063,
283627,0.309,29562,0,,0.063,
283627,0.587,29564,0,,0.063,
283627,0.809,29566,0,,0.063,
283627,0.951,29568,0,,0.063,
283627,1,29570,0,,0.063,
283627,0.951,29572,0,0,0.063,0
283627,0.809,29574,0,,0.063,
283627,0.587,29576,0,,0.063,
283627,0.309,29578,0,,0.063,
283627,0,29580,0,,0.063,
283627,-0.309,29582,0,,0.063,
283627,-0.587,29584,0,,0.063,
283627,-0.809,29586,0,,0.063,
283627,-0.951,29588,0,,0.063,
283627,-1,29590,0,,0.063,
283627,-0.951,29592,0,0,0.063,0
283627,-0.809,29594,0,,0.063,
283627,-0.587,29596,0,,0.063,
283627,-0.309,29598,0,,0.063,
283627,0,29600,0,,0.063,
283627,0.309,29602,0,,0.063,
283627,0.587,29604,0,,0.063,
283627,0.809,29606,0,,0.063,
283627,0.951,29608,0,,0.063,
283627,1,29610,0,,0.063,
283627,0.951,29612,0,0,0.063,0
283627,0.809,29614,0,,0.063,
283627,0.587,29616,0,,0.063,
283627,0.309,29618,0,,0.063,
283627,0,29620,0,,0.063,
283627,-0.309,29622,0,,0.063,
283627,-0.587,29624,0,,0.063,
283627,-0.809,29626,0,,0.063,
283627,-0.951,29628,0,,0.063,
283627,-1,29630,0,,0.063,
283627,-0.951,29632,0,0,0.063,0
283627,-0.809,29634,0,,0.063,
283627,-0.587,29636,0,,0.063,
283627,-0.309,29638,0,,0.063,
283627,0,29640,0,,0.063,
283627,0.309,29642,0,,0.063,
283627,0.587,29644,0,,0.063,
283627,0.809,29646,0,,0.063,
283627,0.951,29648,0,,0.063,
283627,1,29650,0,,0.063,
283627,0.951,29652,0,0,0.063,0
283627,0.809,29654,0,,0.063,
283627,0.587,29656,0,,0.063,
283627,0.309,29658,0,,0.063,
283627,0,29660,0,,0.063,
283627,-0.309,29662,0,,0.063,
283627,-0.587,29664,0,,0.063,
283627,-0.809,29666,0,,0.063,
283627,-0.951,29668,0,,0.063,
283627,-1,29670,0,,0.063,
283627,-0.951,29672,0,0,0.063,0
283627,-0.809,29674,0,,0.063,
283627,-0.587,29676,0,,0.063,
283627,-0.309,29678,0,,0.063,
283627,0,29680,0,,0.063,
283627,0.309,29682,0,,0.063,
283627,0.587,29684,0,,0.063,
283627,0.809,29686,0,,0.063,
283627,0.951,29688,0,,0.063,
283627,1,29690,0,,0.063,
283627,0.951,29692,0,0,0.063,0
283627,0.809,29694,0,,0.063,
283627,0.587,29696,0,,0.063,
283627,0.309,29698,0,,0.063,
283627,0,29700,0,,0.063,
283627,-0.309,29702,0,,0.063,
283627,-0.587,29704,0,,0.063,
283627,-0.809,29706,0,,0.063,
283627,-0.951,29708,0,,0.063,
283627,-1,29710,0,,0.063,
283627,-0.951,29712,0,0,0.063,0
283627,-0.809,29714,0,,0.063,
283627,-0.587,29716,0,,0.063,
283627,-0.309,29718,0,,0.063,
283627,0,29720,0,,0.063,
283627,0.309,29722,0,,0.063,
283627,0.587,29724,0,,0.063,
283627,0.809,29726,0,,0.063,
283627,0.951,29728,0,,0.063,
283627,1,29730,0,,0.063,
283627,0.951,29732,0,0,0.063,0
283627,0.809,29734,0,,0.063,
283627,0.587,29736,0,,0.063,
283627,0.309,29738,0,,0.063,
283627,0,29740,0,,0.063,
283627,-0.309,29742,0,,0.063,
283627,-0.587,29744,0,,0.063,
283627,-0.809,29746,0,,0.063,
283627,-0.951,29748,0,,0.063,
283627,-1,29750,0,,0.063,
283627,-0.951,29752,0,0,0.063,0
283627,-0.809,29754,0,,0.063,
283627,-0.587,29756,0,,0.063,
283627,-0.309,29758,0,,0.063,
283627,0,29760,0,,0.063,
283627,0.309,29762,0,,0.063,
283627,0.587,29764,0,,0.063,
283627,0.809,29766,0,,0.063,
283627,0.951,29768,0,,0.063,
283627,1,29770,0,,0.063,
283627,0.951,29772,0,0,0.063,0
283627,0.809,29774,0,,0.063,
283627,0.587,29776,0,,0.063,
283627,0.309,29778,0,,0.063,
283627,0,29780,0,,0.063,
283627,-0.309,29782,0,,0.063,
283627,-0.587,29784,0,,0.063,
283627,-0.809,29786,0,,0.063,
283627,-0.951,29788,0,,0.063,
283627,-1,29790,0,,0.063,
283627,-0.951,29792,0,0,0.063,0
283627,-0.809,29794,0,,0.063,
283627,-0.587,29796,0,,0.063,
283627,-0.309,29798,0,,0.063,
283627,0,29800,0,,0.063,
283627,0.309,29802,0,,0.063,
283627,0.587,29804,0,,0.063,
283627,0.809,29806,0,,0.063,
283627,0.951,29808,0,,0.063,
283627,1,29810,0,,0.063,
283627,0.951,29812,0,0,0.063,0
283627,0.809,29814,0,,0.063,
283627,0.587,29816,0,,0.063,
283627,0.309,29818,0,,0.063,
283627,0,29820,0,,0.063,
283627,-0.309,29822,0,,0.063,
283627,-0.587,29824,0,,0.063,
283627,-0.809,29826,0,,0.063,
283627,-0.951,29828,0,,0.063,
283627,-1,29830,0,,0.063,
283627,-0.951,29832,0,0,0.063,0
283627,-0.809,29834,0,,0.063,
283627,-0.587,29836,0,,0.063,
283627,-0.309,29838,0,,0.063,
283627,0,29840,0,,0.063,
283627,0.309,29842,0,,0.063,
283627,0.587,29844,0,,0.063,
283627,0.809,29846,0,,0.063,
283627,0.951,29848,0,,0.063,
283627,1,29850,0,,0.063,
283627,0.951,29852,0,0,0.063,0
283627,0.809,29854,0,,0.063,
283627,0.587,29856,0,,0.063,
283627,0.309,29858,0,,0.063,
283627,0,29860,0,,0.063,
283627,-0.309,29862,0,,0.063,
283627,-0.587,29864,0,,0.063,
283627,-0.809,29866,0,,0.063,
283627,-0.951,29868,0,,0.063,
283627,-1,29870,0,,0.063,
283627,-0.951,29872,0,0,0.063,0
283627,-0.809,29874,0,,0.063,
283627,-0.587,29876,0,,0.063,
283627,-0.309,29878,0,,0.063,
283627,0,29880,0,,0.063,
283627,0.309,29882,0,,0.063,
283627,0.587,29884,0,,0.063,
283627,0.809,29886,0,,0.063,
283627,0.951,29888,0,,0.063,
283627,1,29890,0,,0.063,
283627,0.951,29892,0,0,0.063,0
283627,0.809,29894,0,,0.063,
283627,0.587,29896,0,,0.063,
283627,0.309,29898,0,,0.063,
283627,0,29900,0,,0.063,
283627,-0.309,29902,0,,0.063,
283627,-0.587,29904,0,,0.063,
283627,-0.809,29906,0,,0.063,
283627,-0.951,29908,0,,0.063,
283627,-1,29910,0,,0.063,
283627,-0.951,29912,0,0,0.063,0
283627,-0.809,29914,0,,0.063,
283627,-0.587,29916,0,,0.063,
283627,-0.309,29918,0,,0.063,
283627,0,29920,0,,0.063,
283627,0.309,29922,0,,0.063,
283627,0.587,29924,0,,0.063,
283627,0.809,29926,0,,0.063,
283627,0.951,29928,0,,0.063,
283627,1,29930,0,,0.063,
283627,0.951,29932,0,0,0.063,0
283627,0.809,29934,0,,0.063,
283627,0.587,29936,0,,0.063,
283627,0.309,29938,0,,0.063,
283627,0,29940,0,,0.063,
283627,-0.309,29942,0,,0.063,
283627,-0.587,29944,0,,0.063,
283627,-0.809,29946,0,,0.063,
283627,-0.951,29948,0,,0.063,
283627,-1,29950,0,,0.063,
283627,-0.951,29952,0,0,0.063,0
283627,-0.809,29954,0,,0.063,
283627,-0.587,29956,0,,0.063,
283627,-0.309,29958,0,,0.063,
283627,0,29960,0,,0.063,
283627,0.309,29962,0,,0.063,
283627,0.587,29964,0,,0.063,
283627,0.809,29966,0,,0.063,
283627,0.951,29968,0,,0.063,
283627,1,29970,0,,0.063,
283627,0.951,29972,0,0,0.063,0
283627,0.809,29974,0,,0.063,
283627,0.587,29976,0,,0.063,
283627,0.309,29978,0,,0.063,
283627,0,29980,0,,0.063,
283627,-0.309,29982,0,,0.063,
283627,-0.587,29984,0,,0.063,
283627,-0.809,29986,0,,0.063,
283627,-0.951,29988,0,,0.063,
283627,-1,29990,0,,0.063,
283627,-0.951,29992,0,0,0.063,0
283627,-0.809,29994,0,,0.063,
283627,-0.587,29996,0,,0.063,
283627,-0.309,29998,0,,0.063,
283627,0,0,0,,0.063,
283627,0.309,2,0,,0.063,
283627,0.587,4,0,,0.063,
283627,0.809,6,0,,0.063,
283627,0.951,8,0,,0.063,
283627,1,10,0,,0.063,
283627,0.951,12,0,0,0.063,0
283627,0.809,14,0,,0.063,
283627,0.587,16,0,,0.063,
283627,0.309,18,0,,0.063,
283627,0,20,0,,0.063,
283627,-0.309,22,0,,0.063,
283627,-0.587,24,0,,0.063,
283627,-0.809,26,0,,0.063,
283627,-0.951,28,0,,0.063,
283627,-1,30,0,,0.063,
283627,-0.951,32,0,0,0.063,0
283627,-0.809,34,0,,0.063,
283627,-0.587,36,0,,0.063,
283627,-0.309,38,0,,0.063,
283627,0,40,0,,0.063,
283627,0.309,42,0,,0.063,
283627,0.587,44,0,,0.063,
283627,0.809,46,0,,0.063,
283627,0.951,48,0,,0.063,
283627,1,50,0,,0.063,
283627,0.951,52,0,0,0.063,0
283627,0.809,54,0,,0.063,
283627,0.587,56,0,,0.063,
283627,0.309,58,0,,0.063,
283627,0,60,0,,0.063,
283627,-0.309,62,0,,0.063,
283627,-0.587,64,0,,0.063,
283627,-0.809,66,0,,0.063,
283627,-0.951,68,0,,0.063,
283627,-1,70,0,,0.063,
283627,-0.951,72,0,0,0.063,0
283627,-0.809,74,0,,0.063,
283627,-0.587,76,0,,0.063,
283627,-0.309,78,0,,0.063,
283627,0,80,0,,0.063,
283627,0.309,82,0,,0.063,
283627,0.587,84,0,,0.063,
283627,0.809,86,0,,0.063,
283627,0.951,88,0,,0.063,
283627,1,90,0,,0.063,
283627,0.951,92,0,0,0.063,0
283627,0.809,94,0,,0.063,
283627,0.587,96,0,,0.063,
283627,0.309,98,0,,0.063,
283627,0,100,0,,0.063,
283627,-0.309,102,0,,0.063,
283627,-0.587,104,0,,0.063,
283627,-0.809,106,0,,0.063,
283627,-0.951,108,0,,0.063,
283627,-1,110,0,,0.063,
283627,-0.951,112,0,0,0.063,0
283627,-0.809,114,0,,0.063,
283627,-0.587,116,0,,0.063,
283627,-0.309,118,0,,0.063,
283627,0,120,0,,0.063,
283627,0.309,122,0,,0.063,
283627,0.587,124,0,,0.063,
283627,0.809,126,0,,0.063,
283627,0.951,128,0,,0.063,
283627,1,130,0,,0.063,
283627,0.951,132,0,0,0.063,0
283627,0.809,134,0,,0.063,
283627,0.587,136,0,,0.063,
283627,0.309,138,0,,0.063,
283627,0,140,0,,0.063,
283627,-0.309,142,0,,0.063,
283627,-0.587,144,0,,0.063,
283627,-0.809,146,0,,0.063,
283627,-0.951,148,0,,0.063,
283627,-1,150,0,,0.063,
283627,-0.951,152,0,0,0.063,0
283627,-0.809,154,0,,0.063,
283627,-0.587,156,0,,0.063,
283627,-0.309,158,0,,0.063,
283627,0,160,0,,0.063,
283627,0.309,162,0,,0.063,
283627,0.587,164,0,,0.063,
283627,0.809,166,0,,0.063,
283627,0.951,168,0,,0.063,
283627,1,170,0,,0.063,
283627,0.951,172,0,0,0.063,0
283627,0.809,174,0,,0.063,
283627,0.587,176,0,,0.063,
283627,0.309,178,0,,0.063,
283627,0,180,0,,0.063,
283627,-0.309,182,0,,0.063,
283627,-0.587,184,0,,0.063,
283627,-0.809,186,0,,0.063,
283627,-0.951,188,0,,0.063,
283627,-1,190,0,,0.063,
283627,-0.951,192,0,0,0.063,0
283627,-0.809,194,0,,0.063,
283627,-0.587,196,0,,0.063,
283627,-0.309,198,0,,0.063,
283627,0,200,0,,0.063,
283627,0.309,202,0,,0.063,
283627,0.587,204,0,,0.063,
283627,0.809,206,0,,0.063,
283627,0.951,208,0,,0.063,
283627,1,210,0,,0.063,
283627,0.951,212,0,0,0.063,0
283627,0.809,214,0,,0.063,
283627,0.587,216,0,,0.063,
283627,0.309,218,0,,0.063,
283627,0,220,0,,0.063,
283627,-0.309,222,0,,0.063,
283627,-0.587,224,0,,0.063,
283627,-0.809,226,0,,0.063,
283627,-0.951,228,0,,0.063,
283627,-1,230,0,,0.063,
283627,-0.951,232,0,0,0.063,0
283627,-0.809,234,0,,0.063,
283627,-0.587,236,0,,0.063,
283627,-0.309,238,0,,0.063,
283627,0,240,0,,0.063,
283627,0.309,242,0,,0.063,
283627,0.587,244,0,,0.063,
283627,0.809,246,0,,0.063,
283627,0.951,248,0,,0.063,
283627,1,250,0,,0.063,
283627,0.951,252,0,0,0.063,0
283627,0.809,254,0,,0.063,
283627,0.587,256,0,,0.063,
283627,0.309,258,0,,0.063,
283627,0,260,0,,0.063,
283627,-0.309,262,0,,0.063,
283627,-0.587,264,0,,0.063,
283627,-0.809,266,0,,0.063,
283627,-0.951,268,0,,0.063,
283627,-1,270,0,,0.063,
283627,-0.951,272,0,0,0.063,0
283627,-0.809,274,0,,0.063,
283627,-0.587,276,0,,0.063,
283627,-0.309,278,0,,0.063,
283627,0,280,0,,0.063,
283627,0.309,282,0,,0.063,
283627,0.587,284,0,,0.063,
283627,0.809,286,0,,0.063,
283627,0.951,288,0,,0.063,
283627,1,290,0,,0.063,
283627,0.951,292,0,0,0.063,0
283627,0.809,294,0,,0.063,
283627,0.587,296,0,,0.063,
283627,0.309,298,0,,0.063,
283627,0,300,0,,0.063,
283627,-0.309,302,0,,0.063,
283627,-0.587,304,0,,0.063,
283627,-0.809,306,0,,0.063,
283627,-0.951,308,0,,0.063,
283627,-1,310,0,,0.063,
283627,-0.951,312,0,0,0.063,0
283627,-0.809,314,0,,0.063,
283627,-0.587,316,0,,0.063,
283627,-0.309,318,0,,0.063,
283627,0,320,0,,0.063,
283627,0.309,322,0,,0.063,
283627,0.587,324,0,,0.063,
283627,0.809,326,0,,0.063,
283627,0.951,328,0,,0.063,
283627,1,330,0,,0.063,
283627,0.951,332,0,0,0.063,0
283627,0.809,334,0,,0.063,
283627,0.587,336,0,,0.063,
283627,0.309,338,0,,0.063,
283627,0,340,0,,0.063,
283627,-0.309,342,0,,0.063,
283627,-0.587,344,0,,0.063,
283627,-0.809,346,0,,0.063,
283627,-0.951,348,0,,0.063,
283627,-1,350,0,,0.063,
283627,-0.951,352,0,0,0.063,0
283627,-0.809,354,0,,0.063,
283627,-0.587,356,0,,0.063,
283627,-0.309,358,0,,0.063,
283627,0,360,0,,0.063,
283627,0.309,362,0,,0.063,
283627,0.587,364,0,,0.063,
283627,0.809,366,0,,0.063,
283627,0.951,368,0,,0.063,
283627,1,370,0,,0.063,
283627,0.951,372,0,0,0.063,0
283627,0.809,374,0,,0.063,
283627,0.587,376,0,,0.063,
283627,0.309,378,0,,0.063,
283627,0,380,0,,0.063,
283627,-0.309,382,0,,0.063,
283627,-0.587,384,0,,0.063,
283627,-0.809,386,0,,0.063,
283627,-0.951,388,0,,0.063,
283627,-1,390,0,,0.063,
283627,-0.951,392,0,0,0.063,0
283627,-0.809,394,0,,0.063,
283627,-0.587,396,0,,0.063,
283627,-0.309,398,0,,0.063,
283627,0,400,0,,0.063,
283627,0.309,402,0,,0.063,
283627,0.587,404,0,,0.063,
283627,0.809,406,0,,0.063,
283627,0.951,408,0,,0.063,
283627,1,410,0,,0.063,
283627,0.951,412,0,0,0.063,0
283627,0.809,414,0,,0.063,
283627,0.587,416,0,,0.063,
283627,0.309,418,0,,0.063,
283627,0,420,0,,0.063,
283627,-0.309,422,0,,0.063,
283627,-0.587,424,0,,0.063,
283627,-0.809,426,0,,0.063,
283627,-0.951,428,0,,0.063,
283627,-1,430,0,,0.063,
283627,-0.951,432,0,0,0.063,0
283627,-0.809,434,0,,0.063,
283627,-0.587,436,0,,0.063,
283627,-0.309,438,0,,0.063,
283627,0,440,0,,0.063,
283627,0.309,442,0,,0.063,
283627,0.587,444,0,,0.063,
283627,0.809,446,0,,0.063,
283627,0.951,448,0,,0.063,
283627,1,450,0,,0.063,
283627,0.951,452,0,0,0.063,0
283627,0.809,454,0,,0.063,
283627,0.587,456,0,,0.063,
283627,0.309,458,0,,0.063,
283627,0,460,0,,0.063,
283627,-0.309,462,0,,0.063,
283627,-0.587,464,0,,0.063,
283627,-0.809,466,0,,0.063,
283627,-0.951,468,0,,0.063,
283627,-1,470,0,,0.063,
283627,-0.951,472,0,0,0.063,0
283627,-0.809,474,0,,0.063,
283627,-0.587,476,0,,0.063,
283627,-0.309,478,0,,0.063,
283627,0,480,0,,0.063,
283627,0.309,482,0,,0.063,
283627,0.587,484,0,,0.063,
283627,0.809,486,0,,0.063,
283627,0.951,488,0,,0.063,
283627,1,490,0,,0.063,
283627,0.951,492,0,0,0.063,0
283627,0.809,494,0,,0.063,
283627,0.587,496,0,,0.063,
283627,0.309,498,0,,0.063,
283627,0,500,0,,0.063,
283627,-0.309,502,0,,0.063,
283627,-0.587,504,0,,0.063,
283627,-0.809,506,0,,0.063,
283627,-0.951,508,0,,0.063,
283627,-1,510,0,,0.063,
283627,-0.951,512,0,0,0.063,0
283627,-0.809,514,0,,0.063,
283627,-0.587,516,0,,0.063,
283627,-0.309,518,0,,0.063,
283627,0,520,0,,0.063,
283627,0.309,522,0,,0.063,
283627,0.587,524,0,,0.063,
283627,0.809,526,0,,0.063,
283627,0.951,528,0,,0.063,
283627,1,530,0,,0.063,
283627,0.951,532,0,0,0.063,0
283627,0.809,534,0,,0.063,
283627,0.587,536,0,,0.063,
283627,0.309,538,0,,0.063,
283627,0,540,0,,0.063,
283627,-0.309,542,0,,0.063,
283627,-0.587,544,0,,0.063,
283627,-0.809,546,0,,0.063,
283627,-0.951,548,0,,0.063,
283627,-1,550,0,,0.063,
283627,-0.951,552,0,0,0.063,0
283627,-0.809,554,0,,0.063,
283627,-0.587,556,0,,0.063,
283627,-0.309,558,0,,0.063,
283627,0,560,0,,0.063,
283627,0.309,562,0,,0.063,
283627,0.587,564,0,,0.063,
283627,0.809,566,0,,0.063,
283627,0.951,568,0,,0.063,
283627,1,570,0,,0.063,
283627,0.951,572,0,0,0.063,0
283627,0.809,574,0,,0.063,
283627,0.587,576,0,,0.063,
283627,0.309,578,0,,0.063,
283627,0,580,0,,0.063,
283627,-0.309,582,0,,0.063,
283627,-0.587,584,0,,0.063,
283627,-0.809,586,0,,0.063,
283627,-0.951,588,0,,0.063,
283627,-1,590,0,,0.063,
283627,-0.951,592,0,0,0.063,0
283627,-0.809,594,0,,0.063,
283627,-0.587,596,0,,0.063,
283627,-0.309,598,0,,0.063,
283627,0,600,0,,0.063,
283627,0.309,602,0,,0.063,
283627,0.587,604,0,,0.063,
283627,0.809,606,0,,0.063,
283627,0.951,608,0,,0.063,
283627,1,610,0,,0.063,
283627,0.951,612,0,0,0.063,0
283627,0.809,614,0,,0.063,
283627,0.587,616,0,,0.063,
283627,0.309,618,0,,0.063,
283627,0,620,0,,0.063,
283627,-0.309,622,0,,0.063,
283627,-0.587,624,0,,0.063,
283627,-0.809,626,0,,0.063,
283627,-0.951,628,0,,0.063,
283627,-1,630,0,,0.063,
283627,-0.951,632,0,0,0.063,0
283627,-0.809,634,0,,0.063,
283627,-0.587,636,0,,0.063,
283627,-0.309,638,0,,0.063,
283627,0,640,0,,0.063,
283627,0.309,642,0,,0.063,
283627,0.587,644,0,,0.063,
283627,0.809,646,0,,0.063,
283627,0.951,648,0,,0.063,
283627,1,650,0,,0.063,
283627,0.951,652,0,0,0.063,0
283627,0.809,654,0,,0.063,
283627,0.587,656,0,,0.063,
283627,0.309,658,0,,0.063,
283627,0,660,0,,0.063,
283627,-0.309,662,0,,0.063,
283627,-0.587,664,0,,0.063,
283627,-0.809,666,0,,0.063,
283627,-0.951,668,0,,0.063,
283627,-1,670,0,,0.063,
283627,-0.951,672,0,0,0.063,0
283627,-0.809,674,0,,0.063,
283627,-0.587,676,0,,0.063,
283627,-0.309,678,0,,0.063,
283627,0,680,0,,0.063,
283627,0.309,682,0,,0.063,
283627,0.587,684,0,,0.063,
283627,0.809,686,0,,0.063,
283627,0.951,688,0,,0.063,
283627,1,690,0,,0.063,
283627,0.951,692,0,0,0.063,0
283627,0.809,694,0,,0.063,
283627,0.587,696,0,,0.063,
283627,0.309,698,0,,0.063,
283627,0,700,0,,0.063,
283627,-0.309,702,0,,0.063,
283627,-0.587,704,0,,0.063,
283627,-0.809,706,0,,0.063,
283627,-0.951,708,0,,0.063,
283627,-1,710,0,,0.063,
283627,-0.951,712,0,0,0.063,0
283627,-0.809,714,0,,0.063,
283627,-0.587,716,0,,0.063,
283627,-0.309,718,0,,0.063,
283627,0,720,0,,0.063,
283627,0.309,722,0,,0.063,
283627,0.587,724,0,,0.063,
283627,0.809,726,0,,0.063,
283627,0.951,728,0,,0.063,
283627,1,730,0,,0.063,
283627,0.951,732,0,0,0.063,0
283627,0.809,734,0,,0.063,
283627,0.587,736,0,,0.063,
283627,0.309,738,0,,0.063,
283627,0,740,0,,0.063,
283627,-0.309,742,0,,0.063,
283627,-0.587,744,0,,0.063,
283627,-0.809,746,0,,0.063,
283627,-0.951,748,0,,0.063,
283627,-1,750,0,,0.063,
283627,-0.951,752,0,0,0.063,0
283627,-0.809,754,0,,0.063,
283627,-0.587,756,0,,0.063,
283627,-0.309,758,0,,0.063,
283627,0,760,0,,0.063,
283627,0.309,762,0,,0.063,
283627,0.587,764,0,,0.063,
283627,0.809,766,0,,0.063,
283627,0.951,768,0,,0.063,
283627,1,770,0,,0.063,
283627,0.951,772,0,0,0.063,0
283627,0.809,774,0,,0.063,
283627,0.587,776,0,,0.063,
283627,0.309,778,0,,0.063,
283627,0,780,0,,0.063,
283627,-0.309,782,0,,0.063,
283627,-0.587,784,0,,0.063,
283627,-0.809,786,0,,0.063,
283627,-0.951,788,0,,0.063,
283627,-1,790,0,,0.063,
283627,-0.951,792,0,0,0.063,0
283627,-0.809,794,0,,0.063,
283627,-0.587,796,0,,0.063,
283627,-0.309,798,0,,0.063,
283627,0,800,0,,0.063,
283627,0.309,802,0,,0.063,
283627,0.587,804,0,,0.063,
283627,0.809,806,0,,0.063,
283627,0.951,808,0,,0.063,
283627,1,810,0,,0.063,
283627,0.951,812,0,0,0.063,0
283627,0.809,814,0,,0.063,
283627,0.587,816,0,,0.063,
283627,0.309,818,0,,0.063,
283627,0,820,0,,0.063,
283627,-0.309,822,0,,0.063,
283627,-0.587,824,0,,0.063,
283627,-0.809,826,0,,0.063,
283627,-0.951,828,0,,0.063,
283627,-1,830,0,,0.063,
283627,-0.951,832,0,0,0.063,0
283627,-0.809,834,0,,0.063,
283627,-0.587,836,0,,0.063,
283627,-0.309,838,0,,0.063,
283627,0,840,0,,0.063,
283627,0.309,842,0,,0.063,
283627,0.587,844,0,,0.063,
283627,0.809,846,0,,0.063,
283627,0.951,848,0,,0.063,
283627,1,850,0,,0.063,
283627,0.951,852,0,0,0.063,0
283627,0.809,854,0,,0.063,
283627,0.587,856,0,,0.063,
283627,0.309,858,0,,0.063,
283627,0,860,0,,0.063,
283627,-0.309,862,0,,0.063,
283627,-0.587,864,0,,0.063,
283627,-0.809,866,0,,0.063,
283627,-0.951,868,0,,0.063,
283627,-1,870,0,,0.063,
283627,-0.951,872,0,0,0.063,0
283627,-0.809,874,0,,0.063,
283627,-0.587,876,0,,0.063,
283627,-0.309,878,0,,0.063,
283627,0,880,0,,0.063,
283627,0.309,882,0,,0.063,
283627,0.587,884,0,,0.063,
283627,0.809,886,0,,0.063,
283627,0.951,888,0,,0.063,
283627,1,890,0,,0.063,
283627,0.951,892,0,0,0.063,0
283627,0.809,894,0,,0.063,
283627,0.587,896,0,,0.063,
283627,0.309,898,0,,0.063,
283627,0,900,0,,0.063,
283627,-0.309,902,0,,0.063,
283627,-0.587,904,0,,0.063,
283627,-0.809,906,0,,0.063,
283627,-0.951,908,0,,0.063,
283627,-1,910,0,,0.063,
283627,-0.951,912,0,0,0.063,0
283627,-0.809,914,0,,0.063,
283627,-0.587,916,0,,0.063,
283627,-0.309,918,0,,0.063,
283627,0,920,0,,0.063,
283627,0.309,922,0,,0.063,
283627,0.587,924,0,,0.063,
283627,0.809,926,0,,0.063,
283627,0.951,928,0,,0.063,
283627,1,930,0,,0.063,
283627,0.951,932,0,0,0.063,0
283627,0.809,934,0,,0.063,
283627,0.587,936,0,,0.063,
283627,0.309,938,0,,0.063,
283627,0,940,0,,0.063,
283627,-0.309,942,0,,0.063,
283627,-0.587,944,0,,0.063,
283627,-0.809,946,0,,0.063,
283627,-0.951,948,0,,0.063,
283627,-1,950,0,,0.063,
283627,-0.951,952,0,0,0.063,0
283627,-0.809,954,0,,0.063,
283627,-0.587,956,0,,0.063,
283627,-0.309,958,0,,0.063,
283627,0,960,0,,0.063,
283627,0.309,962,0,,0.063,
283627,0.587,964,0,,0.063,
283627,0.809,966,0,,0.063,
283627,0.951,968,0,,0.063,
283627,1,970,0,,0.063,
283627,0.951,972,0,0,0.063,0
283627,0.809,974,0,,0.063,
283627,0.587,976,0,,0.063,
283627,0.309,978,0,,0.063,
283627,0,980,0,,0.063,
283627,-0.309,982,0,,0.063,
283627,-0.587,984,0,,0.063,
283627,-0.809,986,0,,0.063,
283627,-0.951,988,0,,0.063,
283627,-1,990,0,,0.063,
283627,-0.951,992,0,0,0.063,0
283627,-0.809,994,0,,0.063,
283627,-0.587,996,0,,0.063,
283627,-0.309,998,0,,0.063,
283627,0,1000,0,,0.063,
283627,0.309,1002,0,,0.063,
283627,0.587,1004,0,,0.063,
283627,0.809,1006,0,,0.063,
283627,0.951,1008,0,,0.063,
283627,1,1010,0,,0.063,
283627,0.951,1012,0,0,0.063,0
283627,0.809,1014,0,,0.063,
283627,0.587,1016,0,,0.063,
283627,0.309,1018,0,,0.063,
283627,0,1020,0,,0.063,
283627,-0.309,1022,0,,0.063,
283627,-0.587,1024,0,,0.063,
283627,-0.809,1026,0,,0.063,
283627,-0.951,1028,0,,0.063,
283627,-1,1030,0,,0.063,
283627,-0.951,1032,0,0,0.063,0
283627,-0.809,1034,0,,0.063,
283627,-0.587,1036,0,,0.063,
283627,-0.309,1038,0,,0.063,
283627,0,1040,0,,0.063,
283627,0.309,1042,0,,0.063,
283627,0.587,1044,0,,0.063,
283627,0.809,1046,0,,0.063,
283627,0.951,1048,0,,0.063,
283627,1,1050,0,,0.063,
283627,0.951,1052,0,0,0.063,0
283627,0.809,1054,0,,0.063,
283627,0.587,1056,0,,0.063,
283627,0.309,1058,0,,0.063,
283627,0,1060,0,,0.063,
283627,-0.309,1062,0,,0.063,
283627,-0.587,1064,0,,0.063,
283627,-0.809,1066,0,,0.063,
283627,-0.951,1068,0,,0.063,
283627,-1,1070,0,,0.063,
283627,-0.951,1072,0,0,0.063,0
283627,-0.809,1074,0,,0.063,
283627,-0.587,1076,0,,0.063,
283627,-0.309,1078,0,,0.063,
283627,0,1080,0,,0.063,
283627,0.309,1082,0,,0.063,
283627,0.587,1084,0,,0.063,
283627,0.809,1086,0,,0.063,
283627,0.951,1088,0,,0.063,
283627,1,1090,0,,0.063,
283627,0.951,1092,0,0,0.063,0
283627,0.809,1094,0,,0.063,
283627,0.587,1096,0,,0.063,
283627,0.309,1098,0,,0.063,
283627,0,1100,0,,0.063,
283627,-0.309,1102,0,,0.063,
283627,-0.587,1104,0,,0.063,
283627,-0.809,1106,0,,0.063,
283627,-0.951,1108,0,,0.063,
283627,-1,1110,0,,0.063,
283627,-0.951,1112,0,0,0.063,0
283627,-0.809,1114,0,,0.063,
283627,-0.587,1116,0,,0.063,
283627,-0.309,1118,0,,0.063,
283627,0,1120,0,,0.063,
283627,0.309,1122,0,,0.063,
283627,0.587,1124,0,,0.063,
283627,0.809,1126,0,,0.063,
283627,0.951,1128,0,,0.063,
283627,1,1130,0,,0.063,
283627,0.951,1132,0,0,0.063,0
283627,0.809,1134,0,,0.063,
283627,0.587,1136,0,,0.063,
283627,0.309,1138,0,,0.063,
283627,0,1140,0,,0.063,
283627,-0.309,1142,0,,0.063,
283627,-0.587,1144,0,,0.063,
283627,-0.809,1146,0,,0.063,
283627,-0.951,1148,0,,0.063,
283627,-1,1150,0,,0.063,
283627,-0.951,1152,0,0,0.063,0
283627,-0.809,1154,0,,0.063,
283627,-0.587,1156,0,,0.063,
283627,-0.309,1158,0,,0.063,
283627,0,1160,0,,0.063,
283627,0.309,1162,0,,0.063,
283627,0.587,1164,0,,0.063,
283627,0.809,1166,0,,0.063,
283627,0.951,1168,0,,0.063,
283627,1,1170,0,,0.063,
283627,0.951,1172,0,0,0.063,0
283627,0.809,1174,0,,0.063,
283627,0.587,1176,0,,0.063,
283627,0.309,1178,0,,0.063,
283627,0,1180,0,,0.063,
283627,-0.309,1182,0,,0.063,
283627,-0.587,1184,0,,0.063,
283627,-0.809,1186,0,,0.063,
283627,-0.951,1188,0,,0.063,
283627,-1,1190,0,,0.063,
283627,-0.951,1192,0,0,0.063,0
283627,-0.809,1194,0,,0.063,
283627,-0.587,1196,0,,0.063,
283627,-0.309,1198,0,,0.063,
283627,0,1200,0,,0.063,
283627,0.309,1202,0,,0.063,
283627,0.587,1204,0,,0.063,
283627,0.809,1206,0,,0.063,
283627,0.951,1208,0,,0.063,
283627,1,1210,0,,0.063,
283627,0.951,1212,0,0,0.063,0
283627,0.809,1214,0,,0.063,
283627,0.587,1216,0,,0.063,
283627,0.309,1218,0,,0.063,
283627,0,1220,0,,0.063,
283627,-0.309,1222,0,,0.063,
283627,-0.587,1224,0,,0.063,
283627,-0.809,1226,0,,0.063,
283627,-0.951,1228,0,,0.063,
283627,-1,1230,0,,0.063,
283627,-0.951,1232,0,0,0.063,0
283627,-0.809,1234,0,,0.063,
283627,-0.587,1236,0,,0.063,
283627,-0.309,1238,0,,0.063,
283627,0,1240,0,,0.063,
283627,0.309,1242,0,,0.063,
283627,0.587,1244,0,,0.063,
283627,0.809,1246,0,,0.063,
283627,0.951,1248,0,,0.063,
283627,1,1250,0,,0.063,
283627,0.951,1252,0,0,0.063,0
283627,0.809,1254,0,,0.063,
283627,0.587,1256,0,,0.063,
283627,0.309,1258,0,,0.063,
283627,0,1260,0,,0.063,
283627,-0.309,1262,0,,0.063,
283627,-0.587,1264,0,,0.063,
283627,-0.809,1266,0,,0.063,
283627,-0.951,1268,0,,0.063,
283627,-1,1270,0,,0.063,
283627,-0.951,1272,0,0,0.063,0
283627,-0.809,1274,0,,0.063,
283627,-0.587,1276,0,,0.063,
283627,-0.309,1278,0,,0.063,
283627,0,1280,0,,0.063,
283627,0.309,1282,0,,0.063,
283627,0.587,1284,0,,0.063,
283627,0.809,1286,0,,0.063,
283627,0.951,1288,0,,0.063,
283627,1,1290,0,,0.063,
283627,0.951,1292,0,0,0.063,0
283627,0.809,1294,0,,0.063,
283627,0.587,1296,0,,0.063,
283627,0.309,1298,0,,0.063,
283627,0,1300,0,,0.063,
283627,-0.309,1302,0,,0.063,
283627,-0.587,1304,0,,0.063,
283627,-0.809,1306,0,,0.063,
283627,-0.951,1308,0,,0.063,
283627,-1,1310,0,,0.063,
283627,-0.951,1312,0,0,0.063,0
283627,-0.809,1314,0,,0.063,
283627,-0.587,1316,0,,0.063,
283627,-0.309,1318,0,,0.063,
283627,0,1320,0,,0.063,
283627,0.309,1322,0,,0.063,
283627,0.587,1324,0,,0.063,
283627,0.809,1326,0,,0.063,
283627,0.951,1328,0,,0.063,
283627,1,1330,0,,0.063,
283627,0.951,1332,0,0,0.063,0
283627,0.809,1334,0,,0.063,
283627,0.587,1336,0,,0.063,
283627,0.309,1338,0,,0.063,
283627,0,1340,0,,0.063,
283627,-0.309,1342,0,,0.063,
283627,-0.587,1344,0,,0.063,
283627,-0.809,1346,0,,0.063,
283627,-0.951,1348,0,,0.063,
283627,-1,1350,0,,0.063,
283627,-0.951,1352,0,0,0.063,0
283627,-0.809,1354,0,,0.063,
283627,-0.587,1356,0,,0.063,
283627,-0.309,1358,0,,0.063,
283627,0,1360,0,,0.063,
283627,0.309,1362,0,,0.063,
283627,0.587,1364,0,,0.063,
283627,0.809,1366,0,,0.063,
283627,0.951,1368,0,,0.063,
283627,1,1370,0,,0.063,
283627,0.951,1372,0,0,0.063,0
283627,0.809,1374,0,,0.063,
283627,0.587,1376,0,,0.063,
283627,0.309,1378,0,,0.063,
283627,0,1380,0,,0.063,
283627,-0.309,1382,0,,0.063,
283627,-0.587,1384,0,,0.063,
283627,-0.809,1386,0,,0.063,
283627,-0.951,1388,0,,0.063,
283627,-1,1390,0,,0.063,
283627,-0.951,1392,0,0,0.063,0
283627,-0.809,1394,0,,0.063,
283627,-0.587,1396,0,,0.063,
283627,-0.309,1398,0,,0.063,
283627,0,1400,0,,0.063,
283627,0.309,1402,0,,0.063,
283627,0.587,1404,0,,0.063,
283627,0.809,1406,0,,0.063,
283627,0.951,1408,0,,0.063,
283627,1,1410,0,,0.063,
283627,0.951,1412,0,0,0.063,0
283627,0.809,1414,0,,0.063,
283627,0.587,1416,0,,0.063,
283627,0.309,1418,0,,0.063,
283627,0,1420,0,,0.063,
283627,-0.309,1422,0,,0.063,
283627,-0.587,1424,0,,0.063,
283627,-0.809,1426,0,,0.063,
283627,-0.951,1428,0,,0.063,
283627,-1,1430,0,,0.063,
283627,-0.951,1432,0,0,0.063,0
283627,-0.809,1434,0,,0.063,
283627,-0.587,1436,0,,0.063,
283627,-0.309,1438,0,,0.063,
283627,0,1440,0,,0.063,
283627,0.309,1442,0,,0.063,
283627,0.587,1444,0,,0.063,
283627,0.809,1446,0,,0.063,
283627,0.951,1448,0,,0.063,
283627,1,1450,0,,0.063,
283627,0.951,1452,0,0,0.063,0
283627,0.809,1454,0,,0.063,
283627,0.587,1456,0,,0.063,
283627,0.309,1458,0,,0.063,
283627,0,1460,0,,0.063,
283627,-0.309,1462,0,,0.063,
283627,-0.587,1464,0,,0.063,
283627,-0.809,1466,0,,0.063,
283627,-0.951,1468,0,,0.063,
283627,-1,1470,0,,0.063,
283627,-0.951,1472,0,0,0.063,0
283627,-0.809,1474,0,,0.063,
283627,-0.587,1476,0,,0.063,
283627,-0.309,1478,0,,0.063,
283627,0,1480,0,,0.063,
283627,0.309,1482,0,,0.063,
283627,0.587,1484,0,,0.063,
283627,0.809,1486,0,,0.063,
283627,0.951,1488,0,,0.063,
283627,1,1490,0,,0.063,
283627,0.951,1492,0,0,0.063,0
283627,0.809,1494,0,,0.063,
283627,0.587,1496,0,,0.063,
283627,0.309,1498,0,,0.063,
283627,0,1500,0,,0.063,
283627,-0.309,1502,0,,0.063,
283627,-0.587,1504,0,,0.063,
283627,-0.809,1506,0,,0.063,
283627,-0.951,1508,0,,0.063,
283627,-1,1510,0,,0.063,
283627,-0.951,1512,0,0,0.063,0
283627,-0.809,1514,0,,0.063,
283627,-0.587,1516,0,,0.063,
283627,-0.309,1518,0,,0.063,
283627,0,1520,0,,0.063,
283627,0.309,1522,0,,0.063,
283627,0.587,1524,0,,0.063,
283627,0.809,1526,0,,0.063,
283627,0.951,1528,0,,0.063,
283627,1,1530,0,,0.063,
283627,0.951,1532,0,0,0.063,0
283627,0.809,1534,0,,0.063,
283627,0.587,1536,0,,0.063,
283627,0.309,1538,0,,0.063,
283627,0,1540,0,,0.063,
283627,-0.309,1542,0,,0.063,
283627,-0.587,1544,0,,0.063,
283627,-0.809,1546,0,,0.063,
283627,-0.951,1548,0,,0.063,
283627,-1,1550,0,,0.063,
283627,-0.951,1552,0,0,0.063,0
283627,-0.809,1554,0,,0.063,
283627,-0.587,1556,0,,0.063,
283627,-0.309,1558,0,,0.063,
283627,0,1560,0,,0.063,
283627,0.309,1562,0,,0.063,
283627,0.587,1564,0,,0.063,
283627,0.809,1566,0,,0.063,
283627,0.951,1568,0,,0.063,
283627,1,1570,0,,0.063,
283627,0.951,1572,0,0,0.063,0
283627,0.809,1574,0,,0.063,
283627,0.587,1576,0,,0.063,
283627,0.309,1578,0,,0.063,
283627,0,1580,0,,0.063,
283627,-0.309,1582,0,,0.063,
283627,-0.587,1584,0,,0.063,
283627,-0.809,1586,0,,0.063,
283627,-0.951,1588,0,,0.063,
283627,-1,1590,0,,0.063,
283627,-0.951,1592,0,0,0.063,0
283627,-0.809,1594,0,,0.063,
283627,-0.587,1596,0,,0.063,
283627,-0.309,1598,0,,0.063,
283627,0,1600,0,,0.063,
283627,0.309,1602,0,,0.063,
283627,0.587,1604,0,,0.063,
283627,0.809,1606,0,,0.063,
283627,0.951,1608,0,,0.063,
283627,1,1610,0,,0.063,
283627,0.951,1612,0,0,0.063,0
283627,0.809,1614,0,,0.063,
283627,0.587,1616,0,,0.063,
283627,0.309,1618,0,,0.063,
283627,0,1620,0,,0.063,
283627,-0.309,1622,0,,0.063,
283627,-0.587,1624,0,,0.063,
283627,-0.809,1626,0,,0.063,
283627,-0.951,1628,0,,0.063,
283627,-1,1630,0,,0.063,
283627,-0.951,1632,0,0,0.063,0
283627,-0.809,1634,0,,0.063,
283627,-0.587,1636,0,,0.063,
283627,-0.309,1638,0,,0.063,
283627,0,1640,0,,0.063,
283627,0.309,1642,0,,0.063,
283627,0.587,1644,0,,0.063,
283627,0.809,1646,0,,0.063,
283627,0.951,1648,0,,0.063,
283627,1,1650,0,,0.063,
283627,0.951,1652,0,0,0.063,0
283627,0.809,1654,0,,0.063,
283627,0.587,1656,0,,0.063,
283627,0.309,1658,0,,0.063,
283627,0,1660,0,,0.063,
283627,-0.309,1662,0,,0.063,
283627,-0.587,1664,0,,0.063,
283627,-0.809,1666,0,,0.063,
283627,-0.951,1668,0,,0.063,
283627,-1,1670,0,,0.063,
283627,-0.951,1672,0,0,0.063,0
283627,-0.809,1674,0,,0.063,
283627,-0.587,1676,0,,0.063,
283627,-0.309,1678,0,,0.063,
283627,0,1680,0,,0.063,
283627,0.309,1682,0,,0.063,
283627,0.587,1684,0,,0.063,
283627,0.809,1686,0,,0.063,
283627,0.951,1688,0,,0.063,
283627,1,1690,0,,0.063,
283627,0.951,1692,0,0,0.063,0
283627,0.809,1694,0,,0.063,
283627,0.587,1696,0,,0.063,
283627,0.309,1698,0,,0.063,
283627,0,1700,0,,0.063,
283627,-0.309,1702,0,,0.063,
283627,-0.587,1704,0,,0.063,
283627,-0.809,1706,0,,0.063,
283627,-0.951,1708,0,,0.063,
283627,-1,1710,0,,0.063,
283627,-0.951,1712,0,0,0.063,0
283627,-0.809,1714,0,,0.063,
283627,-0.587,1716,0,,0.063,
283627,-0.309,1718,0,,0.063,
283627,0,1720,0,,0.063,
283627,0.309,1722,0,,0.063,
283627,0.587,1724,0,,0.063,
283627,0.809,1726,0,,0.063,
283627,0.951,1728,0,,0.063,
283627,1,1730,0,,0.063,
283627,0.951,1732,0,0,0.063,0
283627,0.809,1734,0,,0.063,
283627,0.587,1736,0,,0.063,
283627,0.309,1738,0,,0.063,
283627,0,1740,0,,0.063,
283627,-0.309,1742,0,,0.063,
283627,-0.587,1744,0,,0.063,
283627,-0.809,1746,0,,0.063,
283627,-0.951,1748,0,,0.063,
283627,-1,1750,0,,0.063,
283627,-0.951,1752,0,0,0.063,0
283627,-0.809,1754,0,,0.063,
283627,-0.587,1756,0,,0.063,
283627,-0.309,1758,0,,0.063,
283627,0,1760,0,,0.063,
283627,0.309,1762,0,,0.063,
283627,0.587,1764,0,,0.063,
283627,0.809,1766,0,,0.063,
283627,0.951,1768,0,,0.063,
283627,1,1770,0,,0.063,
283627,0.951,1772,0,0,0.063,0
283627,0.809,1774,0,,0.063,
283627,0.587,1776,0,,0.063,
283627,0.309,1778,0,,0.063,
283627,0,1780,0,,0.063,
283627,-0.309,1782,0,,0.063,
283627,-0.587,1784,0,,0.063,
283627,-0.809,1786,0,,0.063,
283627,-0.951,1788,0,,0.063,
283627,-1,1790,0,,0.063,
283627,-0.951,1792,0,0,0.063,0
283627,-0.809,1794,0,,0.063,
283627,-0.587,1796,0,,0.063,
283627,-0.309,1798,0,,0.063,
283627,0,1800,0,,0.063,
283627,0.309,1802,0,,0.063,
283627,0.587,1804,0,,0.063,
283627,0.809,1806,0,,0.063,
283627,0.951,1808,0,,0.063,
283627,1,1810,0,,0.063,
283627,0.951,1812,0,0,0.063,0
283627,0.809,1814,0,,0.063,
283627,0.587,1816,0,,0.063,
283627,0.309,1818,0,,0.063,
283627,0,1820,0,,0.063,
283627,-0.309,1822,0,,0.063,
283627,-0.587,1824,0,,0.063,
283627,-0.809,1826,0,,0.063,
283627,-0.951,1828,0,,0.063,
283627,-1,1830,0,,0.063,
283627,-0.951,1832,0,0,0.063,0
283627,-0.809,1834,0,,0.063,
283627,-0.587,1836,0,,0.063,
283627,-0.309,1838,0,,0.063,
283627,0,1840,0,,0.063,
283627,0.309,1842,0,,0.063,
283627,0.587,1844,0,,0.063,
283627,0.809,1846,0,,0.063,
283627,0.951,1848,0,,0.063,
283627,1,1850,0,,0.063,
283627,0.951,1852,0,0,0.063,0
283627,0.809,1854,0,,0.063,
283627,0.587,1856,0,,0.063,
283627,0.309,1858,0,,0.063,
283627,0,1860,0,,0.063,
283627,-0.309,1862,0,,0.063,
283627,-0.587,1864,0,,0.063,
283627,-0.809,1866,0,,0.063,
283627,-0.951,1868,0,,0.063,
283627,-1,1870,0,,0.063,
283627,-0.951,1872,0,0,0.063,0
283627,-0.809,1874,0,,0.063,
283627,-0.587,1876,0,,0.063,
283627,-0.309,1878,0,,0.063,
283627,0,1880,0,,0.063,
283627,0.309,1882,0,,0.063,
283627,0.587,1884,0,,0.063,
283627,0.809,1886,0,,0.063,
283627,0.951,1888,0,,0.063,
283627,1,1890,0,,0.063,
283627,0.951,1892,0,0,0.063,0
283627,0.809,1894,0,,0.063,
283627,0.587,1896,0,,0.063,
283627,0.309,1898,0,,0.063,
283627,0,1900,0,,0.063,
283627,-0.309,1902,0,,0.063,
283627,-0.587,1904,0,,0.063,
283627,-0.809,1906,0,,0.063,
283627,-0.951,1908,0,,0.063,
283627,-1,1910,0,,0.063,
283627,-0.951,1912,0,0,0.063,0
283627,-0.809,1914,0,,0.063,
283627,-0.587,1916,0,,0.063,
283627,-0.309,1918,0,,0.063,
283627,0,1920,0,,0.063,
283627,0.309,1922,0,,0.063,
283627,0.587,1924,0,,0.063,
283627,0.809,1926,0,,0.063,
283627,0.951,1928,0,,0.063,
283627,1,1930,0,,0.063,
283627,0.951,1932,0,0,0.063,0
283627,0.809,1934,0,,0.063,
283627,0.587,1936,0,,0.063,
283627,0.309,1938,0,,0.063,
283627,0,1940,0,,0.063,
283627,-0.309,1942,0,,0.063,
283627,-0.587,1944,0,,0.063,
283627,-0.809,1946,0,,0.063,
283627,-0.951,1948,0,,0.063,
283627,-1,1950,0,,0.063,
283627,-0.951,1952,0,0,0.063,0
283627,-0.809,1954,0,,0.063,
283627,-0.587,1956,0,,0.063,
283627,-0.309,1958,0,,0.063,
283627,0,1960,0,,0.063,
283627,0.309,1962,0,,0.063,
283627,0.587,1964,0,,0.063,
283627,0.809,1966,0,,0.063,
283627,0.951,1968,0,,0.063,
283627,1,1970,0,,0.063,
283627,0.951,1972,0,0,0.063,0
283627,0.809,1974,0,,0.063,
283627,0.587,1976,0,,0.063,
283627,0.309,1978,0,,0.063,
283627,0,1980,0,,0.063,
283627,-0.309,1982,0,,0.063,
283627,-0.587,1984,0,,0.063,
283627,-0.809,1986,0,,0.063,
283627,-0.951,1988,0,,0.063,
283627,-1,1990,0,,0.063,
283627,-0.951,1992,0,0,0.063,0
283627,-0.809,1994,0,,0.063,
283627,-0.587,1996,0,,0.063,
283627,-0.309,1998,0,,0.063,
283627,0,2000,0,,0.063,
283627,0.309,2002,0,,0.063,
283627,0.587,2004,0,,0.063,
283627,0.809,2006,0,,0.063,
283627,0.951,2008,0,,0.063,
283627,1,2010,0,,0.063,
283627,0.951,2012,0,0,0.063,0
283627,0.809,2014,0,,0.063,
283627,0.587,2016,0,,0.063,
283627,0.309,2018,0,,0.063,
283627,0,2020,0,,0.063,
283627,-0.309,2022,0,,0.063,
283627,-0.587,2024,0,,0.063,
283627,-0.809,2026,0,,0.063,
283627,-0.951,2028,0,,0.063,
283627,-1,2030,0,,0.063,
283627,-0.951,2032,0,0,0.063,0
283627,-0.809,2034,0,,0.063,
283627,-0.587,2036,0,,0.063,
283627,-0.309,2038,0,,0.063,
283627,0,2040,0,,0.063,
283627,0.309,2042,0,,0.063,
283627,0.587,2044,0,,0.063,
283627,0.809,2046,0,,0.063,
283627,0.951,2048,0,,0.063,
283627,1,2050,0,,0.063,
283627,0.951,2052,0,0,0.063,0
283627,0.809,2054,0,,0.063,
283627,0.587,2056,0,,0.063,
283627,0.309,2058,0,,0.063,
283627,0,2060,0,,0.063,
283627,-0.309,2062,0,,0.063,
283627,-0.587,2064,0,,0.063,
283627,-0.809,2066,0,,0.063,
283627,-0.951,2068,0,,0.063,
283627,-1,2070,0,,0.063,
283627,-0.951,2072,0,0,0.063,0
283627,-0.809,2074,0,,0.063,
283627,-0.587,2076,0,,0.063,
283627,-0.309,2078,0,,0.063,
283627,0,2080,0,,0.063,
283627,0.309,2082,0,,0.063,
283627,0.587,2084,0,,0.063,
283627,0.809,2086,0,,0.063,
283627,0.951,2088,0,,0.063,
283627,1,2090,0,,0.063,
283627,0.951,2092,0,0,0.063,0
283627,0.809,2094,0,,0.063,
283627,0.587,2096,0,,0.063,
283627,0.309,2098,0,,0.063,
283627,0,2100,0,,0.063,
283627,-0.309,2102,0,,0.063,
283627,-0.587,2104,0,,0.063,
283627,-0.809,2106,0,,0.063,
283627,-0.951,2108,0,,0.063,
283627,-1,2110,0,,0.063,
283627,-0.951,2112,0,0,0.063,0
283627,-0.809,2114,0,,0.063,
283627,-0.587,2116,0,,0.063,
283627,-0.309,2118,0,,0.063,
283627,0,2120,0,,0.063,
283627,0.309,2122,0,,0.063,
283627,0.587,2124,0,,0.063,
283627,0.809,2126,0,,0.063,
283627,0.951,2128,0,,0.063,
283627,1,2130,0,,0.063,
283627,0.951,2132,0,0,0.063,0
283627,0.809,2134,0,,0.063,
283627,0.587,2136,0,,0.063,
283627,0.309,2138,0,,0.063,
283627,0,2140,0,,0.063,
283627,-0.309,2142,0,,0.063,
283627,-0.587,2144,0,,0.063,
283627,-0.809,2146,0,,0.063,
283627,-0.951,2148,0,,0.063,
283627,-1,2150,0,,0.063,
283627,-0.951,2152,0,0,0.063,0
283627,-0.809,2154,0,,0.063,
283627,-0.587,2156,0,,0.063,
283627,-0.309,2158,0,,0.063,
283627,0,2160,0,,0.063,
283627,0.309,2162,0,,0.063,
283627,0.587,2164,0,,0.063,
283627,0.809,2166,0,,0.063,
283627,0.951,2168,0,,0.063,
283627,1,2170,0,,0.063,
283627,0.951,2172,0,0,0.063,0
283627,0.809,2174,0,,0.063,
283627,0.587,2176,0,,0.063,
283627,0.309,2178,0,,0.063,
283627,0,2180,0,,0.063,
283627,-0.309,2182,0,,0.063,
283627,-0.587,2184,0,,0.063,
283627,-0.809,2186,0,,0.063,
283627,-0.951,2188,0,,0.063,
283627,-1,2190,0,,0.063,
283627,-0.951,2192,0,0,0.063,0
283627,-0.809,2194,0,,0.063,
283627,-0.587,2196,0,,0.063,
283627,-0.309,2198,0,,0.063,
283627,0,2200,0,,0.063,
283627,0.309,2202,0,,0.063,
283627,0.587,2204,0,,0.063,
283627,0.809,2206,0,,0.063,
283627,0.951,2208,0,,0.063,
283627,1,2210,0,,0.063,
283627,0.951,2212,0,0,0.063,0
283627,0.809,2214,0,,0.063,
283627,0.587,2216,0,,0.063,
283627,0.309,2218,0,,0.063,
283627,0,2220,0,,0.063,
283627,-0.309,2222,0,,0.063,
283627,-0.587,2224,0,,0.063,
283627,-0.809,2226,0,,0.063,
283627,-0.951,2228,0,,0.063,
283627,-1,2230,0,,0.063,
283627,-0.951,2232,0,0,0.063,0
283627,-0.809,2234,0,,0.063,
283627,-0.587,2236,0,,0.063,
283627,-0.309,2238,0,,0.063,
283627,0,2240,0,,0.063,
283627,0.309,2242,0,,0.063,
283627,0.587,2244,0,,0.063,
283627,0.809,2246,0,,0.063,
283627,0.951,2248,0,,0.063,
283627,1,2250,0,,0.063,
283627,0.951,2252,0,0,0.063,0
283627,0.809,2254,0,,0.063,
283627,0.587,2256,0,,0.063,
283627,0.309,2258,0,,0.063,
283627,0,2260,0,,0.063,
283627,-0.309,2262,0,,0.063,
283627,-0.587,2264,0,,0.063,
283627,-0.809,2266,0,,0.063,
283627,-0.951,2268,0,,0.063,
283627,-1,2270,0,,0.063,
283627,-0.951,2272,0,0,0.063,0
283627,-0.809,2274,0,,0.063,
283627,-0.587,2276,0,,0.063,
283627,-0.309,2278,0,,0.063,
283627,0,2280,0,,0.063,
283627,0.309,2282,0,,0.063,
283627,0.587,2284,0,,0.063,
283627,0.809,2286,0,,0.063,
283627,0.951,2288,0,,0.063,
283627,1,2290,0,,0.063,
283627,0.951,2292,0,0,0.063,0
283627,0.809,2294,0,,0.063,
283627,0.587,2296,0,,0.063,
283627,0.309,2298,0,,0.063,
283627,0,2300,0,,0.063,
283627,-0.309,2302,0,,0.063,
283627,-0.587,2304,0,,0.063,
283627,-0.809,2306,0,,0.063,
283627,-0.951,2308,0,,0.063,
283627,-1,2310,0,,0.063,
283627,-0.951,2312,0,0,0.063,0
283627,-0.809,2314,0,,0.063,
283627,-0.587,2316,0,,0.063,
283627,-0.309,2318,0,,0.063,
283627,0,2320,0,,0.063,
283627,0.309,2322,0,,0.063,
283627,0.587,2324,0,,0.063,
283627,0.809,2326,0,,0.063,
283627,0.951,2328,0,,0.063,
283627,1,2330,0,,0.063,
283627,0.951,2332,0,0,0.063,0
283627,0.809,2334,0,,0.063,
283627,0.587,2336,0,,0.063,
283627,0.309,2338,0,,0.063,
283627,0,2340,0,,0.063,
283627,-0.309,2342,0,,0.063,
283627,-0.587,2344,0,,0.063,
283627,-0.809,2346,0,,0.063,
283627,-0.951,2348,0,,0.063,
283627,-1,2350,0,,0.063,
283627,-0.951,2352,0,0,0.063,0
283627,-0.809,2354,0,,0.063,
283627,-0.587,2356,0,,0.063,
283627,-0.309,2358,0,,0.063,
283627,0,2360,0,,0.063,
283627,0.309,2362,0,,0.063,
283627,0.587,2364,0,,0.063,
283627,0.809,2366,0,,0.063,
283627,0.951,2368,0,,0.063,
283627,1,2370,0,,0.063,
283627,0.951,2372,0,0,0.063,0
283627,0.809,2374,0,,0.063,
283627,0.587,2376,0,,0.063,
283627,0.309,2378,0,,0.063,
283627,0,2380,0,,0.063,
283627,-0.309,2382,0,,0.063,
283627,-0.587,2384,0,,0.063,
283627,-0.809,2386,0,,0.063,
283627,-0.951,2388,0,,0.063,
283627,-1,2390,0,,0.063,
283627,-0.951,2392,0,0,0.063,0
283627,-0.809,2394,0,,0.063,
283627,-0.587,2396,0,,0.063,
283627,-0.309,2398,0,,0.063,
283627,0,2400,0,,0.063,
283627,0.309,2402,0,,0.063,
283627,0.587,2404,0,,0.063,
283627,0.809,2406,0,,0.063,
283627,0.951,2408,0,,0.063,
283627,1,2410,0,,0.063,
283627,0.951,2412,0,0,0.063,0
283627,0.809,2414,0,,0.063,
283627,0.587,2416,0,,0.063,
283627,0.309,2418,0,,0.063,
283627,0,2420,0,,0.063,
283627,-0.309,2422,0,,0.063,
283627,-0.587,2424,0,,0.063,
283627,-0.809,2426,0,,0.063,
283627,-0.951,2428,0,,0.063,
283627,-1,2430,0,,0.063,
283627,-0.951,2432,0,0,0.063,0
283627,-0.809,2434,0,,0.063,
283627,-0.587,2436,0,,0.063,
283627,-0.309,2438,0,,0.063,
283627,0,2440,0,,0.063,
283627,0.309,2442,0,,0.063,
283627,0.587,2444,0,,0.063,
283627,0.809,2446,0,,0.063,
283627,0.951,2448,0,,0.063,
283627,1,2450,0,,0.063,
283627,0.951,2452,0,0,0.063,0
283627,0.809,2454,0,,0.063,
283627,0.587,2456,0,,0.063,
283627,0.309,2458,0,,0.063,
283627,0,2460,0,,0.063,
283627,-0.309,2462,0,,0.063,
283627,-0.587,2464,0,,0.063,
283627,-0.809,2466,0,,0.063,
283627,-0.951,2468,0,,0.063,
283627,-1,2470,0,,0.063,
283627,-0.951,2472,0,0,0.063,0
283627,-0.809,2474,0,,0.063,
283627,-0.587,2476,0,,0.063,
283627,-0.309,2478,0,,0.063,
283627,0,2480,0,,0.063,
283627,0.309,2482,0,,0.063,
283627,0.587,2484,0,,0.063,
283627,0.809,2486,0,,0.063,
283627,0.951,2488,0,,0.063,
283627,1,2490,0,,0.063,
283627,0.951,2492,0,0,0.063,0
283627,0.809,2494,0,,0.063,
283627,0.587,2496,0,,0.063,
283627,0.309,2498,0,,0.063,
283627,0,2500,0,,0.063,
283627,-0.309,2502,0,,0.063,
283627,-0.587,2504,0,,0.063,
283627,-0.809,2506,0,,0.063,
283627,-0.951,2508,0,,0.063,
283627,-1,2510,0,,0.063,
283627,-0.951,2512,0,0,0.063,0
283627,-0.809,2514,0,,0.063,
283627,-0.587,2516,0,,0.063,
283627,-0.309,2518,0,,0.063,
283627,0,2520,0,,0.063,
283627,0.309,2522,0,,0.063,
283627,0.587,2524,0,,0.063,
283627,0.809,2526,0,,0.063,
283627,0.951,2528,0,,0.063,
283627,1,2530,0,,0.063,
283627,0.951,2532,0,0,0.063,0
283627,0.809,2534,0,,0.063,
283627,0.587,2536,0,,0.063,
283627,0.309,2538,0,,0.063,
283627,0,2540,0,,0.063,
283627,-0.309,2542,0,,0.063,
283627,-0.587,2544,0,,0.063,
283627,-0.809,2546,0,,0.063,
283627,-0.951,2548,0,,0.063,
283627,-1,2550,0,,0.063,
283627,-0.951,2552,0,0,0.063,0
283627,-0.809,2554,0,,0.063,
283627,-0.587,2556,0,,0.063,
283627,-0.309,2558,0,,0.063,
283627,0,2560,0,,0.063,
283627,0.309,2562,0,,0.063,
283627,0.587,2564,0,,0.063,
283627,0.809,2566,0,,0.063,
283627,0.951,2568,0,,0.063,
283627,1,2570,0,,0.063,
283627,0.951,2572,0,0,0.063,0
283627,0.809,2574,0,,0.063,
283627,0.587,2576,0,,0.063,
283627,0.309,2578,0,,0.063,
283627,0,2580,0,,0.063,
283627,-0.309,2582,0,,0.063,
283627,-0.587,2584,0,,0.063,
283627,-0.809,2586,0,,0.063,
283627,-0.951,2588,0,,0.063,
283627,-1,2590,0,,0.063,
283627,-0.951,2592,0,0,0.063,0
283627,-0.809,2594,0,,0.063,
283627,-0.587,2596,0,,0.063,
283627,-0.309,2598,0,,0.063,
283627,0,2600,0,,0.063,
283627,0.309,2602,0,,0.063,
283627,0.587,2604,0,,0.063,
283627,0.809,2606,0,,0.063,
283627,0.951,2608,0,,0.063,
283627,1,2610,0,,0.063,
283627,0.951,2612,0,0,0.063,0
283627,0.809,2614,0,,0.063,
283627,0.587,2616,0,,0.063,
283627,0.309,2618,0,,0.063,
283627,0,2620,0,,0.063,
283627,-0.309,2622,0,,0.063,
283627,-0.587,2624,0,,0.063,
283627,-0.809,2626,0,,0.063,
283627,-0.951,2628,0,,0.063,
283627,-1,2630,0,,0.063,
283627,-0.951,2632,0,0,0.063,0
283627,-0.809,2634,0,,0.063,
283627,-0.587,2636,0,,0.063,
283627,-0.309,2638,0,,0.063,
283627,0,2640,0,,0.063,
283627,0.309,2642,0,,0.063,
283627,0.587,2644,0,,0.063,
283627,0.809,2646,0,,0.063,
283627,0.951,2648,0,,0.063,
283627,1,2650,0,,0.063,
283627,0.951,2652,0,0,0.063,0
283627,0.809,2654,0,,0.063,
283627,0.587,2656,0,,0.063,
283627,0.309,2658,0,,0.063,
283627,0,2660,0,,0.063,
283627,-0.309,2662,0,,0.063,
283627,-0.587,2664,0,,0.063,
283627,-0.809,2666,0,,0.063,
283627,-0.951,2668,0,,0.063,
283627,-1,2670,0,,0.063,
283627,-0.951,2672,0,0,0.063,0
283627,-0.809,2674,0,,0.063,
283627,-0.587,2676,0,,0.063,
283627,-0.309,2678,0,,0.063,
283627,0,2680,0,,0.063,
283627,0.309,2682,0,,0.063,
283627,0.587,2684,0,,0.063,
283627,0.809,2686,0,,0.063,
283627,0.951,2688,0,,0.063,
283627,1,2690,0,,0.063,
283627,0.951,2692,0,0,0.063,0
283627,0.809,2694,0,,0.063,
283627,0.587,2696,0,,0.063,
283627,0.309,2698,0,,0.063,
283627,0,2700,0,,0.063,
283627,-0.309,2702,0,,0.063,
283627,-0.587,2704,0,,0.063,
283627,-0.809,2706,0,,0.063,
283627,-0.951,2708,0,,0.063,
283627,-1,2710,0,,0.063,
283627,-0.951,2712,0,0,0.063,0
283627,-0.809,2714,0,,0.063,
283627,-0.587,2716,0,,0.063,
283627,-0.309,2718,0,,0.063,
283627,0,2720,0,,0.063,
283627,0.309,2722,0,,0.063,
283627,0.587,2724,0,,0.063,
283627,0.809,2726,0,,0.063,
283627,0.951,2728,0,,0.063,
283627,1,2730,0,,0.063,
283627,0.951,2732,0,0,0.063,0
283627,0.809,2734,0,,0.063,
283627,0.587,2736,0,,0.063,
283627,0.309,2738,0,,0.063,
283627,0,2740,0,,0.063,
283627,-0.309,2742,0,,0.063,
283627,-0.587,2744,0,,0.063,
283627,-0.809,2746,0,,0.063,
283627,-0.951,2748,0,,0.063,
283627,-1,2750,0,,0.063,
283627,-0.951,2752,0,0,0.063,0
283627,-0.809,2754,0,,0.063,
283627,-0.587,2756,0,,0.063,
283627,-0.309,2758,0,,0.063,
283627,0,2760,0,,0.063,
283627,0.309,2762,0,,0.063,
283627,0.587,2764,0,,0.063,
283627,0.809,2766,0,,0.063,
283627,0.951,2768,0,,0.063,
283627,1,2770,0,,0.063,
283627,0.951,2772,0,0,0.063,0
283627,0.809,2774,0,,0.063,
283627,0.587,2776,0,,0.063,
283627,0.309,2778,0,,0.063,
283627,0,2780,0,,0.063,
283627,-0.309,2782,0,,0.063,
283627,-0.587,2784,0,,0.063,
283627,-0.809,2786,0,,0.063,
283627,-0.951,2788,0,,0.063,
283627,-1,2790,0,,0.063,
283627,-0.951,2792,0,0,0.063,0
283627,-0.809,2794,0,,0.063,
283627,-0.587,2796,0,,0.063,
283627,-0.309,2798,0,,0.063,
283627,0,2800,0,,0.063,
283627,0.309,2802,0,,0.063,
283627,0.587,2804,0,,0.063,
283627,0.809,2806,0,,0.063,
283627,0.951,2808,0,,0.063,
283627,1,2810,0,,0.063,
283627,0.951,2812,0,0,0.063,0
283627,0.809,2814,0,,0.063,
283627,0.587,2816,0,,0.063,
283627,0.309,2818,0,,0.063,
283627,0,2820,0,,0.063,
283627,-0.309,2822,0,,0.063,
283627,-0.587,2824,0,,0.063,
283627,-0.809,2826,0,,0.063,
283627,-0.951,2828,0,,0.063,
283627,-1,2830,0,,0.063,
283627,-0.951,2832,0,0,0.063,0
283627,-0.809,2834,0,,0.063,
283627,-0.587,2836,0,,0.063,
283627,-0.309,2838,0,,0.063,
283627,0,2840,0,,0.063,
283627,0.309,2842,0,,0.063,
283627,0.587,2844,0,,0.063,
283627,0.809,2846,0,,0.063,
283627,0.951,2848,0,,0.063,
283627,1,2850,0,,0.063,
283627,0.951,2852,0,0,0.063,0
283627,0.809,2854,0,,0.063,
283627,0.587,2856,0,,0.063,
283627,0.309,2858,0,,0.063,
283627,0,2860,0,,0.063,
283627,-0.309,2862,0,,0.063,
283627,-0.587,2864,0,,0.063,
283627,-0.809,2866,0,,0.063,
283627,-0.951,2868,0,,0.063,
283627,-1,2870,0,,0.063,
283627,-0.951,2872,0,0,0.063,0
283627,-0.809,2874,0,,0.063,
283627,-0.587,2876,0,,0.063,
283627,-0.309,2878,0,,0.063,
283627,0,2880,0,,0.063,
283627,0.309,2882,0,,0.063,
283627,0.587,2884,0,,0.063,
283627,0.809,2886,0,,0.063,
283627,0.951,2888,0,,0.063,
283627,1,2890,0,,0.063,
283627,0.951,2892,0,0,0.063,0
283627,0.809,2894,0,,0.063,
283627,0.587,2896,0,,0.063,
283627,0.309,2898,0,,0.063,
283627,0,2900,0,,0.063,
283627,-0.309,2902,0,,0.063,
283627,-0.587,2904,0,,0.063,
283627,-0.809,2906,0,,0.063,
283627,-0.951,2908,0,,0.063,
283627,-1,2910,0,,0.063,
283627,-0.951,2912,0,0,0.063,0
283627,-0.809,2914,0,,0.063,
283627,-0.587,2916,0,,0.063,
283627,-0.309,2918,0,,0.063,
283627,0,2920,0,,0.063,
283627,0.309,2922,0,,0.063,
283627,0.587,2924,0,,0.063,
283627,0.809,2926,0,,0.063,
283627,0.951,2928,0,,0.063,
283627,1,2930,0,,0.063,
283627,0.951,2932,0,0,0.063,0
283627,0.809,2934,0,,0.063,
283627,0.587,2936,0,,0.063,
283627,0.309,2938,0,,0.063,
283627,0,2940,0,,0.063,
283627,-0.309,2942,0,,0.063,
283627,-0.587,2944,0,,0.063,
283627,-0.809,2946,0,,0.063,
283627,-0.951,2948,0,,0.063,
283627,-1,2950,0,,0.063,
283627,-0.951,2952,0,0,0.063,0
283627,-0.809,2954,0,,0.063,
283627,-0.587,2956,0,,0.063,
283627,-0.309,2958,0,,0.063,
283627,0,2960,0,,0.063,
283627,0.309,2962,0,,0.063,
283627,0.587,2964,0,,0.063,
283627,0.809,2966,0,,0.063,
283627,0.951,2968,0,,0.063,
283627,1,2970,0,,0.063,
283627,0.951,2972,0,0,0.063,0
283627,0.809,2974,0,,0.063,
283627,0.587,2976,0,,0.063,
283627,0.309,2978,0,,0.063,
283627,0,2980,0,,0.063,
283627,-0.309,2982,0,,0.063,
283627,-0.587,2984,0,,0.063,
283627,-0.809,2986,0,,0.063,
283627,-0.951,2988,0,,0.063,
283627,-1,2990,0,,0.063,
283627,-0.951,2992,0,0,0.063,0
283627,-0.809,2994,0,,0.063,
283627,-0.587,2996,0,,0.063,
283627,-0.309,2998,0,,0.063,
283627,0,3000,0,,0.063,
283627,0.309,3002,0,,0.063,
283627,0.587,3004,0,,0.063,
283627,0.809,3006,0,,0.063,
283627,0.951,3008,0,,0.063,
283627,1,3010,0,,0.063,
283627,0.951,3012,0,0,0.063,0
283627,0.809,3014,0,,0.063,
283627,0.587,3016,0,,0.063,
283627,0.309,3018,0,,0.063,
283627,0,3020,0,,0.063,
283627,-0.309,3022,0,,0.063,
283627,-0.587,3024,0,,0.063,
283627,-0.809,3026,0,,0.063,
283627,-0.951,3028,0,,0.063,
283627,-1,3030,0,,0.063,
283627,-0.951,3032,0,0,0.063,0
283627,-0.809,3034,0,,0.063,
283627,-0.587,3036,0,,0.063,
283627,-0.309,3038,0,,0.063,
283627,0,3040,0,,0.063,
283627,0.309,3042,0,,0.063,
283627,0.587,3044,0,,0.063,
283627,0.809,3046,0,,0.063,
283627,0.951,3048,0,,0.063,
283627,1,3050,0,,0.063,
283627,0.951,3052,0,0,0.063,0
283627,0.809,3054,0,,0.063,
283627,0.587,3056,0,,0.063,
283627,0.309,3058,0,,0.063,
283627,0,3060,0,,0.063,
283627,-0.309,3062,0,,0.063,
283627,-0.587,3064,0,,0.063,
283627,-0.809,3066,0,,0.063,
283627,-0.951,3068,0,,0.063,
283627,-1,3070,0,,0.063,
283627,-0.951,3072,0,0,0.063,0
283627,-0.809,3074,0,,0.063,
283627,-0.587,3076,0,,0.063,
283627,-0.309,3078,0,,0.063,
283627,0,3080,0,,0.063,
283627,0.309,3082,0,,0.063,
283627,0.587,3084,0,,0.063,
283627,0.809,3086,0,,0.063,
283627,0.951,3088,0,,0.063,
283627,1,3090,0,,0.063,
283627,0.951,3092,0,0,0.063,0
283627,0.809,3094,0,,0.063,
283627,0.587,3096,0,,0.063,
283627,0.309,3098,0,,0.063,
283627,0,3100,0,,0.063,
283627,-0.309,3102,0,,0.063,
283627,-0.587,3104,0,,0.063,
283627,-0.809,3106,0,,0.063,
283627,-0.951,3108,0,,0.063,
283627,-1,3110,0,,0.063,
283627,-0.951,3112,0,0,0.063,0
283627,-0.809,3114,0,,0.063,
283627,-0.587,3116,0,,0.063,
283627,-0.309,3118,0,,0.063,
283627,0,3120,0,,0.063,
283627,0.309,3122,0,,0.063,
283627,0.587,3124,0,,0.063,
283627,0.809,3126,0,,0.063,
283627,0.951,3128,0,,0.063,
283627,1,3130,0,,0.063,
283627,0.951,3132,0,0,0.063,0
283627,0.809,3134,0,,0.063,
283627,0.587,3136,0,,0.063,
283627,0.309,3138,0,,0.063,
283627,0,3140,0,,0.063,
283627,-0.309,3142,0,,0.063,
283627,-0.587,3144,0,,0.063,
283627,-0.809,3146,0,,0.063,
283627,-0.951,3148,0,,0.063,
283627,-1,3150,0,,0.063,
283627,-0.951,3152,0,0,0.063,0
283627,-0.809,3154,0,,0.063,
283627,-0.587,3156,0,,0.063,
283627,-0.309,3158,0,,0.063,
283627,0,3160,0,,0.063,
283627,0.309,3162,0,,0.063,
283627,0.587,3164,0,,0.063,
283627,0.809,3166,0,,0.063,
283627,0.951,3168,0,,0.063,
283627,1,3170,0,,0.063,
283627,0.951,3172,0,0,0.063,0
283627,0.809,3174,0,,0.063,
283627,0.587,3176,0,,0.063,
283627,0.309,3178,0,,0.063,
283627,0,3180,0,,0.063,
283627,-0.309,3182,0,,0.063,
283627,-0.587,3184,0,,0.063,
283627,-0.809,3186,0,,0.063,
283627,-0.951,3188,0,,0.063,
283627,-1,3190,0,,0.063,
283627,-0.951,3192,0,0,0.063,0
283627,-0.809,3194,0,,0.063,
283627,-0.587,3196,0,,0.063,
283627,-0.309,3198,0,,0.063,
283627,0,3200,0,,0.063,
283627,0.309,3202,0,,0.063,
283627,0.587,3204,0,,0.063,
283627,0.809,3206,0,,0.063,
283627,0.951,3208,0,,0.063,
283627,1,3210,0,,0.063,
283627,0.951,3212,0,0,0.063,0
283627,0.809,3214,0,,0.063,
283627,0.587,3216,0,,0.063,
283627,0.309,3218,0,,0.063,
283627,0,3220,0,,0.063,
283627,-0.309,3222,0,,0.063,
283627,-0.587,3224,0,,0.063,
283627,-0.809,3226,0,,0.063,
283627,-0.951,3228,0,,0.063,
283627,-1,3230,0,,0.063,
283627,-0.951,3232,0,0,0.063,0
283627,-0.809,3234,0,,0.063,
283627,-0.587,3236,0,,0.063,
283627,-0.309,3238,0,,0.063,
283627,0,3240,0,,0.063,
283627,0.309,3242,0,,0.063,
283627,0.587,3244,0,,0.063,
283627,0.809,3246,0,,0.063,
283627,0.951,3248,0,,0.063,
283627,1,3250,0,,0.063,
283627,0.951,3252,0,0,0.063,0
283627,0.809,3254,0,,0.063,
283627,0.587,3256,0,,0.063,
283627,0.309,3258,0,,0.063,
283627,0,3260,0,,0.063,
283627,-0.309,3262,0,,0.063,
283627,-0.587,3264,0,,0.063,
283627,-0.809,3266,0,,0.063,
283627,-0.951,3268,0,,0.063,
283627,-1,3270,0,,0.063,
283627,-0.951,3272,0,0,0.063,0
283627,-0.809,3274,0,,0.063,
283627,-0.587,3276,0,,0.063,
283627,-0.309,3278,0,,0.063,
283627,0,3280,0,,0.063,
283627,0.309,3282,0,,0.063,
283627,0.587,3284,0,,0.063,
283627,0.809,3286,0,,0.063,
283627,0.951,3288,0,,0.063,
283627,1,3290,0,,0.063,
283627,0.951,3292,0,0,0.063,0
283627,0.809,3294,0,,0.063,
283627,0.587,3296,0,,0.063,
283627,0.309,3298,0,,0.063,
283627,0,3300,0,,0.063,
283627,-0.309,3302,0,,0.063,
283627,-0.587,3304,0,,0.063,
283627,-0.809,3306,0,,0.063,
283627,-0.951,3308,0,,0.063,
283627,-1,3310,0,,0.063,
283627,-0.951,3312,0,0,0.063,0
283627,-0.809,3314,0,,0.063,
283627,-0.587,3316,0,,0.063,
283627,-0.309,3318,0,,0.063,
283627,0,3320,0,,0.063,
283627,0.309,3322,0,,0.063,
283627,0.587,3324,0,,0.063,
283627,0.809,3326,0,,0.063,
283627,0.951,3328,0,,0.063,
283627,1,3330,0,,0.063,
283627,0.951,3332,0,0,0.063,0
283627,0.809,3334,0,,0.063,
283627,0.587,3336,0,,0.063,
283627,0.309,3338,0,,0.063,
283627,0,3340,0,,0.063,
283627,-0.309,3342,0,,0.063,
283627,-0.587,3344,0,,0.063,
283627,-0.809,3346,0,,0.063,
283627,-0.951,3348,0,,0.063,
283627,-1,3350,0,,0.063,
283627,-0.951,3352,0,0,0.063,0
283627,-0.809,3354,0,,0.063,
283627,-0.587,3356,0,,0.063,
283627,-0.309,3358,0,,0.063,
283627,0,3360,0,,0.063,
283627,0.309,3362,0,,0.063,
283627,0.587,3364,0,,0.063,
283627,0.809,3366,0,,0.063,
283627,0.951,3368,0,,0.063,
283627,1,3370,0,,0.063,
283627,0.951,3372,0,0,0.063,0
283627,0.809,3374,0,,0.063,
283627,0.587,3376,0,,0.063,
283627,0.309,3378,0,,0.063,
283627,0,3380,0,,0.063,
283627,-0.309,3382,0,,0.063,
283627,-0.587,3384,0,,0.063,
283627,-0.809,3386,0,,0.063,
283627,-0.951,3388,0,,0.063,
283627,-1,3390,0,,0.063,
283627,-0.951,3392,0,0,0.063,0
283627,-0.809,3394,0,,0.063,
283627,-0.587,3396,0,,0.063,
283627,-0.309,3398,0,,0.063,
283627,0,3400,0,,0.063,
283627,0.309,3402,0,,0.063,
283627,0.587,3404,0,,0.063,
283627,0.809,3406,0,,0.063,
283627,0.951,3408,0,,0.063,
283627,1,3410,0,,0.063,
283627,0.951,3412,0,0,0.063,0
283627,0.809,3414,0,,0.063,
283627,0.587,3416,0,,0.063,
283627,0.309,3418,0,,0.063,
283627,0,3420,0,,0.063,
283627,-0.309,3422,0,,0.063,
283627,-0.587,3424,0,,0.063,
283627,-0.809,3426,0,,0.063,
283627,-0.951,3428,0,,0.063,
283627,-1,3430,0,,0.063,
283627,-0.951,3432,0,0,0.063,0
283627,-0.809,3434,0,,0.063,
283627,-0.587,3436,0,,0.063,
283627,-0.309,3438,0,,0.063,
283627,0,3440,0,,0.063,
283627,0.309,3442,0,,0.063,
283627,0.587,3444,0,,0.063,
283627,0.809,3446,0,,0.063,
283627,0.951,3448,0,,0.063,
283627,1,3450,0,,0.063,
283627,0.951,3452,0,0,0.063,0
283627,0.809,3454,0,,0.063,
283627,0.587,3456,0,,0.063,
283627,0.309,3458,0,,0.063,
283627,0,3460,0,,0.063,
283627,-0.309,3462,0,,0.063,
283627,-0.587,3464,0,,0.063,
283627,-0.809,3466,0,,0.063,
283627,-0.951,3468,0,,0.063,
283627,-1,3470,0,,0.063,
283627,-0.951,3472,0,0,0.063,0
283627,-0.809,3474,0,,0.063,
283627,-0.587,3476,0,,0.063,
283627,-0.309,3478,0,,0.063,
283627,0,3480,0,,0.063,
283627,0.309,3482,0,,0.063,
283627,0.587,3484,0,,0.063,
283627,0.809,3486,0,,0.063,
283627,0.951,3488,0,,0.063,
283627,1,3490,0,,0.063,
283627,0.951,3492,0,0,0.063,0
283627,0.809,3494,0,,0.063,
283627,0.587,3496,0,,0.063,
283627,0.309,3498,0,,0.063,
283627,0,3500,0,,0.063,
283627,-0.309,3502,0,,0.063,
283627,-0.587,3504,0,,0.063,
283627,-0.809,3506,0,,0.063,
283627,-0.951,3508,0,,0.063,
283627,-1,3510,0,,0.063,
283627,-0.951,3512,0,0,0.063,0
283627,-0.809,3514,0,,0.063,
283627,-0.587,3516,0,,0.063,
283627,-0.309,3518,0,,0.063,
283627,0,3520,0,,0.063,
283627,0.309,3522,0,,0.063,
283627,0.587,3524,0,,0.063,
283627,0.809,3526,0,,0.063,
283627,0.951,3528,0,,0.063,
283627,1,3530,0,,0.063,
283627,0.951,3532,0,0,0.063,0
283627,0.809,3534,0,,0.063,
283627,0.587,3536,0,,0.063,
283627,0.309,3538,0,,0.063,
283627,0,3540,0,,0.063,
283627,-0.309,3542,0,,0.063,
283627,-0.587,3544,0,,0.063,
283627,-0.809,3546,0,,0.063,
283627,-0.951,3548,0,,0.063,
283627,-1,3550,0,,0.063,
283627,-0.951,3552,0,0,0.063,0
283627,-0.809,3554,0,,0.063,
283627,-0.587,3556,0,,0.063,
283627,-0.309,3558,0,,0.063,
283627,0,3560,0,,0.063,
283627,0.309,3562,0,,0.063,
283627,0.587,3564,0,,0.063,
283627,0.809,3566,0,,0.063,
283627,0.951,3568,0,,0.063,
283627,1,3570,0,,0.063,
283627,0.951,3572,0,0,0.063,0
283627,0.809,3574,0,,0.063,
283627,0.587,3576,0,,0.063,
283627,0.309,3578,0,,0.063,
283627,0,3580,0,,0.063,
283627,-0.309,3582,0,,0.063,
283627,-0.587,3584,0,,0.063,
283627,-0.809,3586,0,,0.063,
283627,-0.951,3588,0,,0.063,
283627,-1,3590,0,,0.063,
283627,-0.951,3592,0,0,0.063,0
283627,-0.809,3594,0,,0.063,
283627,-0.587,3596,0,,0.063,
283627,-0.309,3598,0,,0.063,
283627,0,3600,0,,0.063,
283627,0.309,3602,0,,0.063,
283627,0.587,3604,0,,0.063,
283627,0.809,3606,0,,0.063,
283627,0.951,3608,0,,0.063,
283627,1,3610,0,,0.063,
283627,0.951,3612,0,0,0.063,0
283627,0.809,3614,0,,0.063,
283627,0.587,3616,0,,0.063,
283627,0.309,3618,0,,0.063,
283627,0,3620,0,,0.063,
283627,-0.309,3622,0,,0.063,
283627,-0.587,3624,0,,0.063,
283627,-0.809,3626,0,,0.063,
283627,-0.951,3628,0,,0.063,
283627,-1,3630,0,,0.063,
283627,-0.951,3632,0,0,0.063,0
283627,-0.809,3634,0,,0.063,
283627,-0.587,3636,0,,0.063,
283627,-0.309,3638,0,,0.063,
283627,0,3640,0,,0.063,
283627,0.309,3642,0,,0.063,
283627,0.587,3644,0,,0.063,
283627,0.809,3646,0,,0.063,
283627,0.951,3648,0,,0.063,
283627,1,3650,0,,0.063,
283627,0.951,3652,0,0,0.063,0
283627,0.809,3654,0,,0.063,
283627,0.587,3656,0,,0.063,
283627,0.309,3658,0,,0.063,
283627,0,3660,0,,0.063,
283627,-0.309,3662,0,,0.063,
283627,-0.587,3664,0,,0.063,
283627,-0.809,3666,0,,0.063,
283627,-0.951,3668,0,,0.063,
283627,-1,3670,0,,0.063,
283627,-0.951,3672,0,0,0.063,0
283627,-0.809,3674,0,,0.063,
283627,-0.587,3676,0,,0.063,
283627,-0.309,3678,0,,0.063,
283627,0,3680,0,,0.063,
283627,0.309,3682,0,,0.063,
283627,0.587,3684,0,,0.063,
283627,0.809,3686,0,,0.063,
283627,0.951,3688,0,,0.063,
283627,1,3690,0,,0.063,
283627,0.951,3692,0,0,0.063,0
283627,0.809,3694,0,,0.063,
283627,0.587,3696,0,,0.063,
283627,0.309,3698,0,,0.063,
283627,0,3700,0,,0.063,
283627,-0.309,3702,0,,0.063,
283627,-0.587,3704,0,,0.063,
283627,-0.809,3706,0,,0.063,
283627,-0.951,3708,0,,0.063,
283627,-1,3710,0,,0.063,
283627,-0.951,3712,0,0,0.063,0
283627,-0.809,3714,0,,0.063,
283627,-0.587,3716,0,,0.063,
283627,-0.309,3718,0,,0.063,
283627,0,3720,0,,0.063,
283627,0.309,3722,0,,0.063,
283627,0.587,3724,0,,0.063,
283627,0.809,3726,0,,0.063,
283627,0.951,3728,0,,0.063,
283627,1,3730,0,,0.063,
283627,0.951,3732,0,0,0.063,0
283627,0.809,3734,0,,0.063,
283627,0.587,3736,0,,0.063,
283627,0.309,3738,0,,0.063,
283627,0,3740,0,,0.063,
283627,-0.309,3742,0,,0.063,
283627,-0.587,3744,0,,0.063,
283627,-0.809,3746,0,,0.063,
283627,-0.951,3748,0,,0.063,
283627,-1,3750,0,,0.063,
283627,-0.951,3752,0,0,0.063,0
283627,-0.809,3754,0,,0.063,
283627,-0.587,3756,0,,0.063,
283627,-0.309,3758,0,,0.063,
283627,0,3760,0,,0.063,
283627,0.309,3762,0,,0.063,
283627,0.587,3764,0,,0.063,
283627,0.809,3766,0,,0.063,
283627,0.951,3768,0,,0.063,
283627,1,3770,0,,0.063,
283627,0.951,3772,0,0,0.063,0
283627,0.809,3774,0,,0.063,
283627,0.587,3776,0,,0.063,
283627,0.309,3778,0,,0.063,
283627,0,3780,0,,0.063,
283627,-0.309,3782,0,,0.063,
283627,-0.587,3784,0,,0.063,
283627,-0.809,3786,0,,0.063,
283627,-0.951,3788,0,,0.063,
283627,-1,3790,0,,0.063,
283627,-0.951,3792,0,0,0.063,0
283627,-0.809,3794,0,,0.063,
283627,-0.587,3796,0,,0.063,
283627,-0.309,3798,0,,0.063,
283627,0,3800,0,,0.063,
283627,0.309,3802,0,,0.063,
283627,0.587,3804,0,,0.063,
283627,0.809,3806,0,,0.063,
283627,0.951,3808,0,,0.063,
283627,1,3810,0,,0.063,
283627,0.951,3812,0,0,0.063,0
283627,0.809,3814,0,,0.063,
283627,0.587,3816,0,,0.063,
283627,0.309,3818,0,,0.063,
283627,0,3820,0,,0.063,
283627,-0.309,3822,0,,0.063,
283627,-0.587,3824,0,,0.063,
283627,-0.809,3826,0,,0.063,
283627,-0.951,3828,0,,0.063,
283627,-1,3830,0,,0.063,
283627,-0.951,3832,0,0,0.063,0
283627,-0.809,3834,0,,0.063,
283627,-0.587,3836,0,,0.063,
283627,-0.309,3838,0,,0.063,
283627,0,3840,0,,0.063,
283627,0.309,3842,0,,0.063,
283627,0.587,3844,0,,0.063,
283627,0.809,3846,0,,0.063,
283627,0.951,3848,0,,0.063,
283627,1,3850,0,,0.063,
283627,0.951,3852,0,0,0.063,0
283627,0.809,3854,0,,0.063,
283627,0.587,3856,0,,0.063,
283627,0.309,3858,0,,0.063,
283627,0,3860,0,,0.063,
283627,-0.309,3862,0,,0.063,
283627,-0.587,3864,0,,0.063,
283627,-0.809,3866,0,,0.063,
283627,-0.951,3868,0,,0.063,
283627,-1,3870,0,,0.063,
283627,-0.951,3872,0,0,0.063,0
283627,-0.809,3874,0,,0.063,
283627,-0.587,3876,0,,0.063,
283627,-0.309,3878,0,,0.063,
283627,0,3880,0,,0.063,
283627,0.309,3882,0,,0.063,
283627,0.587,3884,0,,0.063,
283627,0.809,3886,0,,0.063,
283627,0.951,3888,0,,0.063,
283627,1,3890,0,,0.063,
283627,0.951,3892,0,0,0.063,0
283627,0.809,3894,0,,0.063,
283627,0.587,3896,0,,0.063,
283627,0.309,3898,0,,0.063,
283627,0,3900,0,,0.063,
283627,-0.309,3902,0,,0.063,
283627,-0.587,3904,0,,0.063,
283627,-0.809,3906,0,,0.063,
283627,-0.951,3908,0,,0.063,
283627,-1,3910,0,,0.063,
283627,-0.951,3912,0,0,0.063,0
283627,-0.809,3914,0,,0.063,
283627,-0.587,3916,0,,0.063,
283627,-0.309,3918,0,,0.063,
283627,0,3920,0,,0.063,
283627,0.309,3922,0,,0.063,
283627,0.587,3924,0,,0.063,
283627,0.809,3926,0,,0.063,
283627,0.951,3928,0,,0.063,
283627,1,3930,0,,0.063,
283627,0.951,3932,0,0,0.063,0
283627,0.809,3934,0,,0.063,
283627,0.587,3936,0,,0.063,
283627,0.309,3938,0,,0.063,
283627,0,3940,0,,0.063,
283627,-0.309,3942,0,,0.063,
283627,-0.587,3944,0,,0.063,
283627,-0.809,3946,0,,0.063,
283627,-0.951,3948,0,,0.063,
283627,-1,3950,0,,0.063,
283627,-0.951,3952,0,0,0.063,0
283627,-0.809,3954,0,,0.063,
283627,-0.587,3956,0,,0.063,
283627,-0.309,3958,0,,0.063,
283627,0,3960,0,,0.063,
283627,0.309,3962,0,,0.063,
283627,0.587,3964,0,,0.063,
283627,0.809,3966,0,,0.063,
283627,0.951,3968,0,,0.063,
283627,1,3970,0,,0.063,
283627,0.951,3972,0,0,0.063,0
283627,0.809,3974,0,,0.063,
283627,0.587,3976,0,,0.063,
283627,0.309,3978,0,,0.063,
283627,0,3980,0,,0.063,
283627,-0.309,3982,0,,0.063,
283627,-0.587,3984,0,,0.063,
283627,-0.809,3986,0,,0.063,
283627,-0.951,3988,0,,0.063,
283627,-1,3990,0,,0.063,
283627,-0.951,3992,0,0,0.063,0
283627,-0.809,3994,0,,0.063,
283627,-0.587,3996,0,,0.063,
283627,-0.309,3998,0,,0.063,
283627,0,4000,0,,0.063,
283627,0.309,4002,0,,0.063,
283627,0.587,4004,0,,0.063,
283627,0.809,4006,0,,0.063,
283627,0.951,4008,0,,0.063,
283627,1,4010,0,,0.063,
283627,0.951,4012,0,0,0.063,0
283627,0.809,4014,0,,0.063,
283627,0.587,4016,0,,0.063,
283627,0.309,4018,0,,0.063,
283627,0,4020,0,,0.063,
283627,-0.309,4022,0,,0.063,
283627,-0.587,4024,0,,0.063,
283627,-0.809,4026,0,,0.063,
283627,-0.951,4028,0,,0.063,
283627,-1,4030,0,,0.063,
283627,-0.951,4032,0,0,0.063,0
283627,-0.809,4034,0,,0.063,
283627,-0.587,4036,0,,0.063,
283627,-0.309,4038,0,,0.063,
283627,0,4040,0,,0.063,
283627,0.309,4042,0,,0.063,
283627,0.587,4044,0,,0.063,
283627,0.809,4046,0,,0.063,
283627,0.951,4048,0,,0.063,
283627,1,4050,0,,0.063,
283627,0.951,4052,0,0,0.063,0
283627,0.809,4054,0,,0.063,
283627,0.587,4056,0,,0.063,
283627,0.309,4058,0,,0.063,
283627,0,4060,0,,0.063,
283627,-0.309,4062,0,,0.063,
283627,-0.587,4064,0,,0.063,
283627,-0.809,4066,0,,0.063,
283627,-0.951,4068,0,,0.063,
283627,-1,4070,0,,0.063,
283627,-0.951,4072,0,0,0.063,0
283627,-0.809,4074,0,,0.063,
283627,-0.587,4076,0,,0.063,
283627,-0.309,4078,0,,0.063,
283627,0,4080,0,,0.063,
283627,0.309,4082,0,,0.063,
283627,0.587,4084,0,,0.063,
283627,0.809,4086,0,,0.063,
283627,0.951,4088,0,,0.063,
283627,1,4090,0,,0.063,
283627,0.951,4092,0,0,0.063,0
283627,0.809,4094,0,,0.063,
283627,0.587,4096,0,,0.063,
283627,0.309,4098,0,,0.063,
283627,0,4100,0,,0.063,
283627,-0.309,4102,0,,0.063,
283627,-0.587,4104,0,,0.063,
283627,-0.809,4106,0,,0.063,
283627,-0.951,4108,0,,0.063,
283627,-1,4110,0,,0.063,
283627,-0.951,4112,0,0,0.063,0
283627,-0.809,4114,0,,0.063,
283627,-0.587,4116,0,,0.063,
283627,-0.309,4118,0,,0.063,
283627,0,4120,0,,0.063,
283627,0.309,4122,0,,0.063,
283627,0.587,4124,0,,0.063,
283627,0.809,4126,0,,0.063,
283627,0.951,4128,0,,0.063,
283627,1,4130,0,,0.063,
283627,0.951,4132,0,0,0.063,0
283627,0.809,4134,0,,0.063,
283627,0.587,4136,0,,0.063,
283627,0.309,4138,0,,0.063,
283627,0,4140,0,,0.063,
283627,-0.309,4142,0,,0.063,
283627,-0.587,4144,0,,0.063,
283627,-0.809,4146,0,,0.063,
283627,-0.951,4148,0,,0.063,
283627,-1,4150,0,,0.063,
283627,-0.951,4152,0,0,0.063,0
283627,-0.809,4154,0,,0.063,
283627,-0.587,4156,0,,0.063,
283627,-0.309,4158,0,,0.063,
283627,0,4160,0,,0.063,
283627,0.309,4162,0,,0.063,
283627,0.587,4164,0,,0.063,
283627,0.809,4166,0,,0.063,
283627,0.951,4168,0,,0.063,
283627,1,4170,0,,0.063,
283627,0.951,4172,0,0,0.063,0
283627,0.809,4174,0,,0.063,
283627,0.587,4176,0,,0.063,
283627,0.309,4178,0,,0.063,
283627,0,4180,0,,0.063,
283627,-0.309,4182,0,,0.063,
283627,-0.587,4184,0,,0.063,
283627,-0.809,4186,0,,0.063,
283627,-0.951,4188,0,,0.063,
283627,-1,4190,0,,0.063,
283627,-0.951,4192,0,0,0.063,0
283627,-0.809,4194,0,,0.063,
283627,-0.587,4196,0,,0.063,
283627,-0.309,4198,0,,0.063,
283627,0,4200,0,,0.063,
283627,0.309,4202,0,,0.063,
283627,0.587,4204,0,,0.063,
283627,0.809,4206,0,,0.063,
283627,0.951,4208,0,,0.063,
283627,1,4210,0,,0.063,
283627,0.951,4212,0,0,0.063,0
283627,0.809,4214,0,,0.063,
283627,0.587,4216,0,,0.063,
283627,0.309,4218,0,,0.063,
283627,0,4220,0,,0.063,
283627,-0.309,4222,0,,0.063,
283627,-0.587,4224,0,,0.063,
283627,-0.809,4226,0,,0.063,
283627,-0.951,4228,0,,0.063,
283627,-1,4230,0,,0.063,
283627,-0.951,4232,0,0,0.063,0
283627,-0.809,4234,0,,0.063,
283627,-0.587,4236,0,,0.063,
283627,-0.309,4238,0,,0.063,
283627,0,4240,0,,0.063,
283627,0.309,4242,0,,0.063,
283627,0.587,4244,0,,0.063,
283627,0.809,4246,0,,0.063,
283627,0.951,4248,0,,0.063,
283627,1,4250,0,,0.063,
283627,0.951,4252,0,0,0.063,0
283627,0.809,4254,0,,0.063,
283627,0.587,4256,0,,0.063,
283627,0.309,4258,0,,0.063,
283627,0,4260,0,,0.063,
283627,-0.309,4262,0,,0.063,
283627,-0.587,4264,0,,0.063,
283627,-0.809,4266,0,,0.063,
283627,-0.951,4268,0,,0.063,
283627,-1,4270,0,,0.063,
283627,-0.951,4272,0,0,0.063,0
283627,-0.809,4274,0,,0.063,
283627,-0.587,4276,0,,0.063,
283627,-0.309,4278,0,,0.063,
283627,0,4280,0,,0.063,
283627,0.309,4282,0,,0.063,
283627,0.587,4284,0,,0.063,
283627,0.809,4286,0,,0.063,
283627,0.951,4288,0,,0.063,
283627,1,4290,0,,0.063,
283627,0.951,4292,0,0,0.063,0
283627,0.809,4294,0,,0.063,
283627,0.587,4296,0,,0.063,
283627,0.309,4298,0,,0.063,
283627,0,4300,0,,0.063,
283627,-0.309,4302,0,,0.063,
283627,-0.587,4304,0,,0.063,
283627,-0.809,4306,0,,0.063,
283627,-0.951,4308,0,,0.063,
283627,-1,4310,0,,0.063,
283627,-0.951,4312,0,0,0.063,0
283627,-0.809,4314,0,,0.063,
283627,-0.587,4316,0,,0.063,
283627,-0.309,4318,0,,0.063,
283627,0,4320,0,,0.063,
283627,0.309,4322,0,,0.063,
283627,0.587,4324,0,,0.063,
283627,0.809,4326,0,,0.063,
283627,0.951,4328,0,,0.063,
283627,1,4330,0,,0.063,
283627,0.951,4332,0,0,0.063,0
283627,0.809,4334,0,,0.063,
283627,0.587,4336,0,,0.063,
283627,0.309,4338,0,,0.063,
283627,0,4340,0,,0.063,
283627,-0.309,4342,0,,0.063,
283627,-0.587,4344,0,,0.063,
283627,-0.809,4346,0,,0.063,
283627,-0.951,4348,0,,0.063,
283627,-1,4350,0,,0.063,
283627,-0.951,4352,0,0,0.063,0
283627,-0.809,4354,0,,0.063,
283627,-0.587,4356,0,,0.063,
283627,-0.309,4358,0,,0.063,
283627,0,4360,0,,0.063,
283627,0.309,4362,0,,0.063,
283627,0.587,4364,0,,0.063,
283627,0.809,4366,0,,0.063,
283627,0.951,4368,0,,0.063,
283627,1,4370,0,,0.063,
283627,0.951,4372,0,0,0.063,0
283627,0.809,4374,0,,0.063,
283627,0.587,4376,0,,0.063,
283627,0.309,4378,0,,0.063,
283627,0,4380,0,,0.063,
283627,-0.309,4382,0,,0.063,
283627,-0.587,4384,0,,0.063,
283627,-0.809,4386,0,,0.063,
283627,-0.951,4388,0,,0.063,
283627,-1,4390,0,,0.063,
283627,-0.951,4392,0,0,0.063,0
283627,-0.809,4394,0,,0.063,
283627,-0.587,4396,0,,0.063,
283627,-0.309,4398,0,,0.063,
283627,0,4400,0,,0.063,
283627,0.309,4402,0,,0.063,
283627,0.587,4404,0,,0.063,
283627,0.809,4406,0,,0.063,
283627,0.951,4408,0,,0.063,
283627,1,4410,0,,0.063,
283627,0.951,4412,0,0,0.063,0
283627,0.809,4414,0,,0.063,
283627,0.587,4416,0,,0.063,
283627,0.309,4418,0,,0.063,
283627,0,4420,0,,0.063,
283627,-0.309,4422,0,,0.063,
283627,-0.587,4424,0,,0.063,
283627,-0.809,4426,0,,0.063,
283627,-0.951,4428,0,,0.063,
283627,-1,4430,0,,0.063,
283627,-0.951,4432,0,0,0.063,0
283627,-0.809,4434,0,,0.063,
283627,-0.587,4436,0,,0.063,
283627,-0.309,4438,0,,0.063,
283627,0,4440,0,,0.063,
283627,0.309,4442,0,,0.063,
283627,0.587,4444,0,,0.063,
283627,0.809,4446,0,,0.063,
283627,0.951,4448,0,,0.063,
283627,1,4450,0,,0.063,
283627,0.951,4452,0,0,0.063,0
283627,0.809,4454,0,,0.063,
283627,0.587,4456,0,,0.063,
283627,0.309,4458,0,,0.063,
283627,0,4460,0,,0.063,
283627,-0.309,4462,0,,0.063,
283627,-0.587,4464,0,,0.063,
283627,-0.809,4466,0,,0.063,
283627,-0.951,4468,0,,0.063,
283627,-1,4470,0,,0.063,
283627,-0.951,4472,0,0,0.063,0
283627,-0.809,4474,0,,0.063,
283627,-0.587,4476,0,,0.063,
283627,-0.309,4478,0,,0.063,
283627,0,4480,0,,0.063,
283627,0.309,4482,0,,0.063,
283627,0.587,4484,0,,0.063,
283627,0.809,4486,0,,0.063,
283627,0.951,4488,0,,0.063,
283627,1,4490,0,,0.063,
283627,0.951,4492,0,0,0.063,0
283627,0.809,4494,0,,0.063,
283627,0.587,4496,0,,0.063,
283627,0.309,4498,0,,0.063,
283627,0,4500,0,,0.063,
283627,-0.309,4502,0,,0.063,
283627,-0.587,4504,0,,0.063,
283627,-0.809,4506,0,,0.063,
283627,-0.951,4508,0,,0.063,
283627,-1,4510,0,,0.063,
283627,-0.951,4512,0,0,0.063,0
283627,-0.809,4514,0,,0.063,
283627,-0.587,4516,0,,0.063,
283627,-0.309,4518,0,,0.063,
283627,0,4520,0,,0.063,
283627,0.309,4522,0,,0.063,
283627,0.587,4524,0,,0.063,
283627,0.809,4526,0,,0.063,
283627,0.951,4528,0,,0.063,
283627,1,4530,0,,0.063,
283627,0.951,4532,0,0,0.063,0
283627,0.809,4534,0,,0.063,
283627,0.587,4536,0,,0.063,
283627,0.309,4538,0,,0.063,
283627,0,4540,0,,0.063,
283627,-0.309,4542,0,,0.063,
283627,-0.587,4544,0,,0.063,
283627,-0.809,4546,0,,0.063,
283627,-0.951,4548,0,,0.063,
283627,-1,4550,0,,0.063,
283627,-0.951,4552,0,0,0.063,0
283627,-0.809,4554,0,,0.063,
283627,-0.587,4556,0,,0.063,
283627,-0.309,4558,0,,0.063,
283627,0,4560,0,,0.063,
283627,0.309,4562,0,,0.063,
283627,0.587,4564,0,,0.063,
283627,0.809,4566,0,,0.063,
283627,0.951,4568,0,,0.063,
283627,1,4570,0,,0.063,
283627,0.951,4572,0,0,0.063,0
283627,0.809,4574,0,,0.063,
283627,0.587,4576,0,,0.063,
283627,0.309,4578,0,,0.063,
283627,0,4580,0,,0.063,
283627,-0.309,4582,0,,0.063,
283627,-0.587,4584,0,,0.063,
283627,-0.809,4586,0,,0.063,
283627,-0.951,4588,0,,0.063,
283627,-1,4590,0,,0.063,
283627,-0.951,4592,0,0,0.063,0
283627,-0.809,4594,0,,0.063,
283627,-0.587,4596,0,,0.063,
283627,-0.309,4598,0,,0.063,
283627,0,4600,0,,0.063,
283627,0.309,4602,0,,0.063,
283627,0.587,4604,0,,0.063,
283627,0.809,4606,0,,0.063,
283627,0.951,4608,0,,0.063,
283627,1,4610,0,,0.063,
283627,0.951,4612,0,0,0.063,0
283627,0.809,4614,0,,0.063,
283627,0.587,4616,0,,0.063,
283627,0.309,4618,0,,0.063,
283627,0,4620,0,,0.063,
283627,-0.309,4622,0,,0.063,
283627,-0.587,4624,0,,0.063,
283627,-0.809,4626,0,,0.063,
283627,-0.951,4628,0,,0.063,
283627,-1,4630,0,,0.063,
283627,-0.951,4632,0,0,0.063,0
283627,-0.809,4634,0,,0.063,
283627,-0.587,4636,0,,0.063,
283627,-0.309,4638,0,,0.063,
283627,0,4640,0,,0.063,
283627,0.309,4642,0,,0.063,
283627,0.587,4644,0,,0.063,
283627,0.809,4646,0,,0.063,
283627,0.951,4648,0,,0.063,
283627,1,4650,0,,0.063,
283627,0.951,4652,0,0,0.063,0
283627,0.809,4654,0,,0.063,
283627,0.587,4656,0,,0.063,
283627,0.309,4658,0,,0.063,
283627,0,4660,0,,0.063,
283627,-0.309,4662,0,,0.063,
283627,-0.587,4664,0,,0.063,
283627,-0.809,4666,0,,0.063,
283627,-0.951,4668,0,,0.063,
283627,-1,4670,0,,0.063,
283627,-0.951,4672,0,0,0.063,0
283627,-0.809,4674,0,,0.063,
283627,-0.587,4676,0,,0.063,
283627,-0.309,4678,0,,0.063,
283627,0,4680,0,,0.063,
283627,0.309,4682,0,,0.063,
283627,0.587,4684,0,,0.063,
283627,0.809,4686,0,,0.063,
283627,0.951,4688,0,,0.063,
283627,1,4690,0,,0.063,
283627,0.951,4692,0,0,0.063,0
283627,0.809,4694,0,,0.063,
283627,0.587,4696,0,,0.063,
283627,0.309,4698,0,,0.063,
283627,0,4700,0,,0.063,
283627,-0.309,4702,0,,0.063,
283627,-0.587,4704,0,,0.063,
283627,-0.809,4706,0,,0.063,
283627,-0.951,4708,0,,0.063,
283627,-1,4710,0,,0.063,
283627,-0.951,4712,0,0,0.063,0
283627,-0.809,4714,0,,0.063,
283627,-0.587,4716,0,,0.063,
283627,-0.309,4718,0,,0.063,
283627,0,4720,0,,0.063,
283627,0.309,4722,0,,0.063,
283627,0.587,4724,0,,0.063,
283627,0.809,4726,0,,0.063,
283627,0.951,4728,0,,0.063,
283627,1,4730,0,,0.063,
283627,0.951,4732,0,0,0.063,0
283627,0.809,4734,0,,0.063,
283627,0.587,4736,0,,0.063,
283627,0.309,4738,0,,0.063,
283627,0,4740,0,,0.063,
283627,-0.309,4742,0,,0.063,
283627,-0.587,4744,0,,0.063,
283627,-0.809,4746,0,,0.063,
283627,-0.951,4748,0,,0.063,
283627,-1,4750,0,,0.063,
283627,-0.951,4752,0,0,0.063,0
283627,-0.809,4754,0,,0.063,
283627,-0.587,4756,0,,0.063,
283627,-0.309,4758,0,,0.063,
283627,0,4760,0,,0.063,
283627,0.309,4762,0,,0.063,
283627,0.587,4764,0,,0.063,
283627,0.809,4766,0,,0.063,
283627,0.951,4768,0,,0.063,
283627,1,4770,0,,0.063,
283627,0.951,4772,0,0,0.063,0
283627,0.809,4774,0,,0.063,
283627,0.587,4776,0,,0.063,
283627,0.309,4778,0,,0.063,
283627,0,4780,0,,0.063,
283627,-0.309,4782,0,,0.063,
283627,-0.587,4784,0,,0.063,
283627,-0.809,4786,0,,0.063,
283627,-0.951,4788,0,,0.063,
283627,-1,4790,0,,0.063,
283627,-0.951,4792,0,0,0.063,0
283627,-0.809,4794,0,,0.063,
283627,-0.587,4796,0,,0.063,
283627,-0.309,4798,0,,0.063,
283627,0,4800,0,,0.063,
283627,0.309,4802,0,,0.063,
283627,0.587,4804,0,,0.063,
283627,0.809,4806,0,,0.063,
283627,0.951,4808,0,,0.063,
283627,1,4810,0,,0.063,
283627,0.951,4812,0,0,0.063,0
283627,0.809,4814,0,,0.063,
283627,0.587,4816,0,,0.063,
283627,0.309,4818,0,,0.063,
283627,0,4820,0,,0.063,
283627,-0.309,4822,0,,0.063,
283627,-0.587,4824,0,,0.063,
283627,-0.809,4826,0,,0.063,
283627,-0.951,4828,0,,0.063,
283627,-1,4830,0,,0.063,
283627,-0.951,4832,0,0,0.063,0
283627,-0.809,4834,0,,0.063,
283627,-0.587,4836,0,,0.063,
283627,-0.309,4838,0,,0.063,
283627,0,4840,0,,0.063,
283627,0.309,4842,0,,0.063,
283627,0.587,4844,0,,0.063,
283627,0.809,4846,0,,0.063,
283627,0.951,4848,0,,0.063,
283627,1,4850,0,,0.063,
283627,0.951,4852,0,0,0.063,0
283627,0.809,4854,0,,0.063,
283627,0.587,4856,0,,0.063,
283627,0.309,4858,0,,0.063,
283627,0,4860,0,,0.063,
283627,-0.309,4862,0,,0.063,
283627,-0.587,4864,0,,0.063,
283627,-0.809,4866,0,,0.063,
283627,-0.951,4868,0,,0.063,
283627,-1,4870,0,,0.063,
283627,-0.951,4872,0,0,0.063,0
283627,-0.809,4874,0,,0.063,
283627,-0.587,4876,0,,0.063,
283627,-0.309,4878,0,,0.063,
283627,0,4880,0,,0.063,
283627,0.309,4882,0,,0.063,
283627,0.587,4884,0,,0.063,
283627,0.809,4886,0,,0.063,
283627,0.951,4888,0,,0.063,
283627,1,4890,0,,0.063,
283627,0.951,4892,0,0,0.063,0
283627,0.809,4894,0,,0.063,
283627,0.587,4896,0,,0.063,
283627,0.309,4898,0,,0.063,
283627,0,4900,0,,0.063,
283627,-0.309,4902,0,,0.063,
283627,-0.587,4904,0,,0.063,
283627,-0.809,4906,0,,0.063,
283627,-0.951,4908,0,,0.063,
283627,-1,4910,0,,0.063,
283627,-0.951,4912,0,0,0.063,0
283627,-0.809,4914,0,,0.063,
283627,-0.587,4916,0,,0.063,
283627,-0.309,4918,0,,0.063,
283627,0,4920,0,,0.063,
283627,0.309,4922,0,,0.063,
283627,0.587,4924,0,,0.063,
283627,0.809,4926,0,,0.063,
283627,0.951,4928,0,,0.063,
283627,1,4930,0,,0.063,
283627,0.951,4932,0,0,0.063,0
283627,0.809,4934,0,,0.063,
283627,0.587,4936,0,,0.063,
283627,0.309,4938,0,,0.063,
283627,0,4940,0,,0.063,
283627,-0.309,4942,0,,0.063,
283627,-0.587,4944,0,,0.063,
283627,-0.809,4946,0,,0.063,
283627,-0.951,4948,0,,0.063,
283627,-1,4950,0,,0.063,
283627,-0.951,4952,0,0,0.063,0
283627,-0.809,4954,0,,0.063,
283627,-0.587,4956,0,,0.063,
283627,-0.309,4958,0,,0.063,
283627,0,4960,0,,0.063,
283627,0.309,4962,0,,0.063,
283627,0.587,4964,0,,0.063,
283627,0.809,4966,0,,0.063,
283627,0.951,4968,0,,0.063,
283627,1,4970,0,,0.063,
283627,0.951,4972,0,0,0.063,0
283627,0.809,4974,0,,0.063,
283627,0.587,4976,0,,0.063,
283627,0.309,4978,0,,0.063,
283627,0,4980,0,,0.063,
283627,-0.309,4982,0,,0.063,
283627,-0.587,4984,0,,0.063,
283627,-0.809,4986,0,,0.063,
283627,-0.951,4988,0,,0.063,
283627,-1,4990,0,,0.063,
283627,-0.951,4992,0,0,0.063,0
283627,-0.809,4994,0,,0.063,
283627,-0.587,4996,0,,0.063,
283627,-0.309,4998,0,,0.063,
283627,0,5000,0,,0.063,
283627,0.309,5002,0,,0.063,
283627,0.587,5004,0,,0.063,
283627,0.809,5006,0,,0.063,
283627,0.951,5008,0,,0.063,
283627,1,5010,0,,0.063,
283627,0.951,5012,0,0,0.063,0
283627,0.809,5014,0,,0.063,
283627,0.587,5016,0,,0.063,
283627,0.309,5018,0,,0.063,
283627,0,5020,0,,0.063,
283627,-0.309,5022,0,,0.063,
283627,-0.587,5024,0,,0.063,
283627,-0.809,5026,0,,0.063,
283627,-0.951,5028,0,,0.063,
283627,-1,5030,0,,0.063,
283627,-0.951,5032,0,0,0.063,0
283627,-0.809,5034,0,,0.063,
283627,-0.587,5036,0,,0.063,
283627,-0.309,5038,0,,0.063,
283627,0,5040,0,,0.063,
283627,0.309,5042,0,,0.063,
283627,0.587,5044,0,,0.063,
283627,0.809,5046,0,,0.063,
283627,0.951,5048,0,,0.063,
283627,1,5050,0,,0.063,
283627,0.951,5052,0,0,0.063,0
283627,0.809,5054,0,,0.063,
283627,0.587,5056,0,,0.063,
283627,0.309,5058,0,,0.063,
283627,0,5060,0,,0.063,
283627,-0.309,5062,0,,0.063,
283627,-0.587,5064,0,,0.063,
283627,-0.809,5066,0,,0.063,
283627,-0.951,5068,0,,0.063,
283627,-1,5070,0,,0.063,
283627,-0.951,5072,0,0,0.063,0
283627,-0.809,5074,0,,0.063,
283627,-0.587,5076,0,,0.063,
283627,-0.309,5078,0,,0.063,
283627,0,5080,0,,0.063,
283627,0.309,5082,0,,0.063,
283627,0.587,5084,0,,0.063,
283627,0.809,5086,0,,0.063,
283627,0.951,5088,0,,0.063,
283627,1,5090,0,,0.063,
283627,0.951,5092,0,0,0.063,0
283627,0.809,5094,0,,0.063,
283627,0.587,5096,0,,0.063,
283627,0.309,5098,0,,0.063,
283627,0,5100,0,,0.063,
283627,-0.309,5102,0,,0.063,
283627,-0.587,5104,0,,0.063,
283627,-0.809,5106,0,,0.063,
283627,-0.951,5108,0,,0.063,
283627,-1,5110,0,,0.063,
283627,-0.951,5112,0,0,0.063,0
283627,-0.809,5114,0,,0.063,
283627,-0.587,5116,0,,0.063,
283627,-0.309,5118,0,,0.063,
283627,0,5120,0,,0.063,
283627,0.309,5122,0,,0.063,
283627,0.587,5124,0,,0.063,
283627,0.809,5126,0,,0.063,
283627,0.951,5128,0,,0.063,
283627,1,5130,0,,0.063,
283627,0.951,5132,0,0,0.063,0
283627,0.809,5134,0,,0.063,
283627,0.587,5136,0,,0.063,
283627,0.309,5138,0,,0.063,
283627,0,5140,0,,0.063,
283627,-0.309,5142,0,,0.063,
283627,-0.587,5144,0,,0.063,
283627,-0.809,5146,0,,0.063,
283627,-0.951,5148,0,,0.063,
283627,-1,5150,0,,0.063,
283627,-0.951,5152,0,0,0.063,0
283627,-0.809,5154,0,,0.063,
283627,-0.587,5156,0,,0.063,
283627,-0.309,5158,0,,0.063,
283627,0,5160,0,,0.063,
283627,0.309,5162,0,,0.063,
283627,0.587,5164,0,,0.063,
283627,0.809,5166,0,,0.063,
283627,0.951,5168,0,,0.063,
283627,1,5170,0,,0.063,
283627,0.951,5172,0,0,0.063,0
283627,0.809,5174,0,,0.063,
283627,0.587,5176,0,,0.063,
283627,0.309,5178,0,,0.063,
283627,0,5180,0,,0.063,
283627,-0.309,5182,0,,0.063,
283627,-0.587,5184,0,,0.063,
283627,-0.809,5186,0,,0.063,
283627,-0.951,5188,0,,0.063,
283627,-1,5190,0,,0.063,
283627,-0.951,5192,0,0,0.063,0
283627,-0.809,5194,0,,0.063,
283627,-0.587,5196,0,,0.063,
283627,-0.309,5198,0,,0.063,
283627,0,5200,0,,0.063,
283627,0.309,5202,0,,0.063,
283627,0.587,5204,0,,0.063,
283627,0.809,5206,0,,0.063,
283627,0.951,5208,0,,0.063,
283627,1,5210,0,,0.063,
283627,0.951,5212,0,0,0.063,0
283627,0.809,5214,0,,0.063,
283627,0.587,5216,0,,0.063,
283627,0.309,5218,0,,0.063,
283627,0,5220,0,,0.063,
283627,-0.309,5222,0,,0.063,
283627,-0.587,5224,0,,0.063,
283627,-0.809,5226,0,,0.063,
283627,-0.951,5228,0,,0.063,
283627,-1,5230,0,,0.063,
283627,-0.951,5232,0,0,0.063,0
283627,-0.809,5234,0,,0.063,
283627,-0.587,5236,0,,0.063,
283627,-0.309,5238,0,,0.063,
283627,0,5240,0,,0.063,
283627,0.309,5242,0,,0.063,
283627,0.587,5244,0,,0.063,
283627,0.809,5246,0,,0.063,
283627,0.951,5248,0,,0.063,
283627,1,5250,0,,0.063,
283627,0.951,5252,0,0,0.063,0
283627,0.809,5254,0,,0.063,
283627,0.587,5256,0,,0.063,
283627,0.309,5258,0,,0.063,
283627,0,5260,0,,0.063,
283627,-0.309,5262,0,,0.063,
283627,-0.587,5264,0,,0.063,
283627,-0.809,5266,0,,0.063,
283627,-0.951,5268,0,,0.063,
283627,-1,5270,0,,0.063,
283627,-0.951,5272,0,0,0.063,0
283627,-0.809,5274,0,,0.063,
283627,-0.587,5276,0,,0.063,
283627,-0.309,5278,0,,0.063,
283627,0,5280,0,,0.063,
283627,0.309,5282,0,,0.063,
283627,0.587,5284,0,,0.063,
283627,0.809,5286,0,,0.063,
283627,0.951,5288,0,,0.063,
283627,1,5290,0,,0.063,
283627,0.951,5292,0,0,0.063,0
283627,0.809,5294,0,,0.063,
283627,0.587,5296,0,,0.063,
283627,0.309,5298,0,,0.063,
283627,0,5300,0,,0.063,
283627,-0.309,5302,0,,0.063,
283627,-0.587,5304,0,,0.063,
283627,-0.809,5306,0,,0.063,
283627,-0.951,5308,0,,0.063,
283627,-1,5310,0,,0.063,
283627,-0.951,5312,0,0,0.063,0
283627,-0.809,5314,0,,0.063,
283627,-0.587,5316,0,,0.063,
283627,-0.309,5318,0,,0.063,
283627,0,5320,0,,0.063,
283627,0.309,5322,0,,0.063,
283627,0.587,5324,0,,0.063,
283627,0.809,5326,0,,0.063,
283627,0.951,5328,0,,0.063,
283627,1,5330,0,,0.063,
283627,0.951,5332,0,0,0.063,0
283627,0.809,5334,0,,0.063,
283627,0.587,5336,0,,0.063,
283627,0.309,5338,0,,0.063,
283627,0,5340,0,,0.063,
283627,-0.309,5342,0,,0.063,
283627,-0.587,5344,0,,0.063,
283627,-0.809,5346,0,,0.063,
283627,-0.951,5348,0,,0.063,
283627,-1,5350,0,,0.063,
283627,-0.951,5352,0,0,0.063,0
283627,-0.809,5354,0,,0.063,
283627,-0.587,5356,0,,0.063,
283627,-0.309,5358,0,,0.063,
283627,0,5360,0,,0.063,
283627,0.309,5362,0,,0.063,
283627,0.587,5364,0,,0.063,
283627,0.809,5366,0,,0.063,
283627,0.951,5368,0,,0.063,
283627,1,5370,0,,0.063,
283627,0.951,5372,0,0,0.063,0
283627,0.809,5374,0,,0.063,
283627,0.587,5376,0,,0.063,
283627,0.309,5378,0,,0.063,
283627,0,5380,0,,0.063,
283627,-0.309,5382,0,,0.063,
283627,-0.587,5384,0,,0.063,
283627,-0.809,5386,0,,0.063,
283627,-0.951,5388,0,,0.063,
283627,-1,5390,0,,0.063,
283627,-0.951,5392,0,0,0.063,0
283627,-0.809,5394,0,,0.063,
283627,-0.587,5396,0,,0.063,
283627,-0.309,5398,0,,0.063,
283627,0,5400,0,,0.063,
283627,0.309,5402,0,,0.063,
283627,0.587,5404,0,,0.063,
283627,0.809,5406,0,,0.063,
283627,0.951,5408,0,,0.063,
283627,1,5410,0,,0.063,
283627,0.951,5412,0,0,0.063,0
283627,0.809,5414,0,,0.063,
283627,0.587,5416,0,,0.063,
283627,0.309,5418,0,,0.063,
283627,0,5420,0,,0.063,
283627,-0.309,5422,0,,0.063,
283627,-0.587,5424,0,,0.063,
283627,-0.809,5426,0,,0.063,
283627,-0.951,5428,0,,0.063,
283627,-1,5430,0,,0.063,
283627,-0.951,5432,0,0,0.063,0
283627,-0.809,5434,0,,0.063,
283627,-0.587,5436,0,,0.063,
283627,-0.309,5438,0,,0.063,
283627,0,5440,0,,0.063,
283627,0.309,5442,0,,0.063,
283627,0.587,5444,0,,0.063,
283627,0.809,5446,0,,0.063,
283627,0.951,5448,0,,0.063,
283627,1,5450,0,,0.063,
283627,0.951,5452,0,0,0.063,0
283627,0.809,5454,0,,0.063,
283627,0.587,5456,0,,0.063,
283627,0.309,5458,0,,0.063,
283627,0,5460,0,,0.063,
283627,-0.309,5462,0,,0.063,
283627,-0.587,5464,0,,0.063,
283627,-0.809,5466,0,,0.063,
283627,-0.951,5468,0,,0.063,
283627,-1,5470,0,,0.063,
283627,-0.951,5472,0,0,0.063,0
283627,-0.809,5474,0,,0.063,
283627,-0.587,5476,0,,0.063,
283627,-0.309,5478,0,,0.063,
283627,0,5480,0,,0.063,
283627,0.309,5482,0,,0.063,
283627,0.587,5484,0,,0.063,
283627,0.809,5486,0,,0.063,
283627,0.951,5488,0,,0.063,
283627,1,5490,0,,0.063,
283627,0.951,5492,0,0,0.063,0
283627,0.809,5494,0,,0.063,
283627,0.587,5496,0,,0.063,
283627,0.309,5498,0,,0.063,
283627,0,5500,0,,0.063,
283627,-0.309,5502,0,,0.063,
283627,-0.587,5504,0,,0.063,
283627,-0.809,5506,0,,0.063,
283627,-0.951,5508,0,,0.063,
283627,-1,5510,0,,0.063,
283627,-0.951,5512,0,0,0.063,0
283627,-0.809,5514,0,,0.063,
283627,-0.587,5516,0,,0.063,
283627,-0.309,5518,0,,0.063,
283627,0,5520,0,,0.063,
283627,0.309,5522,0,,0.063,
283627,0.587,5524,0,,0.063,
283627,0.809,5526,0,,0.063,
283627,0.951,5528,0,,0.063,
283627,1,5530,0,,0.063,
283627,0.951,5532,0,0,0.063,0
283627,0.809,5534,0,,0.063,
283627,0.587,5536,0,,0.063,
283627,0.309,5538,0,,0.063,
283627,0,5540,0,,0.063,
283627,-0.309,5542,0,,0.063,
283627,-0.587,5544,0,,0.063,
283627,-0.809,5546,0,,0.063,
283627,-0.951,5548,0,,0.063,
283627,-1,5550,0,,0.063,
283627,-0.951,5552,0,0,0.063,0
283627,-0.809,5554,0,,0.063,
283627,-0.587,5556,0,,0.063,
283627,-0.309,5558,0,,0.063,
283627,0,5560,0,,0.063,
283627,0.309,5562,0,,0.063,
283627,0.587,5564,0,,0.063,
283627,0.809,5566,0,,0.063,
283627,0.951,5568,0,,0.063,
283627,1,5570,0,,0.063,
283627,0.951,5572,0,0,0.063,0
283627,0.809,5574,0,,0.063,
283627,0.587,5576,0,,0.063,
283627,0.309,5578,0,,0.063,
283627,0,5580,0,,0.063,
283627,-0.309,5582,0,,0.063,
283627,-0.587,5584,0,,0.063,
283627,-0.809,5586,0,,0.063,
283627,-0.951,5588,0,,0.063,
283627,-1,5590,0,,0.063,
283627,-0.951,5592,0,0,0.063,0
283627,-0.809,5594,0,,0.063,
283627,-0.587,5596,0,,0.063,
283627,-0.309,5598,0,,0.063,
283627,0,5600,0,,0.063,
283627,0.309,5602,0,,0.063,
283627,0.587,5604,0,,0.063,
283627,0.809,5606,0,,0.063,
283627,0.951,5608,0,,0.063,
283627,1,5610,0,,0.063,
283627,0.951,5612,0,0,0.063,0
283627,0.809,5614,0,,0.063,
283627,0.587,5616,0,,0.063,
283627,0.309,5618,0,,0.063,
283627,0,5620,0,,0.063,
283627,-0.309,5622,0,,0.063,
283627,-0.587,5624,0,,0.063,
283627,-0.809,5626,0,,0.063,
283627,-0.951,5628,0,,0.063,
283627,-1,5630,0,,0.063,
283627,-0.951,5632,0,0,0.063,0
283627,-0.809,5634,0,,0.063,
283627,-0.587,5636,0,,0.063,
283627,-0.309,5638,0,,0.063,
283627,0,5640,0,,0.063,
283627,0.309,5642,0,,0.063,
283627,0.587,5644,0,,0.063,
283627,0.809,5646,0,,0.063,
283627,0.951,5648,0,,0.063,
283627,1,5650,0,,0.063,
283627,0.951,5652,0,0,0.063,0
283627,0.809,5654,0,,0.063,
283627,0.587,5656,0,,0.063,
283627,0.309,5658,0,,0.063,
283627,0,5660,0,,0.063,
283627,-0.309,5662,0,,0.063,
283627,-0.587,5664,0,,0.063,
283627,-0.809,5666,0,,0.063,
283627,-0.951,5668,0,,0.063,
283627,-1,5670,0,,0.063,
283627,-0.951,5672,0,0,0.063,0
283627,-0.809,5674,0,,0.063,
283627,-0.587,5676,0,,0.063,
283627,-0.309,5678,0,,0.063,
283627,0,5680,0,,0.063,
283627,0.309,5682,0,,0.063,
283627,0.587,5684,0,,0.063,
283627,0.809,5686,0,,0.063,
283627,0.951,5688,0,,0.063,
283627,1,5690,0,,0.063,
283627,0.951,5692,0,0,0.063,0
283627,0.809,5694,0,,0.063,
283627,0.587,5696,0,,0.063,
283627,0.309,5698,0,,0.063,
283627,0,5700,0,,0.063,
283627,-0.309,5702,0,,0.063,
283627,-0.587,5704,0,,0.063,
283627,-0.809,5706,0,,0.063,
283627,-0.951,5708,0,,0.063,
283627,-1,5710,0,,0.063,
283627,-0.951,5712,0,0,0.063,0
283627,-0.809,5714,0,,0.063,
283627,-0.587,5716,0,,0.063,
283627,-0.309,5718,0,,0.063,
283627,0,5720,0,,0.063,
283627,0.309,5722,0,,0.063,
283627,0.587,5724,0,,0.063,
283627,0.809,5726,0,,0.063,
283627,0.951,5728,0,,0.063,
283627,1,5730,0,,0.063,
283627,0.951,5732,0,0,0.063,0
283627,0.809,5734,0,,0.063,
283627,0.587,5736,0,,0.063,
283627,0.309,5738,0,,0.063,
283627,0,5740,0,,0.063,
283627,-0.309,5742,0,,0.063,
283627,-0.587,5744,0,,0.063,
283627,-0.809,5746,0,,0.063,
283627,-0.951,5748,0,,0.063,
283627,-1,5750,0,,0.063,
283627,-0.951,5752,0,0,0.063,0
283627,-0.809,5754,0,,0.063,
283627,-0.587,5756,0,,0.063,
283627,-0.309,5758,0,,0.063,
283627,0,5760,0,,0.063,
283627,0.309,5762,0,,0.063,
283627,0.587,5764,0,,0.063,
283627,0.809,5766,0,,0.063,
283627,0.951,5768,0,,0.063,
283627,1,5770,0,,0.063,
283627,0.951,5772,0,0,0.063,0
283627,0.809,5774,0,,0.063,
283627,0.587,5776,0,,0.063,
283627,0.309,5778,0,,0.063,
283627,0,5780,0,,0.063,
283627,-0.309,5782,0,,0.063,
283627,-0.587,5784,0,,0.063,
283627,-0.809,5786,0,,0.063,
283627,-0.951,5788,0,,0.063,
283627,-1,5790,0,,0.063,
283627,-0.951,5792,0,0,0.063,0
283627,-0.809,5794,0,,0.063,
283627,-0.587,5796,0,,0.063,
283627,-0.309,5798,0,,0.063,
283627,0,5800,0,,0.063,
283627,0.309,5802,0,,0.063,
283627,0.587,5804,0,,0.063,
283627,0.809,5806,0,,0.063,
283627,0.951,5808,0,,0.063,
283627,1,5810,0,,0.063,
283627,0.951,5812,0,0,0.063,0
283627,0.809,5814,0,,0.063,
283627,0.587,5816,0,,0.063,
283627,0.309,5818,0,,0.063,
283627,0,5820,0,,0.063,
283627,-0.309,5822,0,,0.063,
283627,-0.587,5824,0,,0.063,
283627,-0.809,5826,0,,0.063,
283627,-0.951,5828,0,,0.063,
283627,-1,5830,0,,0.063,
283627,-0.951,5832,0,0,0.063,0
283627,-0.809,5834,0,,0.063,
283627,-0.587,5836,0,,0.063,
283627,-0.309,5838,0,,0.063,
283627,0,5840,0,,0.063,
283627,0.309,5842,0,,0.063,
283627,0.587,5844,0,,0.063,
283627,0.809,5846,0,,0.063,
283627,0.951,5848,0,,0.063,
283627,1,5850,0,,0.063,
283627,0.951,5852,0,0,0.063,0
283627,0.809,5854,0,,0.063,
283627,0.587,5856,0,,0.063,
283627,0.309,5858,0,,0.063,
283627,0,5860,0,,0.063,
283627,-0.309,5862,0,,0.063,
283627,-0.587,5864,0,,0.063,
283627,-0.809,5866,0,,0.063,
283627,-0.951,5868,0,,0.063,
283627,-1,5870,0,,0.063,
283627,-0.951,5872,0,0,0.063,0
283627,-0.809,5874,0,,0.063,
283627,-0.587,5876,0,,0.063,
283627,-0.309,5878,0,,0.063,
283627,0,5880,0,,0.063,
283627,0.309,5882,0,,0.063,
283627,0.587,5884,0,,0.063,
283627,0.809,5886,0,,0.063,
283627,0.951,5888,0,,0.063,
283627,1,5890,0,,0.063,
283627,0.951,5892,0,0,0.063,0
283627,0.809,5894,0,,0.063,
283627,0.587,5896,0,,0.063,
283627,0.309,5898,0,,0.063,
283627,0,5900,0,,0.063,
283627,-0.309,5902,0,,0.063,
283627,-0.587,5904,0,,0.063,
283627,-0.809,5906,0,,0.063,
283627,-0.951,5908,0,,0.063,
283627,-1,5910,0,,0.063,
283627,-0.951,5912,0,0,0.063,0
283627,-0.809,5914,0,,0.063,
283627,-0.587,5916,0,,0.063,
283627,-0.309,5918,0,,0.063,
283627,0,5920,0,,0.063,
283627,0.309,5922,0,,0.063,
283627,0.587,5924,0,,0.063,
283627,0.809,5926,0,,0.063,
283627,0.951,5928,0,,0.063,
283627,1,5930,0,,0.063,
283627,0.951,5932,0,0,0.063,0
283627,0.809,5934,0,,0.063,
283627,0.587,5936,0,,0.063,
283627,0.309,5938,0,,0.063,
283627,0,5940,0,,0.063,
283627,-0.309,5942,0,,0.063,
283627,-0.587,5944,0,,0.063,
283627,-0.809,5946,0,,0.063,
283627,-0.951,5948,0,,0.063,
283627,-1,5950,0,,0.063,
283627,-0.951,5952,0,0,0.063,0
283627,-0.809,5954,0,,0.063,
283627,-0.587,5956,0,,0.063,
283627,-0.309,5958,0,,0.063,
283627,0,5960,0,,0.063,
283627,0.309,5962,0,,0.063,
283627,0.587,5964,0,,0.063,
283627,0.809,5966,0,,0.063,
283627,0.951,5968,0,,0.063,
283627,1,5970,0,,0.063,
283627,0.951,5972,0,0,0.063,0
283627,0.809,5974,0,,0.063,
283627,0.587,5976,0,,0.063,
283627,0.309,5978,0,,0.063,
283627,0,5980,0,,0.063,
283627,-0.309,5982,0,,0.063,
283627,-0.587,5984,0,,0.063,
283627,-0.809,5986,0,,0.063,
283627,-0.951,5988,0,,0.063,
283627,-1,5990,0,,0.063,
283627,-0.951,5992,0,0,0.063,0
283627,-0.809,5994,0,,0.063,
283627,-0.587,5996,0,,0.063,
283627,-0.309,5998,0,,0.063,
283627,0,6000,0,,0.063,
283627,0.309,6002,0,,0.063,
283627,0.587,6004,0,,0.063,
283627,0.809,6006,0,,0.063,
283627,0.951,6008,0,,0.063,
283627,1,6010,0,,0.063,
283627,0.951,6012,0,0,0.063,0
283627,0.809,6014,0,,0.063,
283627,0.587,6016,0,,0.063,
283627,0.309,6018,0,,0.063,
283627,0,6020,0,,0.063,
283627,-0.309,6022,0,,0.063,
283627,-0.587,6024,0,,0.063,
283627,-0.809,6026,0,,0.063,
283627,-0.951,6028,0,,0.063,
283627,-1,6030,0,,0.063,
283627,-0.951,6032,0,0,0.063,0
283627,-0.809,6034,0,,0.063,
283627,-0.587,6036,0,,0.063,
283627,-0.309,6038,0,,0.063,
283627,0,6040,0,,0.063,
283627,0.309,6042,0,,0.063,
283627,0.587,6044,0,,0.063,
283627,0.809,6046,0,,0.063,
283627,0.951,6048,0,,0.063,
283627,1,6050,0,,0.063,
283627,0.951,6052,0,0,0.063,0
283627,0.809,6054,0,,0.063,
283627,0.587,6056,0,,0.063,
283627,0.309,6058,0,,0.063,
283627,0,6060,0,,0.063,
283627,-0.309,6062,0,,0.063,
283627,-0.587,6064,0,,0.063,
283627,-0.809,6066,0,,0.063,
283627,-0.951,6068,0,,0.063,
283627,-1,6070,0,,0.063,
283627,-0.951,6072,0,0,0.063,0
283627,-0.809,6074,0,,0.063,
283627,-0.587,6076,0,,0.063,
283627,-0.309,6078,0,,0.063,
283627,0,6080,0,,0.063,
283627,0.309,6082,0,,0.063,
283627,0.587,6084,0,,0.063,
283627,0.809,6086,0,,0.063,
283627,0.951,6088,0,,0.063,
283627,1,6090,0,,0.063,
283627,0.951,6092,0,0,0.063,0
283627,0.809,6094,0,,0.063,
283627,0.587,6096,0,,0.063,
283627,0.309,6098,0,,0.063,
283627,0,6100,0,,0.063,
283627,-0.309,6102,0,,0.063,
283627,-0.587,6104,0,,0.063,
283627,-0.809,6106,0,,0.063,
283627,-0.951,6108,0,,0.063,
283627,-1,6110,0,,0.063,
283627,-0.951,6112,0,0,0.063,0
283627,-0.809,6114,0,,0.063,
283627,-0.587,6116,0,,0.063,
283627,-0.309,6118,0,,0.063,
283627,0,6120,0,,0.063,
283627,0.309,6122,0,,0.063,
283627,0.587,6124,0,,0.063,
283627,0.809,6126,0,,0.063,
283627,0.951,6128,0,,0.063,
283627,1,6130,0,,0.063,
283627,0.951,6132,0,0,0.063,0
283627,0.809,6134,0,,0.063,
283627,0.587,6136,0,,0.063,
283627,0.309,6138,0,,0.063,
283627,0,6140,0,,0.063,
283627,-0.309,6142,0,,0.063,
283627,-0.587,6144,0,,0.063,
283627,-0.809,6146,0,,0.063,
283627,-0.951,6148,0,,0.063,
283627,-1,6150,0,,0.063,
283627,-0.951,6152,0,0,0.063,0
283627,-0.809,6154,0,,0.063,
283627,-0.587,6156,0,,0.063,
283627,-0.309,6158,0,,0.063,
283627,0,6160,0,,0.063,
283627,0.309,6162,0,,0.063,
283627,0.587,6164,0,,0.063,
283627,0.809,6166,0,,0.063,
283627,0.951,6168,0,,0.063,
283627,1,6170,0,,0.063,
283627,0.951,6172,0,0,0.063,0
283627,0.809,6174,0,,0.063,
283627,0.587,6176,0,,0.063,
283627,0.309,6178,0,,0.063,
283627,0,6180,0,,0.063,
283627,-0.309,6182,0,,0.063,
283627,-0.587,6184,0,,0.063,
283627,-0.809,6186,0,,0.063,
283627,-0.951,6188,0,,0.063,
283627,-1,6190,0,,0.063,
283627,-0.951,6192,0,0,0.063,0
283627,-0.809,6194,0,,0.063,
283627,-0.587,6196,0,,0.063,
283627,-0.309,6198,0,,0.063,
283627,0,6200,0,,0.063,
283627,0.309,6202,0,,0.063,
283627,0.587,6204,0,,0.063,
283627,0.809,6206,0,,0.063,
283627,0.951,6208,0,,0.063,
283627,1,6210,0,,0.063,
283627,0.951,6212,0,0,0.063,0
283627,0.809,6214,0,,0.063,
283627,0.587,6216,0,,0.063,
283627,0.309,6218,0,,0.063,
283627,0,6220,0,,0.063,
283627,-0.309,6222,0,,0.063,
283627,-0.587,6224,0,,0.063,
283627,-0.809,6226,0,,0.063,
283627,-0.951,6228,0,,0.063,
283627,-1,6230,0,,0.063,
283627,-0.951,6232,0,0,0.063,0
283627,-0.809,6234,0,,0.063,
283627,-0.587,6236,0,,0.063,
283627,-0.309,6238,0,,0.063,
283627,0,6240,0,,0.063,
283627,0.309,6242,0,,0.063,
283627,0.587,6244,0,,0.063,
283627,0.809,6246,0,,0.063,
283627,0.951,6248,0,,0.063,
283627,1,6250,0,,0.063,
283627,0.951,6252,0,0,0.063,0
283627,0.809,6254,0,,0.063,
283627,0.587,6256,0,,0.063,
283627,0.309,6258,0,,0.063,
283627,0,6260,0,,0.063,
283627,-0.309,6262,0,,0.063,
283627,-0.587,6264,0,,0.063,
283627,-0.809,6266,0,,0.063,
283627,-0.951,6268,0,,0.063,
283627,-1,6270,0,,0.063,
283627,-0.951,6272,0,0,0.063,0
283627,-0.809,6274,0,,0.063,
283627,-0.587,6276,0,,0.063,
283627,-0.309,6278,0,,0.063,
283627,0,6280,0,,0.063,
283627,0.309,6282,0,,0.063,
283627,0.587,6284,0,,0.063,
283627,0.809,6286,0,,0.063,
283627,0.951,6288,0,,0.063,
283627,1,6290,0,,0.063,
283627,0.951,6292,0,0,0.063,0
283627,0.809,6294,0,,0.063,
283627,0.587,6296,0,,0.063,
283627,0.309,6298,0,,0.063,
283627,0,6300,0,,0.063,
283627,-0.309,6302,0,,0.063,
283627,-0.587,6304,0,,0.063,
283627,-0.809,6306,0,,0.063,
283627,-0.951,6308,0,,0.063,
283627,-1,6310,0,,0.063,
283627,-0.951,6312,0,0,0.063,0
283627,-0.809,6314,0,,0.063,
283627,-0.587,6316,0,,0.063,
283627,-0.309,6318,0,,0.063,
283627,0,6320,0,,0.063,
283627,0.309,6322,0,,0.063,
283627,0.587,6324,0,,0.063,
283627,0.809,6326,0,,0.063,
283627,0.951,6328,0,,0.063,
283627,1,6330,0,,0.063,
283627,0.951,6332,0,0,0.063,0
283627,0.809,6334,0,,0.063,
283627,0.587,6336,0,,0.063,
283627,0.309,6338,0,,0.063,
283627,0,6340,0,,0.063,
283627,-0.309,6342,0,,0.063,
283627,-0.587,6344,0,,0.063,
283627,-0.809,6346,0,,0.063,
283627,-0.951,6348,0,,0.063,
283627,-1,6350,0,,0.063,
283627,-0.951,6352,0,0,0.063,0
283627,-0.809,6354,0,,0.063,
283627,-0.587,6356,0,,0.063,
283627,-0.309,6358,0,,0.063,
283627,0,6360,0,,0.063,
283627,0.309,6362,0,,0.063,
283627,0.587,6364,0,,0.063,
283627,0.809,6366,0,,0.063,
283627,0.951,6368,0,,0.063,
283627,1,6370,0,,0.063,
283627,0.951,6372,0,0,0.063,0
283627,0.809,6374,0,,0.063,
283627,0.587,6376,0,,0.063,
283627,0.309,6378,0,,0.063,
283627,0,6380,0,,0.063,
283627,-0.309,6382,0,,0.063,
283627,-0.587,6384,0,,0.063,
283627,-0.809,6386,0,,0.063,
283627,-0.951,6388,0,,0.063,
283627,-1,6390,0,,0.063,
283627,-0.951,6392,0,0,0.063,0
283627,-0.809,6394,0,,0.063,
283627,-0.587,6396,0,,0.063,
283627,-0.309,6398,0,,0.063,
283627,0,6400,0,,0.063,
283627,0.309,6402,0,,0.063,
283627,0.587,6404,0,,0.063,
283627,0.809,6406,0,,0.063,
283627,0.951,6408,0,,0.063,
283627,1,6410,0,,0.063,
283627,0.951,6412,0,0,0.063,0
283627,0.809,6414,0,,0.063,
283627,0.587,6416,0,,0.063,
283627,0.309,6418,0,,0.063,
283627,0,6420,0,,0.063,
283627,-0.309,6422,0,,0.063,
283627,-0.587,6424,0,,0.063,
283627,-0.809,6426,0,,0.063,
283627,-0.951,6428,0,,0.063,
283627,-1,6430,0,,0.063,
283627,-0.951,6432,0,0,0.063,0
283627,-0.809,6434,0,,0.063,
283627,-0.587,6436,0,,0.063,
283627,-0.309,6438,0,,0.063,
283627,0,6440,0,,0.063,
283627,0.309,6442,0,,0.063,
283627,0.587,6444,0,,0.063,
283627,0.809,6446,0,,0.063,
283627,0.951,6448,0,,0.063,
283627,1,6450,0,,0.063,
283627,0.951,6452,0,0,0.063,0
283627,0.809,6454,0,,0.063,
283627,0.587,6456,0,,0.063,
283627,0.309,6458,0,,0.063,
283627,0,6460,0,,0.063,
283627,-0.309,6462,0,,0.063,
283627,-0.587,6464,0,,0.063,
283627,-0.809,6466,0,,0.063,
283627,-0.951,6468,0,,0.063,
283627,-1,6470,0,,0.063,
283627,-0.951,6472,0,0,0.063,0
283627,-0.809,6474,0,,0.063,
283627,-0.587,6476,0,,0.063,
283627,-0.309,6478,0,,0.063,
283627,0,6480,0,,0.063,
283627,0.309,6482,0,,0.063,
283627,0.587,6484,0,,0.063,
283627,0.809,6486,0,,0.063,
283627,0.951,6488,0,,0.063,
283627,1,6490,0,,0.063,
283627,0.951,6492,0,0,0.063,0
283627,0.809,6494,0,,0.063,
283627,0.587,6496,0,,0.063,
283627,0.309,6498,0,,0.063,
283627,0,6500,0,,0.063,
283627,-0.309,6502,0,,0.063,
283627,-0.587,6504,0,,0.063,
283627,-0.809,6506,0,,0.063,
283627,-0.951,6508,0,,0.063,
283627,-1,6510,0,,0.063,
283627,-0.951,6512,0,0,0.063,0
283627,-0.809,6514,0,,0.063,
283627,-0.587,6516,0,,0.063,
283627,-0.309,6518,0,,0.063,
283627,0,6520,0,,0.063,
283627,0.309,6522,0,,0.063,
283627,0.587,6524,0,,0.063,
283627,0.809,6526,0,,0.063,
283627,0.951,6528,0,,0.063,
283627,1,6530,0,,0.063,
283627,0.951,6532,0,0,0.063,0
283627,0.809,6534,0,,0.063,
283627,0.587,6536,0,,0.063,
283627,0.309,6538,0,,0.063,
283627,0,6540,0,,0.063,
283627,-0.309,6542,0,,0.063,
283627,-0.587,6544,0,,0.063,
283627,-0.809,6546,0,,0.063,
283627,-0.951,6548,0,,0.063,
283627,-1,6550,0,,0.063,
283627,-0.951,6552,0,0,0.063,0
283627,-0.809,6554,0,,0.063,
283627,-0.587,6556,0,,0.063,
283627,-0.309,6558,0,,0.063,
283627,0,6560,0,,0.063,
283627,0.309,6562,0,,0.063,
283627,0.587,6564,0,,0.063,
283627,0.809,6566,0,,0.063,
283627,0.951,6568,0,,0.063,
283627,1,6570,0,,0.063,
283627,0.951,6572,0,0,0.063,0
283627,0.809,6574,0,,0.063,
283627,0.587,6576,0,,0.063,
283627,0.309,6578,0,,0.063,
283627,0,6580,0,,0.063,
283627,-0.309,6582,0,,0.063,
283627,-0.587,6584,0,,0.063,
283627,-0.809,6586,0,,0.063,
283627,-0.951,6588,0,,0.063,
283627,-1,6590,0,,0.063,
283627,-0.951,6592,0,0,0.063,0
283627,-0.809,6594,0,,0.063,
283627,-0.587,6596,0,,0.063,
283627,-0.309,6598,0,,0.063,
283627,0,6600,0,,0.063,
283627,0.309,6602,0,,0.063,
283627,0.587,6604,0,,0.063,
283627,0.809,6606,0,,0.063,
283627,0.951,6608,0,,0.063,
283627,1,6610,0,,0.063,
283627,0.951,6612,0,0,0.063,0
283627,0.809,6614,0,,0.063,
283627,0.587,6616,0,,0.063,
283627,0.309,6618,0,,0.063,
283627,0,6620,0,,0.063,
283627,-0.309,6622,0,,0.063,
283627,-0.587,6624,0,,0.063,
283627,-0.809,6626,0,,0.063,
283627,-0.951,6628,0,,0.063,
283627,-1,6630,0,,0.063,
283627,-0.951,6632,0,0,0.063,0
283627,-0.809,6634,0,,0.063,
283627,-0.587,6636,0,,0.063,
283627,-0.309,6638,0,,0.063,
283627,0,6640,0,,0.063,
283627,0.309,6642,0,,0.063,
283627,0.587,6644,0,,0.063,
283627,0.809,6646,0,,0.063,
283627,0.951,6648,0,,0.063,
283627,1,6650,0,,0.063,
283627,0.951,6652,0,0,0.063,0
283627,0.809,6654,0,,0.063,
283627,0.587,6656,0,,0.063,
283627,0.309,6658,0,,0.063,
283627,0,6660,0,,0.063,
283627,-0.309,6662,0,,0.063,
283627,-0.587,6664,0,,0.063,
283627,-0.809,6666,0,,0.063,
283627,-0.951,6668,0,,0.063,
283627,-1,6670,0,,0.063,
283627,-0.951,6672,0,0,0.063,0
283627,-0.809,6674,0,,0.063,
283627,-0.587,6676,0,,0.063,
283627,-0.309,6678,0,,0.063,
283627,0,6680,0,,0.063,
283627,0.309,6682,0,,0.063,
283627,0.587,6684,0,,0.063,
283627,0.809,6686,0,,0.063,
283627,0.951,6688,0,,0.063,
283627,1,6690,0,,0.063,
283627,0.951,6692,0,0,0.063,0
283627,0.809,6694,0,,0.063,
283627,0.587,6696,0,,0.063,
283627,0.309,6698,0,,0.063,
283627,0,6700,0,,0.063,
283627,-0.309,6702,0,,0.063,
283627,-0.587,6704,0,,0.063,
283627,-0.809,6706,0,,0.063,
283627,-0.951,6708,0,,0.063,
283627,-1,6710,0,,0.063,
283627,-0.951,6712,0,0,0.063,0
283627,-0.809,6714,0,,0.063,
283627,-0.587,6716,0,,0.063,
283627,-0.309,6718,0,,0.063,
283627,0,6720,0,,0.063,
283627,0.309,6722,0,,0.063,
283627,0.587,6724,0,,0.063,
283627,0.809,6726,0,,0.063,
283627,0.951,6728,0,,0.063,
283627,1,6730,0,,0.063,
283627,0.951,6732,0,0,0.063,0
283627,0.809,6734,0,,0.063,
283627,0.587,6736,0,,0.063,
283627,0.309,6738,0,,0.063,
283627,0,6740,0,,0.063,
283627,-0.309,6742,0,,0.063,
283627,-0.587,6744,0,,0.063,
283627,-0.809,6746,0,,0.063,
283627,-0.951,6748,0,,0.063,
283627,-1,6750,0,,0.063,
283627,-0.951,6752,0,0,0.063,0
283627,-0.809,6754,0,,0.063,
283627,-0.587,6756,0,,0.063,
283627,-0.309,6758,0,,0.063,
283627,0,6760,0,,0.063,
283627,0.309,6762,0,,0.063,
283627,0.587,6764,0,,0.063,
283627,0.809,6766,0,,0.063,
283627,0.951,6768,0,,0.063,
283627,1,6770,0,,0.063,
283627,0.951,6772,0,0,0.063,0
283627,0.809,6774,0,,0.063,
283627,0.587,6776,0,,0.063,
283627,0.309,6778,0,,0.063,
283627,0,6780,0,,0.063,
283627,-0.309,6782,0,,0.063,
283627,-0.587,6784,0,,0.063,
283627,-0.809,6786,0,,0.063,
283627,-0.951,6788,0,,0.063,
283627,-1,6790,0,,0.063,
283627,-0.951,6792,0,0,0.063,0
283627,-0.809,6794,0,,0.063,
283627,-0.587,6796,0,,0.063,
283627,-0.309,6798,0,,0.063,
283627,0,6800,0,,0.063,
283627,0.309,6802,0,,0.063,
283627,0.587,6804,0,,0.063,
283627,0.809,6806,0,,0.063,
283627,0.951,6808,0,,0.063,
283627,1,6810,0,,0.063,
283627,0.951,6812,0,0,0.063,0
283627,0.809,6814,0,,0.063,
283627,0.587,6816,0,,0.063,
283627,0.309,6818,0,,0.063,
283627,0,6820,0,,0.063,
283627,-0.309,6822,0,,0.063,
283627,-0.587,6824,0,,0.063,
283627,-0.809,6826,0,,0.063,
283627,-0.951,6828,0,,0.063,
283627,-1,6830,0,,0.063,
283627,-0.951,6832,0,0,0.063,0
283627,-0.809,6834,0,,0.063,
283627,-0.587,6836,0,,0.063,
283627,-0.309,6838,0,,0.063,
283627,0,6840,0,,0.063,
283627,0.309,6842,0,,0.063,
283627,0.587,6844,0,,0.063,
283627,0.809,6846,0,,0.063,
283627,0.951,6848,0,,0.063,
283627,1,6850,0,,0.063,
283627,0.951,6852,0,0,0.063,0
283627,0.809,6854,0,,0.063,
283627,0.587,6856,0,,0.063,
283627,0.309,6858,0,,0.063,
283627,0,6860,0,,0.063,
283627,-0.309,6862,0,,0.063,
283627,-0.587,6864,0,,0.063,
283627,-0.809,6866,0,,0.063,
283627,-0.951,6868,0,,0.063,
283627,-1,6870,0,,0.063,
283627,-0.951,6872,0,0,0.063,0
283627,-0.809,6874,0,,0.063,
283627,-0.587,6876,0,,0.063,
283627,-0.309,6878,0,,0.063,
283627,0,6880,0,,0.063,
283627,0.309,6882,0,,0.063,
283627,0.587,6884,0,,0.063,
283627,0.809,6886,0,,0.063,
283627,0.951,6888,0,,0.063,
283627,1,6890,0,,0.063,
283627,0.951,6892,0,0,0.063,0
283627,0.809,6894,0,,0.063,
283627,0.587,6896,0,,0.063,
283627,0.309,6898,0,,0.063,
283627,0,6900,0,,0.063,
283627,-0.309,6902,0,,0.063,
283627,-0.587,6904,0,,0.063,
283627,-0.809,6906,0,,0.063,
283627,-0.951,6908,0,,0.063,
283627,-1,6910,0,,0.063,
283627,-0.951,6912,0,0,0.063,0
283627,-0.809,6914,0,,0.063,
283627,-0.587,6916,0,,0.063,
283627,-0.309,6918,0,,0.063,
283627,0,6920,0,,0.063,
283627,0.309,6922,0,,0.063,
283627,0.587,6924,0,,0.063,
283627,0.809,6926,0,,0.063,
283627,0.951,6928,0,,0.063,
283627,1,6930,0,,0.063,
283627,0.951,6932,0,0,0.063,0
283627,0.809,6934,0,,0.063,
283627,0.587,6936,0,,0.063,
283627,0.309,6938,0,,0.063,
283627,0,6940,0,,0.063,
283627,-0.309,6942,0,,0.063,
283627,-0.587,6944,0,,0.063,
283627,-0.809,6946,0,,0.063,
283627,-0.951,6948,0,,0.063,
283627,-1,6950,0,,0.063,
283627,-0.951,6952,0,0,0.063,0
283627,-0.809,6954,0,,0.063,
283627,-0.587,6956,0,,0.063,
283627,-0.309,6958,0,,0.063,
283627,0,6960,0,,0.063,
283627,0.309,6962,0,,0.063,
283627,0.587,6964,0,,0.063,
283627,0.809,6966,0,,0.063,
283627,0.951,6968,0,,0.063,
283627,1,6970,0,,0.063,
283627,0.951,6972,0,0,0.063,0
283627,0.809,6974,0,,0.063,
283627,0.587,6976,0,,0.063,
283627,0.309,6978,0,,0.063,
283627,0,6980,0,,0.063,
283627,-0.309,6982,0,,0.063,
283627,-0.587,6984,0,,0.063,
283627,-0.809,6986,0,,0.063,
283627,-0.951,6988,0,,0.063,
283627,-1,6990,0,,0.063,
283627,-0.951,6992,0,0,0.063,0
283627,-0.809,6994,0,,0.063,
283627,-0.587,6996,0,,0.063,
283627,-0.309,6998,0,,0.063,
283627,0,7000,0,,0.063,
283627,0.309,7002,0,,0.063,
283627,0.587,7004,0,,0.063,
283627,0.809,7006,0,,0.063,
283627,0.951,7008,0,,0.063,
283627,1,7010,0,,0.063,
283627,0.951,7012,0,0,0.063,0
283627,0.809,7014,0,,0.063,
283627,0.587,7016,0,,0.063,
283627,0.309,7018,0,,0.063,
283627,0,7020,0,,0.063,
283627,-0.309,7022,0,,0.063,
283627,-0.587,7024,0,,0.063,
283627,-0.809,7026,0,,0.063,
283627,-0.951,7028,0,,0.063,
283627,-1,7030,0,,0.063,
283627,-0.951,7032,0,0,0.063,0
283627,-0.809,7034,0,,0.063,
283627,-0.587,7036,0,,0.063,
283627,-0.309,7038,0,,0.063,
283627,0,7040,0,,0.063,
283627,0.309,7042,0,,0.063,
283627,0.587,7044,0,,0.063,
283627,0.809,7046,0,,0.063,
283627,0.951,7048,0,,0.063,
283627,1,7050,0,,0.063,
283627,0.951,7052,0,0,0.063,0
283627,0.809,7054,0,,0.063,
283627,0.587,7056,0,,0.063,
283627,0.309,7058,0,,0.063,
283627,0,7060,0,,0.063,
283627,-0.309,7062,0,,0.063,
283627,-0.587,7064,0,,0.063,
283627,-0.809,7066,0,,0.063,
283627,-0.951,7068,0,,0.063,
283627,-1,7070,0,,0.063,
283627,-0.951,7072,0,0,0.063,0
283627,-0.809,7074,0,,0.063,
283627,-0.587,7076,0,,0.063,
283627,-0.309,7078,0,,0.063,
283627,0,7080,0,,0.063,
283627,0.309,7082,0,,0.063,
283627,0.587,7084,0,,0.063,
283627,0.809,7086,0,,0.063,
283627,0.951,7088,0,,0.063,
283627,1,7090,0,,0.063,
283627,0.951,7092,0,0,0.063,0
283627,0.809,7094,0,,0.063,
283627,0.587,7096,0,,0.063,
283627,0.309,7098,0,,0.063,
283627,0,7100,0,,0.063,
283627,-0.309,7102,0,,0.063,
283627,-0.587,7104,0,,0.063,
283627,-0.809,7106,0,,0.063,
283627,-0.951,7108,0,,0.063,
283627,-1,7110,0,,0.063,
283627,-0.951,7112,0,0,0.063,0
283627,-0.809,7114,0,,0.063,
283627,-0.587,7116,0,,0.063,
283627,-0.309,7118,0,,0.063,
283627,0,7120,0,,0.063,
283627,0.309,7122,0,,0.063,
283627,0.587,7124,0,,0.063,
283627,0.809,7126,0,,0.063,
283627,0.951,7128,0,,0.063,
283627,1,7130,0,,0.063,
283627,0.951,7132,0,0,0.063,0
283627,0.809,7134,0,,0.063,
283627,0.587,7136,0,,0.063,
283627,0.309,7138,0,,0.063,
283627,0,7140,0,,0.063,
283627,-0.309,7142,0,,0.063,
283627,-0.587,7144,0,,0.063,
283627,-0.809,7146,0,,0.063,
283627,-0.951,7148,0,,0.063,
283627,-1,7150,0,,0.063,
283627,-0.951,7152,0,0,0.063,0
283627,-0.809,7154,0,,0.063,
283627,-0.587,7156,0,,0.063,
283627,-0.309,7158,0,,0.063,
283627,0,7160,0,,0.063,
283627,0.309,7162,0,,0.063,
283627,0.587,7164,0,,0.063,
283627,0.809,7166,0,,0.063,
283627,0.951,7168,0,,0.063,
283627,1,7170,0,,0.063,
283627,0.951,7172,0,0,0.063,0
283627,0.809,7174,0,,0.063,
283627,0.587,7176,0,,0.063,
283627,0.309,7178,0,,0.063,
283627,0,7180,0,,0.063,
283627,-0.309,7182,0,,0.063,
283627,-0.587,7184,0,,0.063,
283627,-0.809,7186,0,,0.063,
283627,-0.951,7188,0,,0.063,
283627,-1,7190,0,,0.063,
283627,-0.951,7192,0,0,0.063,0
283627,-0.809,7194,0,,0.063,
283627,-0.587,7196,0,,0.063,
283627,-0.309,7198,0,,0.063,
283627,0,7200,0,,0.063,
283627,0.309,7202,0,,0.063,
283627,0.587,7204,0,,0.063,
283627,0.809,7206,0,,0.063,
283627,0.951,7208,0,,0.063,
283627,1,7210,0,,0.063,
283627,0.951,7212,0,0,0.063,0
283627,0.809,7214,0,,0.063,
283627,0.587,7216,0,,0.063,
283627,0.309,7218,0,,0.063,
283627,0,7220,0,,0.063,
283627,-0.309,7222,0,,0.063,
283627,-0.587,7224,0,,0.063,
283627,-0.809,7226,0,,0.063,
283627,-0.951,7228,0,,0.063,
283627,-1,7230,0,,0.063,
283627,-0.951,7232,0,0,0.063,0
283627,-0.809,7234,0,,0.063,
283627,-0.587,7236,0,,0.063,
283627,-0.309,7238,0,,0.063,
283627,0,7240,0,,0.063,
283627,0.309,7242,0,,0.063,
283627,0.587,7244,0,,0.063,
283627,0.809,7246,0,,0.063,
283627,0.951,7248,0,,0.063,
283627,1,7250,0,,0.063,
283627,0.951,7252,0,0,0.063,0
283627,0.809,7254,0,,0.063,
283627,0.587,7256,0,,0.063,
283627,0.309,7258,0,,0.063,
283627,0,7260,0,,0.063,
283627,-0.309,7262,0,,0.063,
283627,-0.587,7264,0,,0.063,
283627,-0.809,7266,0,,0.063,
283627,-0.951,7268,0,,0.063,
283627,-1,7270,0,,0.063,
283627,-0.951,7272,0,0,0.063,0
283627,-0.809,7274,0,,0.063,
283627,-0.587,7276,0,,0.063,
283627,-0.309,7278,0,,0.063,
283627,0,7280,0,,0.063,
283627,0.309,7282,0,,0.063,
283627,0.587,7284,0,,0.063,
283627,0.809,7286,0,,0.063,
283627,0.951,7288,0,,0.063,
283627,1,7290,0,,0.063,
283627,0.951,7292,0,0,0.063,0
283627,0.809,7294,0,,0.063,
283627,0.587,7296,0,,0.063,
283627,0.309,7298,0,,0.063,
283627,0,7300,0,,0.063,
283627,-0.309,7302,0,,0.063,
283627,-0.587,7304,0,,0.063,
283627,-0.809,7306,0,,0.063,
283627,-0.951,7308,0,,0.063,
283627,-1,7310,0,,0.063,
283627,-0.951,7312,0,0,0.063,0
283627,-0.809,7314,0,,0.063,
283627,-0.587,7316,0,,0.063,
283627,-0.309,7318,0,,0.063,
283627,0,7320,0,,0.063,
283627,0.309,7322,0,,0.063,
283627,0.587,7324,0,,0.063,
283627,0.809,7326,0,,0.063,
283627,0.951,7328,0,,0.063,
283627,1,7330,0,,0.063,
283627,0.951,7332,0,0,0.063,0
283627,0.809,7334,0,,0.063,
283627,0.587,7336,0,,0.063,
283627,0.309,7338,0,,0.063,
283627,0,7340,0,,0.063,
283627,-0.309,7342,0,,0.063,
283627,-0.587,7344,0,,0.063,
283627,-0.809,7346,0,,0.063,
283627,-0.951,7348,0,,0.063,
283627,-1,7350,0,,0.063,
283627,-0.951,7352,0,0,0.063,0
283627,-0.809,7354,0,,0.063,
283627,-0.587,7356,0,,0.063,
283627,-0.309,7358,0,,0.063,
283627,0,7360,0,,0.063,
283627,0.309,7362,0,,0.063,
283627,0.587,7364,0,,0.063,
283627,0.809,7366,0,,0.063,
283627,0.951,7368,0,,0.063,
283627,1,7370,0,,0.063,
283627,0.951,7372,0,0,0.063,0
283627,0.809,7374,0,,0.063,
283627,0.587,7376,0,,0.063,
283627,0.309,7378,0,,0.063,
283627,0,7380,0,,0.063,
283627,-0.309,7382,0,,0.063,
283627,-0.587,7384,0,,0.063,
283627,-0.809,7386,0,,0.063,
283627,-0.951,7388,0,,0.063,
283627,-1,7390,0,,0.063,
283627,-0.951,7392,0,0,0.063,0
283627,-0.809,7394,0,,0.063,
283627,-0.587,7396,0,,0.063,
283627,-0.309,7398,0,,0.063,
283627,0,7400,0,,0.063,
283627,0.309,7402,0,,0.063,
283627,0.587,7404,0,,0.063,
283627,0.809,7406,0,,0.063,
283627,0.951,7408,0,,0.063,
283627,1,7410,0,,0.063,
283627,0.951,7412,0,0,0.063,0
283627,0.809,7414,0,,0.063,
283627,0.587,7416,0,,0.063,
283627,0.309,7418,0,,0.063,
283627,0,7420,0,,0.063,
283627,-0.309,7422,0,,0.063,
283627,-0.587,7424,0,,0.063,
283627,-0.809,7426,0,,0.063,
283627,-0.951,7428,0,,0.063,
283627,-1,7430,0,,0.063,
283627,-0.951,7432,0,0,0.063,0
283627,-0.809,7434,0,,0.063,
283627,-0.587,7436,0,,0.063,
283627,-0.309,7438,0,,0.063,
283627,0,7440,0,,0.063,
283627,0.309,7442,0,,0.063,
283627,0.587,7444,0,,0.063,
283627,0.809,7446,0,,0.063,
283627,0.951,7448,0,,0.063,
283627,1,7450,0,,0.063,
283627,0.951,7452,0,0,0.063,0
283627,0.809,7454,0,,0.063,
283627,0.587,7456,0,,0.063,
283627,0.309,7458,0,,0.063,
283627,0,7460,0,,0.063,
283627,-0.309,7462,0,,0.063,
283627,-0.587,7464,0,,0.063,
283627,-0.809,7466,0,,0.063,
283627,-0.951,7468,0,,0.063,
283627,-1,7470,0,,0.063,
283627,-0.951,7472,0,0,0.063,0
283627,-0.809,7474,0,,0.063,
283627,-0.587,7476,0,,0.063,
283627,-0.309,7478,0,,0.063,
283627,0,7480,0,,0.063,
283627,0.309,7482,0,,0.063,
283627,0.587,7484,0,,0.063,
283627,0.809,7486,0,,0.063,
283627,0.951,7488,0,,0.063,
283627,1,7490,0,,0.063,
283627,0.951,7492,0,0,0.063,0
283627,0.809,7494,0,,0.063,
283627,0.587,7496,0,,0.063,
283627,0.309,7498,0,,0.063,
283627,0,7500,0,,0.063,
283627,-0.309,7502,0,,0.063,
283627,-0.587,7504,0,,0.063,
283627,-0.809,7506,0,,0.063,
283627,-0.951,7508,0,,0.063,
283627,-1,7510,0,,0.063,
283627,-0.951,7512,0,0,0.063,0
283627,-0.809,7514,0,,0.063,
283627,-0.587,7516,0,,0.063,
283627,-0.309,7518,0,,0.063,
283627,0,7520,0,,0.063,
283627,0.309,7522,0,,0.063,
283627,0.587,7524,0,,0.063,
283627,0.809,7526,0,,0.063,
283627,0.951,7528,0,,0.063,
283627,1,7530,0,,0.063,
283627,0.951,7532,0,0,0.063,0
283627,0.809,7534,0,,0.063,
283627,0.587,7536,0,,0.063,
283627,0.309,7538,0,,0.063,
283627,0,7540,0,,0.063,
283627,-0.309,7542,0,,0.063,
283627,-0.587,7544,0,,0.063,
283627,-0.809,7546,0,,0.063,
283627,-0.951,7548,0,,0.063,
283627,-1,7550,0,,0.063,
283627,-0.951,7552,0,0,0.063,0
283627,-0.809,7554,0,,0.063,
283627,-0.587,7556,0,,0.063,
283627,-0.309,7558,0,,0.063,
283627,0,7560,0,,0.063,
283627,0.309,7562,0,,0.063,
283627,0.587,7564,0,,0.063,
283627,0.809,7566,0,,0.063,
283627,0.951,7568,0,,0.063,
283627,1,7570,0,,0.063,
283627,0.951,7572,0,0,0.063,0
283627,0.809,7574,0,,0.063,
283627,0.587,7576,0,,0.063,
283627,0.309,7578,0,,0.063,
283627,0,7580,0,,0.063,
283627,-0.309,7582,0,,0.063,
283627,-0.587,7584,0,,0.063,
283627,-0.809,7586,0,,0.063,
283627,-0.951,7588,0,,0.063,
283627,-1,7590,0,,0.063,
283627,-0.951,7592,0,0,0.063,0
283627,-0.809,7594,0,,0.063,
283627,-0.587,7596,0,,0.063,
283627,-0.309,7598,0,,0.063,
283627,0,7600,0,,0.063,
283627,0.309,7602,0,,0.063,
283627,0.587,7604,0,,0.063,
283627,0.809,7606,0,,0.063,
283627,0.951,7608,0,,0.063,
283627,1,7610,0,,0.063,
283627,0.951,7612,0,0,0.063,0
283627,0.809,7614,0,,0.063,
283627,0.587,7616,0,,0.063,
283627,0.309,7618,0,,0.063,
283627,0,7620,0,,0.063,
283627,-0.309,7622,0,,0.063,
283627,-0.587,7624,0,,0.063,
283627,-0.809,7626,0,,0.063,
283627,-0.951,7628,0,,0.063,
283627,-1,7630,0,,0.063,
283627,-0.951,7632,0,0,0.063,0
283627,-0.809,7634,0,,0.063,
283627,-0.587,7636,0,,0.063,
283627,-0.309,7638,0,,0.063,
283627,0,7640,0,,0.063,
283627,0.309,7642,0,,0.063,
283627,0.587,7644,0,,0.063,
283627,0.809,7646,0,,0.063,
283627,0.951,7648,0,,0.063,
283627,1,7650,0,,0.063,
283627,0.951,7652,0,0,0.063,0
283627,0.809,7654,0,,0.063,
283627,0.587,7656,0,,0.063,
283627,0.309,7658,0,,0.063,
283627,0,7660,0,,0.063,
283627,-0.309,7662,0,,0.063,
283627,-0.587,7664,0,,0.063,
283627,-0.809,7666,0,,0.063,
283627,-0.951,7668,0,,0.063,
283627,-1,7670,0,,0.063,
283627,-0.951,7672,0,0,0.063,0
283627,-0.809,7674,0,,0.063,
283627,-0.587,7676,0,,0.063,
283627,-0.309,7678,0,,0.063,
283627,0,7680,0,,0.063,
283627,0.309,7682,0,,0.063,
283627,0.587,7684,0,,0.063,
283627,0.809,7686,0,,0.063,
283627,0.951,7688,0,,0.063,
283627,1,7690,0,,0.063,
283627,0.951,7692,0,0,0.063,0
283627,0.809,7694,0,,0.063,
283627,0.587,7696,0,,0.063,
283627,0.309,7698,0,,0.063,
283627,0,7700,0,,0.063,
283627,-0.309,7702,0,,0.063,
283627,-0.587,7704,0,,0.063,
283627,-0.809,7706,0,,0.063,
283627,-0.951,7708,0,,0.063,
283627,-1,7710,0,,0.063,
283627,-0.951,7712,0,0,0.063,0
283627,-0.809,7714,0,,0.063,
283627,-0.587,7716,0,,0.063,
283627,-0.309,7718,0,,0.063,
283627,0,7720,0,,0.063,
283627,0.309,7722,0,,0.063,
283627,0.587,7724,0,,0.063,
283627,0.809,7726,0,,0.063,
283627,0.951,7728,0,,0.063,
283627,1,7730,0,,0.063,
283627,0.951,7732,0,0,0.063,0
283627,0.809,7734,0,,0.063,
283627,0.587,7736,0,,0.063,
283627,0.309,7738,0,,0.063,
283627,0,7740,0,,0.063,
283627,-0.309,7742,0,,0.063,
283627,-0.587,7744,0,,0.063,
283627,-0.809,7746,0,,0.063,
283627,-0.951,7748,0,,0.063,
283627,-1,7750,0,,0.063,
283627,-0.951,7752,0,0,0.063,0
283627,-0.809,7754,0,,0.063,
283627,-0.587,7756,0,,0.063,
283627,-0.309,7758,0,,0.063,
283627,0,7760,0,,0.063,
283627,0.309,7762,0,,0.063,
283627,0.587,7764,0,,0.063,
283627,0.809,7766,0,,0.063,
283627,0.951,7768,0,,0.063,
283627,1,7770,0,,0.063,
283627,0.951,7772,0,0,0.063,0
283627,0.809,7774,0,,0.063,
283627,0.587,7776,0,,0.063,
283627,0.309,7778,0,,0.063,
283627,0,7780,0,,0.063,
283627,-0.309,7782,0,,0.063,
283627,-0.587,7784,0,,0.063,
283627,-0.809,7786,0,,0.063,
283627,-0.951,7788,0,,0.063,
283627,-1,7790,0,,0.063,
283627,-0.951,7792,0,0,0.063,0
283627,-0.809,7794,0,,0.063,
283627,-0.587,7796,0,,0.063,
283627,-0.309,7798,0,,0.063,
283627,0,7800,0,,0.063,
283627,0.309,7802,0,,0.063,
283627,0.587,7804,0,,0.063,
283627,0.809,7806,0,,0.063,
283627,0.951,7808,0,,0.063,
283627,1,7810,0,,0.063,
283627,0.951,7812,0,0,0.063,0
283627,0.809,7814,0,,0.063,
283627,0.587,7816,0,,0.063,
283627,0.309,7818,0,,0.063,
283627,0,7820,0,,0.063,
283627,-0.309,7822,0,,0.063,
283627,-0.587,7824,0,,0.063,
283627,-0.809,7826,0,,0.063,
283627,-0.951,7828,0,,0.063,
283627,-1,7830,0,,0.063,
283627,-0.951,7832,0,0,0.063,0
283627,-0.809,7834,0,,0.063,
283627,-0.587,7836,0,,0.063,
283627,-0.309,7838,0,,0.063,
283627,0,7840,0,,0.063,
283627,0.309,7842,0,,0.063,
283627,0.587,7844,0,,0.063,
283627,0.809,7846,0,,0.063,
283627,0.951,7848,0,,0.063,
283627,1,7850,0,,0.063,
283627,0.951,7852,0,0,0.063,0
283627,0.809,7854,0,,0.063,
283627,0.587,7856,0,,0.063,
283627,0.309,7858,0,,0.063,
283627,0,7860,0,,0.063,
283627,-0.309,7862,0,,0.063,
283627,-0.587,7864,0,,0.063,
283627,-0.809,7866,0,,0.063,
283627,-0.951,7868,0,,0.063,
283627,-1,7870,0,,0.063,
283627,-0.951,7872,0,0,0.063,0
283627,-0.809,7874,0,,0.063,
283627,-0.587,7876,0,,0.063,
283627,-0.309,7878,0,,0.063,
283627,0,7880,0,,0.063,
283627,0.309,7882,0,,0.063,
283627,0.587,7884,0,,0.063,
283627,0.809,7886,0,,0.063,
283627,0.951,7888,0,,0.063,
283627,1,7890,0,,0.063,
283627,0.951,7892,0,0,0.063,0
283627,0.809,7894,0,,0.063,
283627,0.587,7896,0,,0.063,
283627,0.309,7898,0,,0.063,
283627,0,7900,0,,0.063,
283627,-0.309,7902,0,,0.063,
283627,-0.587,7904,0,,0.063,
283627,-0.809,7906,0,,0.063,
283627,-0.951,7908,0,,0.063,
283627,-1,7910,0,,0.063,
283627,-0.951,7912,0,0,0.063,0
283627,-0.809,7914,0,,0.063,
283627,-0.587,7916,0,,0.063,
283627,-0.309,7918,0,,0.063,
283627,0,7920,0,,0.063,
283627,0.309,7922,0,,0.063,
283627,0.587,7924,0,,0.063,
283627,0.809,7926,0,,0.063,
283627,0.951,7928,0,,0.063,
283627,1,7930,0,,0.063,
283627,0.951,7932,0,0,0.063,0
283627,0.809,7934,0,,0.063,
283627,0.587,7936,0,,0.063,
283627,0.309,7938,0,,0.063,
283627,0,7940,0,,0.063,
283627,-0.309,7942,0,,0.063,
283627,-0.587,7944,0,,0.063,
283627,-0.809,7946,0,,0.063,
283627,-0.951,7948,0,,0.063,
283627,-1,7950,0,,0.063,
283627,-0.951,7952,0,0,0.063,0
283627,-0.809,7954,0,,0.063,
283627,-0.587,7956,0,,0.063,
283627,-0.309,7958,0,,0.063,
283627,0,7960,0,,0.063,
283627,0.309,7962,0,,0.063,
283627,0.587,7964,0,,0.063,
283627,0.809,7966,0,,0.063,
283627,0.951,7968,0,,0.063,
283627,1,7970,0,,0.063,
283627,0.951,7972,0,0,0.063,0
283627,0.809,7974,0,,0.063,
283627,0.587,7976,0,,0.063,
283627,0.309,7978,0,,0.063,
283627,0,7980,0,,0.063,
283627,-0.309,7982,0,,0.063,
283627,-0.587,7984,0,,0.063,
283627,-0.809,7986,0,,0.063,
283627,-0.951,7988,0,,0.063,
283627,-1,7990,0,,0.063,
283627,-0.951,7992,0,0,0.063,0
283627,-0.809,7994,0,,0.063,
283627,-0.587,7996,0,,0.063,
283627,-0.309,7998,0,,0.063,
283627,0,8000,0,,0.063,
283627,0.309,8002,0,,0.063,
283627,0.587,8004,0,,0.063,
283627,0.809,8006,0,,0.063,
283627,0.951,8008,0,,0.063,
283627,1,8010,0,,0.063,
283627,0.951,8012,0,0,0.063,0
283627,0.809,8014,0,,0.063,
283627,0.587,8016,0,,0.063,
283627,0.309,8018,0,,0.063,
283627,0,8020,0,,0.063,
283627,-0.309,8022,0,,0.063,
283627,-0.587,8024,0,,0.063,
283627,-0.809,8026,0,,0.063,
283627,-0.951,8028,0,,0.063,
283627,-1,8030,0,,0.063,
283627,-0.951,8032,0,0,0.063,0
283627,-0.809,8034,0,,0.063,
283627,-0.587,8036,0,,0.063,
283627,-0.309,8038,0,,0.063,
283627,0,8040,0,,0.063,
283627,0.309,8042,0,,0.063,
283627,0.587,8044,0,,0.063,
283627,0.809,8046,0,,0.063,
283627,0.951,8048,0,,0.063,
283627,1,8050,0,,0.063,
283627,0.951,8052,0,0,0.063,0
283627,0.809,8054,0,,0.063,
283627,0.587,8056,0,,0.063,
283627,0.309,8058,0,,0.063,
283627,0,8060,0,,0.063,
283627,-0.309,8062,0,,0.063,
283627,-0.587,8064,0,,0.063,
283627,-0.809,8066,0,,0.063,
283627,-0.951,8068,0,,0.063,
283627,-1,8070,0,,0.063,
283627,-0.951,8072,0,0,0.063,0
283627,-0.809,8074,0,,0.063,
283627,-0.587,8076,0,,0.063,
283627,-0.309,8078,0,,0.063,
283627,0,8080,0,,0.063,
283627,0.309,8082,0,,0.063,
283627,0.587,8084,0,,0.063,
283627,0.809,8086,0,,0.063,
283627,0.951,8088,0,,0.063,
283627,1,8090,0,,0.063,
283627,0.951,8092,0,0,0.063,0
283627,0.809,8094,0,,0.063,
283627,0.587,8096,0,,0.063,
283627,0.309,8098,0,,0.063,
283627,0,8100,0,,0.063,
283627,-0.309,8102,0,,0.063,
283627,-0.587,8104,0,,0.063,
283627,-0.809,8106,0,,0.063,
283627,-0.951,8108,0,,0.063,
283627,-1,8110,0,,0.063,
283627,-0.951,8112,0,0,0.063,0
283627,-0.809,8114,0,,0.063,
283627,-0.587,8116,0,,0.063,
283627,-0.309,8118,0,,0.063,
283627,0,8120,0,,0.063,
283627,0.309,8122,0,,0.063,
283627,0.587,8124,0,,0.063,
283627,0.809,8126,0,,0.063,
283627,0.951,8128,0,,0.063,
283627,1,8130,0,,0.063,
283627,0.951,8132,0,0,0.063,0
283627,0.809,8134,0,,0.063,
283627,0.587,8136,0,,0.063,
283627,0.309,8138,0,,0.063,
283627,0,8140,0,,0.063,
283627,-0.309,8142,0,,0.063,
283627,-0.587,8144,0,,0.063,
283627,-0.809,8146,0,,0.063,
283627,-0.951,8148,0,,0.063,
283627,-1,8150,0,,0.063,
283627,-0.951,8152,0,0,0.063,0
283627,-0.809,8154,0,,0.063,
283627,-0.587,8156,0,,0.063,
283627,-0.309,8158,0,,0.063,
283627,0,8160,0,,0.063,
283627,0.309,8162,0,,0.063,
283627,0.587,8164,0,,0.063,
283627,0.809,8166,0,,0.063,
283627,0.951,8168,0,,0.063,
283627,1,8170,0,,0.063,
283627,0.951,8172,0,0,0.063,0
283627,0.809,8174,0,,0.063,
283627,0.587,8176,0,,0.063,
283627,0.309,8178,0,,0.063,
283627,0,8180,0,,0.063,
283627,-0.309,8182,0,,0.063,
283627,-0.587,8184,0,,0.063,
283627,-0.809,8186,0,,0.063,
283627,-0.951,8188,0,,0.063,
283627,-1,8190,0,,0.063,
283627,-0.951,8192,0,0,0.063,0
283627,-0.809,8194,0,,0.063,
283627,-0.587,8196,0,,0.063,
283627,-0.309,8198,0,,0.063,
283627,0,8200,0,,0.063,
283627,0.309,8202,0,,0.063,
283627,0.587,8204,0,,0.063,
283627,0.809,8206,0,,0.063,
283627,0.951,8208,0,,0.063,
283627,1,8210,0,,0.063,
283627,0.951,8212,0,0,0.063,0
283627,0.809,8214,0,,0.063,
283627,0.587,8216,0,,0.063,
283627,0.309,8218,0,,0.063,
283627,0,8220,0,,0.063,
283627,-0.309,8222,0,,0.063,
283627,-0.587,8224,0,,0.063,
283627,-0.809,8226,0,,0.063,
283627,-0.951,8228,0,,0.063,
283627,-1,8230,0,,0.063,
283627,-0.951,8232,0,0,0.063,0
283627,-0.809,8234,0,,0.063,
283627,-0.587,8236,0,,0.063,
283627,-0.309,8238,0,,0.063,
283627,0,8240,0,,0.063,
283627,0.309,8242,0,,0.063,
283627,0.587,8244,0,,0.063,
283627,0.809,8246,0,,0.063,
283627,0.951,8248,0,,0.063,
283627,1,8250,0,,0.063,
283627,0.951,8252,0,0,0.063,0
283627,0.809,8254,0,,0.063,
283627,0.587,8256,0,,0.063,
283627,0.309,8258,0,,0.063,
283627,0,8260,0,,0.063,
283627,-0.309,8262,0,,0.063,
283627,-0.587,8264,0,,0.063,
283627,-0.809,8266,0,,0.063,
283627,-0.951,8268,0,,0.063,
283627,-1,8270,0,,0.063,
283627,-0.951,8272,0,0,0.063,0
283627,-0.809,8274,0,,0.063,
283627,-0.587,8276,0,,0.063,
283627,-0.309,8278,0,,0.063,
283627,0,8280,0,,0.063,
283627,0.309,8282,0,,0.063,
283627,0.587,8284,0,,0.063,
283627,0.809,8286,0,,0.063,
283627,0.951,8288,0,,0.063,
283627,1,8290,0,,0.063,
283627,0.951,8292,0,0,0.063,0
283627,0.809,8294,0,,0.063,
283627,0.587,8296,0,,0.063,
283627,0.309,8298,0,,0.063,
283627,0,8300,0,,0.063,
283627,-0.309,8302,0,,0.063,
283627,-0.587,8304,0,,0.063,
283627,-0.809,8306,0,,0.063,
283627,-0.951,8308,0,,0.063,
283627,-1,8310,0,,0.063,
283627,-0.951,8312,0,0,0.063,0
283627,-0.809,8314,0,,0.063,
283627,-0.587,8316,0,,0.063,
283627,-0.309,8318,0,,0.063,
283627,0,8320,0,,0.063,
283627,0.309,8322,0,,0.063,
283627,0.587,8324,0,,0.063,
283627,0.809,8326,0,,0.063,
283627,0.951,8328,0,,0.063,
283627,1,8330,0,,0.063,
283627,0.951,8332,0,0,0.063,0
283627,0.809,8334,0,,0.063,
283627,0.587,8336,0,,0.063,
283627,0.309,8338,0,,0.063,
283627,0,8340,0,,0.063,
283627,-0.309,8342,0,,0.063,
283627,-0.587,8344,0,,0.063,
283627,-0.809,8346,0,,0.063,
283627,-0.951,8348,0,,0.063,
283627,-1,8350,0,,0.063,
283627,-0.951,8352,0,0,0.063,0
283627,-0.809,8354,0,,0.063,
283627,-0.587,8356,0,,0.063,
283627,-0.309,8358,0,,0.063,
283627,0,8360,0,,0.063,
283627,0.309,8362,0,,0.063,
283627,0.587,8364,0,,0.063,
283627,0.809,8366,0,,0.063,
283627,0.951,8368,0,,0.063,
283627,1,8370,0,,0.063,
283627,0.951,8372,0,0,0.063,0
283627,0.809,8374,0,,0.063,
283627,0.587,8376,0,,0.063,
283627,0.309,8378,0,,0.063,
283627,0,8380,0,,0.063,
283627,-0.309,8382,0,,0.063,
283627,-0.587,8384,0,,0.063,
283627,-0.809,8386,0,,0.063,
283627,-0.951,8388,0,,0.063,
283627,-1,8390,0,,0.063,
283627,-0.951,8392,0,0,0.063,0
283627,-0.809,8394,0,,0.063,
283627,-0.587,8396,0,,0.063,
283627,-0.309,8398,0,,0.063,
283627,0,8400,0,,0.063,
283627,0.309,8402,0,,0.063,
283627,0.587,8404,0,,0.063,
283627,0.809,8406,0,,0.063,
283627,0.951,8408,0,,0.063,
283627,1,8410,0,,0.063,
283627,0.951,8412,0,0,0.063,0
283627,0.809,8414,0,,0.063,
283627,0.587,8416,0,,0.063,
283627,0.309,8418,0,,0.063,
283627,0,8420,0,,0.063,
283627,-0.309,8422,0,,0.063,
283627,-0.587,8424,0,,0.063,
283627,-0.809,8426,0,,0.063,
283627,-0.951,8428,0,,0.063,
283627,-1,8430,0,,0.063,
283627,-0.951,8432,0,0,0.063,0
283627,-0.809,8434,0,,0.063,
283627,-0.587,8436,0,,0.063,
283627,-0.309,8438,0,,0.063,
283627,0,8440,0,,0.063,
283627,0.309,8442,0,,0.063,
283627,0.587,8444,0,,0.063,
283627,0.809,8446,0,,0.063,
283627,0.951,8448,0,,0.063,
283627,1,8450,0,,0.063,
283627,0.951,8452,0,0,0.063,0
283627,0.809,8454,0,,0.063,
283627,0.587,8456,0,,0.063,
283627,0.309,8458,0,,0.063,
283627,0,8460,0,,0.063,
283627,-0.309,8462,0,,0.063,
283627,-0.587,8464,0,,0.063,
283627,-0.809,8466,0,,0.063,
283627,-0.951,8468,0,,0.063,
283627,-1,8470,0,,0.063,
283627,-0.951,8472,0,0,0.063,0
283627,-0.809,8474,0,,0.063,
283627,-0.587,8476,0,,0.063,
283627,-0.309,8478,0,,0.063,
283627,0,8480,0,,0.063,
283627,0.309,8482,0,,0.063,
283627,0.587,8484,0,,0.063,
283627,0.809,8486,0,,0.063,
283627,0.951,8488,0,,0.063,
283627,1,8490,0,,0.063,
283627,0.951,8492,0,0,0.063,0
283627,0.809,8494,0,,0.063,
283627,0.587,8496,0,,0.063,
283627,0.309,8498,0,,0.063,
283627,0,8500,0,,0.063,
283627,-0.309,8502,0,,0.063,
283627,-0.587,8504,0,,0.063,
283627,-0.809,8506,0,,0.063,
283627,-0.951,8508,0,,0.063,
283627,-1,8510,0,,0.063,
283627,-0.951,8512,0,0,0.063,0
283627,-0.809,8514,0,,0.063,
283627,-0.587,8516,0,,0.063,
283627,-0.309,8518,0,,0.063,
283627,0,8520,0,,0.063,
283627,0.309,8522,0,,0.063,
283627,0.587,8524,0,,0.063,
283627,0.809,8526,0,,0.063,
283627,0.951,8528,0,,0.063,
283627,1,8530,0,,0.063,
283627,0.951,8532,0,0,0.063,0
283627,0.809,8534,0,,0.063,
283627,0.587,8536,0,,0.063,
283627,0.309,8538,0,,0.063,
283627,0,8540,0,,0.063,
283627,-0.309,8542,0,,0.063,
283627,-0.587,8544,0,,0.063,
283627,-0.809,8546,0,,0.063,
283627,-0.951,8548,0,,0.063,
283627,-1,8550,0,,0.063,
283627,-0.951,8552,0,0,0.063,0
283627,-0.809,8554,0,,0.063,
283627,-0.587,8556,0,,0.063,
283627,-0.309,8558,0,,0.063,
283627,0,8560,0,,0.063,
283627,0.309,8562,0,,0.063,
283627,0.587,8564,0,,0.063,
283627,0.809,8566,0,,0.063,
283627,0.951,8568,0,,0.063,
283627,1,8570,0,,0.063,
283627,0.951,8572,0,0,0.063,0
283627,0.809,8574,0,,0.063,
283627,0.587,8576,0,,0.063,
283627,0.309,8578,0,,0.063,
283627,0,8580,0,,0.063,
283627,-0.309,8582,0,,0.063,
283627,-0.587,8584,0,,0.063,
283627,-0.809,8586,0,,0.063,
283627,-0.951,8588,0,,0.063,
283627,-1,8590,0,,0.063,
283627,-0.951,8592,0,0,0.063,0
283627,-0.809,8594,0,,0.063,
283627,-0.587,8596,0,,0.063,
283627,-0.309,8598,0,,0.063,
283627,0,8600,0,,0.063,
283627,0.309,8602,0,,0.063,
283627,0.587,8604,0,,0.063,
283627,0.809,8606,0,,0.063,
283627,0.951,8608,0,,0.063,
283627,1,8610,0,,0.063,
283627,0.951,8612,0,0,0.063,0
283627,0.809,8614,0,,0.063,
283627,0.587,8616,0,,0.063,
283627,0.309,8618,0,,0.063,
283627,0,8620,0,,0.063,
283627,-0.309,8622,0,,0.063,
283627,-0.587,8624,0,,0.063,
283627,-0.809,8626,0,,0.063,
283627,-0.951,8628,0,,0.063,
283627,-1,8630,0,,0.063,
283627,-0.951,8632,0,0,0.063,0
283627,-0.809,8634,0,,0.063,
283627,-0.587,8636,0,,0.063,
283627,-0.309,8638,0,,0.063,
283627,0,8640,0,,0.063,
283627,0.309,8642,0,,0.063,
283627,0.587,8644,0,,0.063,
283627,0.809,8646,0,,0.063,
283627,0.951,8648,0,,0.063,
283627,1,8650,0,,0.063,
283627,0.951,8652,0,0,0.063,0
283627,0.809,8654,0,,0.063,
283627,0.587,8656,0,,0.063,
283627,0.309,8658,0,,0.063,
283627,0,8660,0,,0.063,
283627,-0.309,8662,0,,0.063,
283627,-0.587,8664,0,,0.063,
283627,-0.809,8666,0,,0.063,
283627,-0.951,8668,0,,0.063,
283627,-1,8670,0,,0.063,
283627,-0.951,8672,0,0,0.063,0
283627,-0.809,8674,0,,0.063,
283627,-0.587,8676,0,,0.063,
283627,-0.309,8678,0,,0.063,
283627,0,8680,0,,0.063,
283627,0.309,8682,0,,0.063,
283627,0.587,8684,0,,0.063,
283627,0.809,8686,0,,0.063,
283627,0.951,8688,0,,0.063,
283627,1,8690,0,,0.063,
283627,0.951,8692,0,0,0.063,0
283627,0.809,8694,0,,0.063,
283627,0.587,8696,0,,0.063,
283627,0.309,8698,0,,0.063,
283627,0,8700,0,,0.063,
283627,-0.309,8702,0,,0.063,
283627,-0.587,8704,0,,0.063,
283627,-0.809,8706,0,,0.063,
283627,-0.951,8708,0,,0.063,
283627,-1,8710,0,,0.063,
283627,-0.951,8712,0,0,0.063,0
283627,-0.809,8714,0,,0.063,
283627,-0.587,8716,0,,0.063,
283627,-0.309,8718,0,,0.063,
283627,0,8720,0,,0.063,
283627,0.309,8722,0,,0.063,
283627,0.587,8724,0,,0.063,
283627,0.809,8726,0,,0.063,
283627,0.951,8728,0,,0.063,
283627,1,8730,0,,0.063,
283627,0.951,8732,0,0,0.063,0
283627,0.809,8734,0,,0.063,
283627,0.587,8736,0,,0.063,
283627,0.309,8738,0,,0.063,
283627,0,8740,0,,0.063,
283627,-0.309,8742,0,,0.063,
283627,-0.587,8744,0,,0.063,
283627,-0.809,8746,0,,0.063,
283627,-0.951,8748,0,,0.063,
283627,-1,8750,0,,0.063,
283627,-0.951,8752,0,0,0.063,0
283627,-0.809,8754,0,,0.063,
283627,-0.587,8756,0,,0.063,
283627,-0.309,8758,0,,0.063,
283627,0,8760,0,,0.063,
283627,0.309,8762,0,,0.063,
283627,0.587,8764,0,,0.063,
283627,0.809,8766,0,,0.063,
283627,0.951,8768,0,,0.063,
283627,1,8770,0,,0.063,
283627,0.951,8772,0,0,0.063,0
283627,0.809,8774,0,,0.063,
283627,0.587,8776,0,,0.063,
283627,0.309,8778,0,,0.063,
283627,0,8780,0,,0.063,
283627,-0.309,8782,0,,0.063,
283627,-0.587,8784,0,,0.063,
283627,-0.809,8786,0,,0.063,
283627,-0.951,8788,0,,0.063,
283627,-1,8790,0,,0.063,
283627,-0.951,8792,0,0,0.063,0
283627,-0.809,8794,0,,0.063,
283627,-0.587,8796,0,,0.063,
283627,-0.309,8798,0,,0.063,
283627,0,8800,0,,0.063,
283627,0.309,8802,0,,0.063,
283627,0.587,8804,0,,0.063,
283627,0.809,8806,0,,0.063,
283627,0.951,8808,0,,0.063,
283627,1,8810,0,,0.063,
283627,0.951,8812,0,0,0.063,0
283627,0.809,8814,0,,0.063,
283627,0.587,8816,0,,0.063,
283627,0.309,8818,0,,0.063,
283627,0,8820,0,,0.063,
283627,-0.309,8822,0,,0.063,
283627,-0.587,8824,0,,0.063,
283627,-0.809,8826,0,,0.063,
283627,-0.951,8828,0,,0.063,
283627,-1,8830,0,,0.063,
283627,-0.951,8832,0,0,0.063,0
283627,-0.809,8834,0,,0.063,
283627,-0.587,8836,0,,0.063,
283627,-0.309,8838,0,,0.063,
283627,0,8840,0,,0.063,
283627,0.309,8842,0,,0.063,
283627,0.587,8844,0,,0.063,
283627,0.809,8846,0,,0.063,
283627,0.951,8848,0,,0.063,
283627,1,8850,0,,0.063,
283627,0.951,8852,0,0,0.063,0
283627,0.809,8854,0,,0.063,
283627,0.587,8856,0,,0.063,
283627,0.309,8858,0,,0.063,
283627,0,8860,0,,0.063,
283627,-0.309,8862,0,,0.063,
283627,-0.587,8864,0,,0.063,
283627,-0.809,8866,0,,0.063,
283627,-0.951,8868,0,,0.063,
283627,-1,8870,0,,0.063,
283627,-0.951,8872,0,0,0.063,0
283627,-0.809,8874,0,,0.063,
283627,-0.587,8876,0,,0.063,
283627,-0.309,8878,0,,0.063,
283627,0,8880,0,,0.063,
283627,0.309,8882,0,,0.063,
283627,0.587,8884,0,,0.063,
283627,0.809,8886,0,,0.063,
283627,0.951,8888,0,,0.063,
283627,1,8890,0,,0.063,
283627,0.951,8892,0,0,0.063,0
283627,0.809,8894,0,,0.063,
283627,0.587,8896,0,,0.063,
283627,0.309,8898,0,,0.063,
283627,0,8900,0,,0.063,
283627,-0.309,8902,0,,0.063,
283627,-0.587,8904,0,,0.063,
283627,-0.809,8906,0,,0.063,
283627,-0.951,8908,0,,0.063,
283627,-1,8910,0,,0.063,
283627,-0.951,8912,0,0,0.063,0
283627,-0.809,8914,0,,0.063,
283627,-0.587,8916,0,,0.063,
283627,-0.309,8918,0,,0.063,
283627,0,8920,0,,0.063,
283627,0.309,8922,0,,0.063,
283627,0.587,8924,0,,0.063,
283627,0.809,8926,0,,0.063,
283627,0.951,8928,0,,0.063,
283627,1,8930,0,,0.063,
283627,0.951,8932,0,0,0.063,0
283627,0.809,8934,0,,0.063,
283627,0.587,8936,0,,0.063,
283627,0.309,8938,0,,0.063,
283627,0,8940,0,,0.063,
283627,-0.309,8942,0,,0.063,
283627,-0.587,8944,0,,0.063,
283627,-0.809,8946,0,,0.063,
283627,-0.951,8948,0,,0.063,
283627,-1,8950,0,,0.063,
283627,-0.951,8952,0,0,0.063,0
283627,-0.809,8954,0,,0.063,
283627,-0.587,8956,0,,0.063,
283627,-0.309,8958,0,,0.063,
283627,0,8960,0,,0.063,
283627,0.309,8962,0,,0.063,
283627,0.587,8964,0,,0.063,
283627,0.809,8966,0,,0.063,
283627,0.951,8968,0,,0.063,
283627,1,8970,0,,0.063,
283627,0.951,8972,0,0,0.063,0
283627,0.809,8974,0,,0.063,
283627,0.587,8976,0,,0.063,
283627,0.309,8978,0,,0.063,
283627,0,8980,0,,0.063,
283627,-0.309,8982,0,,0.063,
283627,-0.587,8984,0,,0.063,
283627,-0.809,8986,0,,0.063,
283627,-0.951,8988,0,,0.063,
283627,-1,8990,0,,0.063,
283627,-0.951,8992,0,0,0.063,0
283627,-0.809,8994,0,,0.063,
283627,-0.587,8996,0,,0.063,
283627,-0.309,8998,0,,0.063,
283627,0,9000,0,,0.063,
283627,0.309,9002,0,,0.063,
283627,0.587,9004,0,,0.063,
283627,0.809,9006,0,,0.063,
283627,0.951,9008,0,,0.063,
283627,1,9010,0,,0.063,
283627,0.951,9012,0,0,0.063,0
283627,0.809,9014,0,,0.063,
283627,0.587,9016,0,,0.063,
283627,0.309,9018,0,,0.063,
283627,0,9020,0,,0.063,
283627,-0.309,9022,0,,0.063,
283627,-0.587,9024,0,,0.063,
283627,-0.809,9026,0,,0.063,
283627,-0.951,9028,0,,0.063,
283627,-1,9030,0,,0.063,
283627,-0.951,9032,0,0,0.063,0
283627,-0.809,9034,0,,0.063,
283627,-0.587,9036,0,,0.063,
283627,-0.309,9038,0,,0.063,
283627,0,9040,0,,0.063,
283627,0.309,9042,0,,0.063,
283627,0.587,9044,0,,0.063,
283627,0.809,9046,0,,0.063,
283627,0.951,9048,0,,0.063,
283627,1,9050,0,,0.063,
283627,0.951,9052,0,0,0.063,0
283627,0.809,9054,0,,0.063,
283627,0.587,9056,0,,0.063,
283627,0.309,9058,0,,0.063,
283627,0,9060,0,,0.063,
283627,-0.309,9062,0,,0.063,
283627,-0.587,9064,0,,0.063,
283627,-0.809,9066,0,,0.063,
283627,-0.951,9068,0,,0.063,
283627,-1,9070,0,,0.063,
283627,-0.951,9072,0,0,0.063,0
283627,-0.809,9074,0,,0.063,
283627,-0.587,9076,0,,0.063,
283627,-0.309,9078,0,,0.063,
283627,0,9080,0,,0.063,
283627,0.309,9082,0,,0.063,
283627,0.587,9084,0,,0.063,
283627,0.809,9086,0,,0.063,
283627,0.951,9088,0,,0.063,
283627,1,9090,0,,0.063,
283627,0.951,9092,0,0,0.063,0
283627,0.809,9094,0,,0.063,
283627,0.587,9096,0,,0.063,
283627,0.309,9098,0,,0.063,
283627,0,9100,0,,0.063,
283627,-0.309,9102,0,,0.063,
283627,-0.587,9104,0,,0.063,
283627,-0.809,9106,0,,0.063,
283627,-0.951,9108,0,,0.063,
283627,-1,9110,0,,0.063,
283627,-0.951,9112,0,0,0.063,0
283627,-0.809,9114,0,,0.063,
283627,-0.587,9116,0,,0.063,
283627,-0.309,9118,0,,0.063,
283627,0,9120,0,,0.063,
283627,0.309,9122,0,,0.063,
283627,0.587,9124,0,,0.063,
283627,0.809,9126,0,,0.063,
283627,0.951,9128,0,,0.063,
283627,1,9130,0,,0.063,
283627,0.951,9132,0,0,0.063,0
283627,0.809,9134,0,,0.063,
283627,0.587,9136,0,,0.063,
283627,0.309,9138,0,,0.063,
283627,0,9140,0,,0.063,
283627,-0.309,9142,0,,0.063,
283627,-0.587,9144,0,,0.063,
283627,-0.809,9146,0,,0.063,
283627,-0.951,9148,0,,0.063,
283627,-1,9150,0,,0.063,
283627,-0.951,9152,0,0,0.063,0
283627,-0.809,9154,0,,0.063,
283627,-0.587,9156,0,,0.063,
283627,-0.309,9158,0,,0.063,
283627,0,9160,0,,0.063,
283627,0.309,9162,0,,0.063,
283627,0.587,9164,0,,0.063,
283627,0.809,9166,0,,0.063,
283627,0.951,9168,0,,0.063,
283627,1,9170,0,,0.063,
283627,0.951,9172,0,0,0.063,0
283627,0.809,9174,0,,0.063,
283627,0.587,9176,0,,0.063,
283627,0.309,9178,0,,0.063,
283627,0,9180,0,,0.063,
283627,-0.309,9182,0,,0.063,
283627,-0.587,9184,0,,0.063,
283627,-0.809,9186,0,,0.063,
283627,-0.951,9188,0,,0.063,
283627,-1,9190,0,,0.063,
283627,-0.951,9192,0,0,0.063,0
283627,-0.809,9194,0,,0.063,
283627,-0.587,9196,0,,0.063,
283627,-0.309,9198,0,,0.063,
283627,0,9200,0,,0.063,
283627,0.309,9202,0,,0.063,
283627,0.587,9204,0,,0.063,
283627,0.809,9206,0,,0.063,
283627,0.951,9208,0,,0.063,
283627,1,9210,0,,0.063,
283627,0.951,9212,0,0,0.063,0
283627,0.809,9214,0,,0.063,
283627,0.587,9216,0,,0.063,
283627,0.309,9218,0,,0.063,
283627,0,9220,0,,0.063,
283627,-0.309,9222,0,,0.063,
283627,-0.587,9224,0,,0.063,
283627,-0.809,9226,0,,0.063,
283627,-0.951,9228,0,,0.063,
283627,-1,9230,0,,0.063,
283627,-0.951,9232,0,0,0.063,0
283627,-0.809,9234,0,,0.063,
283627,-0.587,9236,0,,0.063,
283627,-0.309,9238,0,,0.063,
283627,0,9240,0,,0.063,
283627,0.309,9242,0,,0.063,
283627,0.587,9244,0,,0.063,
283627,0.809,9246,0,,0.063,
283627,0.951,9248,0,,0.063,
283627,1,9250,0,,0.063,
283627,0.951,9252,0,0,0.063,0
283627,0.809,9254,0,,0.063,
283627,0.587,9256,0,,0.063,
283627,0.309,9258,0,,0.063,
283627,0,9260,0,,0.063,
283627,-0.309,9262,0,,0.063,
283627,-0.587,9264,0,,0.063,
283627,-0.809,9266,0,,0.063,
283627,-0.951,9268,0,,0.063,
283627,-1,9270,0,,0.063,
283627,-0.951,9272,0,0,0.063,0
283627,-0.809,9274,0,,0.063,
283627,-0.587,9276,0,,0.063,
283627,-0.309,9278,0,,0.063,
283627,0,9280,0,,0.063,
283627,0.309,9282,0,,0.063,
283627,0.587,9284,0,,0.063,
283627,0.809,9286,0,,0.063,
283627,0.951,9288,0,,0.063,
283627,1,9290,0,,0.063,
283627,0.951,9292,0,0,0.063,0
283627,0.809,9294,0,,0.063,
283627,0.587,9296,0,,0.063,
283627,0.309,9298,0,,0.063,
283627,0,9300,0,,0.063,
283627,-0.309,9302,0,,0.063,
283627,-0.587,9304,0,,0.063,
283627,-0.809,9306,0,,0.063,
283627,-0.951,9308,0,,0.063,
283627,-1,9310,0,,0.063,
283627,-0.951,9312,0,0,0.063,0
283627,-0.809,9314,0,,0.063,
283627,-0.587,9316,0,,0.063,
283627,-0.309,9318,0,,0.063,
283627,0,9320,0,,0.063,
283627,0.309,9322,0,,0.063,
283627,0.587,9324,0,,0.063,
283627,0.809,9326,0,,0.063,
283627,0.951,9328,0,,0.063,
283627,1,9330,0,,0.063,
283627,0.951,9332,0,0,0.063,0
283627,0.809,9334,0,,0.063,
283627,0.587,9336,0,,0.063,
283627,0.309,9338,0,,0.063,
283627,0,9340,0,,0.063,
283627,-0.309,9342,0,,0.063,
283627,-0.587,9344,0,,0.063,
283627,-0.809,9346,0,,0.063,
283627,-0.951,9348,0,,0.063,
283627,-1,9350,0,,0.063,
283627,-0.951,9352,0,0,0.063,0
283627,-0.809,9354,0,,0.063,
283627,-0.587,9356,0,,0.063,
283627,-0.309,9358,0,,0.063,
283627,0,9360,0,,0.063,
283627,0.309,9362,0,,0.063,
283627,0.587,9364,0,,0.063,
283627,0.809,9366,0,,0.063,
283627,0.951,9368,0,,0.063,
283627,1,9370,0,,0.063,
283627,0.951,9372,0,0,0.063,0
283627,0.809,9374,0,,0.063,
283627,0.587,9376,0,,0.063,
283627,0.309,9378,0,,0.063,
283627,0,9380,0,,0.063,
283627,-0.309,9382,0,,0.063,
283627,-0.587,9384,0,,0.063,
283627,-0.809,9386,0,,0.063,
283627,-0.951,9388,0,,0.063,
283627,-1,9390,0,,0.063,
283627,-0.951,9392,0,0,0.063,0
283627,-0.809,9394,0,,0.063,
283627,-0.587,9396,0,,0.063,
283627,-0.309,9398,0,,0.063,
283627,0,9400,0,,0.063,
283627,0.309,9402,0,,0.063,
283627,0.587,9404,0,,0.063,
283627,0.809,9406,0,,0.063,
283627,0.951,9408,0,,0.063,
283627,1,9410,0,,0.063,
283627,0.951,9412,0,0,0.063,0
283627,0.809,9414,0,,0.063,
283627,0.587,9416,0,,0.063,
283627,0.309,9418,0,,0.063,
283627,0,9420,0,,0.063,
283627,-0.309,9422,0,,0.063,
283627,-0.587,9424,0,,0.063,
283627,-0.809,9426,0,,0.063,
283627,-0.951,9428,0,,0.063,
283627,-1,9430,0,,0.063,
283627,-0.951,9432,0,0,0.063,0
283627,-0.809,9434,0,,0.063,
283627,-0.587,9436,0,,0.063,
283627,-0.309,9438,0,,0.063,
283627,0,9440,0,,0.063,
283627,0.309,9442,0,,0.063,
283627,0.587,9444,0,,0.063,
283627,0.809,9446,0,,0.063,
283627,0.951,9448,0,,0.063,
283627,1,9450,0,,0.063,
283627,0.951,9452,0,0,0.063,0
283627,0.809,9454,0,,0.063,
283627,0.587,9456,0,,0.063,
283627,0.309,9458,0,,0.063,
283627,0,9460,0,,0.063,
283627,-0.309,9462,0,,0.063,
283627,-0.587,9464,0,,0.063,
283627,-0.809,9466,0,,0.063,
283627,-0.951,9468,0,,0.063,
283627,-1,9470,0,,0.063,
283627,-0.951,9472,0,0,0.063,0
283627,-0.809,9474,0,,0.063,
283627,-0.587,9476,0,,0.063,
283627,-0.309,9478,0,,0.063,
283627,0,9480,0,,0.063,
283627,0.309,9482,0,,0.063,
283627,0.587,9484,0,,0.063,
283627,0.809,9486,0,,0.063,
283627,0.951,9488,0,,0.063,
283627,1,9490,0,,0.063,
283627,0.951,9492,0,0,0.063,0
283627,0.809,9494,0,,0.063,
283627,0.587,9496,0,,0.063,
283627,0.309,9498,0,,0.063,
283627,0,9500,0,,0.063,
283627,-0.309,9502,0,,0.063,
283627,-0.587,9504,0,,0.063,
283627,-0.809,9506,0,,0.063,
283627,-0.951,9508,0,,0.063,
283627,-1,9510,0,,0.063,
283627,-0.951,9512,0,0,0.063,0
283627,-0.809,9514,0,,0.063,
283627,-0.587,9516,0,,0.063,
283627,-0.309,9518,0,,0.063,
283627,0,9520,0,,0.063,
283627,0.309,9522,0,,0.063,
283627,0.587,9524,0,,0.063,
283627,0.809,9526,0,,0.063,
283627,0.951,9528,0,,0.063,
283627,1,9530,0,,0.063,
283627,0.951,9532,0,0,0.063,0
283627,0.809,9534,0,,0.063,
283627,0.587,9536,0,,0.063,
283627,0.309,9538,0,,0.063,
283627,0,9540,0,,0.063,
283627,-0.309,9542,0,,0.063,
283627,-0.587,9544,0,,0.063,
283627,-0.809,9546,0,,0.063,
283627,-0.951,9548,0,,0.063,
283627,-1,9550,0,,0.063,
283627,-0.951,9552,0,0,0.063,0
283627,-0.809,9554,0,,0.063,
283627,-0.587,9556,0,,0.063,
283627,-0.309,9558,0,,0.063,
283627,0,9560,0,,0.063,
283627,0.309,9562,0,,0.063,
283627,0.587,9564,0,,0.063,
283627,0.809,9566,0,,0.063,
283627,0.951,9568,0,,0.063,
283627,1,9570,0,,0.063,
283627,0.951,9572,0,0,0.063,0
283627,0.809,9574,0,,0.063,
283627,0.587,9576,0,,0.063,
283627,0.309,9578,0,,0.063,
283627,0,9580,0,,0.063,
283627,-0.309,9582,0,,0.063,
283627,-0.587,9584,0,,0.063,
283627,-0.809,9586,0,,0.063,
283627,-0.951,9588,0,,0.063,
283627,-1,9590,0,,0.063,
283627,-0.951,9592,0,0,0.063,0
283627,-0.809,9594,0,,0.063,
283627,-0.587,9596,0,,0.063,
283627,-0.309,9598,0,,0.063,
283627,0,9600,0,,0.063,
283627,0.309,9602,0,,0.063,
283627,0.587,9604,0,,0.063,
283627,0.809,9606,0,,0.063,
283627,0.951,9608,0,,0.063,
283627,1,9610,0,,0.063,
283627,0.951,9612,0,0,0.063,0
283627,0.809,9614,0,,0.063,
283627,0.587,9616,0,,0.063,
283627,0.309,9618,0,,0.063,
283627,0,9620,0,,0.063,
283627,-0.309,9622,0,,0.063,
283627,-0.587,9624,0,,0.063,
283627,-0.809,9626,0,,0.063,
283627,-0.951,9628,0,,0.063,
283627,-1,9630,0,,0.063,
283627,-0.951,9632,0,0,0.063,0
283627,-0.809,9634,0,,0.063,
283627,-0.587,9636,0,,0.063,
283627,-0.309,9638,0,,0.063,
283627,0,9640,0,,0.063,
283627,0.309,9642,0,,0.063,
283627,0.587,9644,0,,0.063,
283627,0.809,9646,0,,0.063,
283627,0.951,9648,0,,0.063,
283627,1,9650,0,,0.063,
283627,0.951,9652,0,0,0.063,0
283627,0.809,9654,0,,0.063,
283627,0.587,9656,0,,0.063,
283627,0.309,9658,0,,0.063,
283627,0,9660,0,,0.063,
283627,-0.309,9662,0,,0.063,
283627,-0.587,9664,0,,0.063,
283627,-0.809,9666,0,,0.063,
283627,-0.951,9668,0,,0.063,
283627,-1,9670,0,,0.063,
283627,-0.951,9672,0,0,0.063,0
283627,-0.809,9674,0,,0.063,
283627,-0.587,9676,0,,0.063,
283627,-0.309,9678,0,,0.063,
283627,0,9680,0,,0.063,
283627,0.309,9682,0,,0.063,
283627,0.587,9684,0,,0.063,
283627,0.809,9686,0,,0.063,
283627,0.951,9688,0,,0.063,
283627,1,9690,0,,0.063,
283627,0.951,9692,0,0,0.063,0
283627,0.809,9694,0,,0.063,
283627,0.587,9696,0,,0.063,
283627,0.309,9698,0,,0.063,
283627,0,9700,0,,0.063,
283627,-0.309,9702,0,,0.063,
283627,-0.587,9704,0,,0.063,
283627,-0.809,9706,0,,0.063,
283627,-0.951,9708,0,,0.063,
283627,-1,9710,0,,0.063,
283627,-0.951,9712,0,0,0.063,0
283627,-0.809,9714,0,,0.063,
283627,-0.587,9716,0,,0.063,
283627,-0.309,9718,0,,0.063,
283627,0,9720,0,,0.063,
283627,0.309,9722,0,,0.063,
283627,0.587,9724,0,,0.063,
283627,0.809,9726,0,,0.063,
283627,0.951,9728,0,,0.063,
283627,1,9730,0,,0.063,
283627,0.951,9732,0,0,0.063,0
283627,0.809,9734,0,,0.063,
283627,0.587,9736,0,,0.063,
283627,0.309,9738,0,,0.063,
283627,0,9740,0,,0.063,
283627,-0.309,9742,0,,0.063,
283627,-0.587,9744,0,,0.063,
283627,-0.809,9746,0,,0.063,
283627,-0.951,9748,0,,0.063,
283627,-1,9750,0,,0.063,
283627,-0.951,9752,0,0,0.063,0
283627,-0.809,9754,0,,0.063,
283627,-0.587,9756,0,,0.063,
283627,-0.309,9758,0,,0.063,
283627,0,9760,0,,0.063,
283627,0.309,9762,0,,0.063,
283627,0.587,9764,0,,0.063,
283627,0.809,9766,0,,0.063,
283627,0.951,9768,0,,0.063,
283627,1,9770,0,,0.063,
283627,0.951,9772,0,0,0.063,0
283627,0.809,9774,0,,0.063,
283627,0.587,9776,0,,0.063,
283627,0.309,9778,0,,0.063,
283627,0,9780,0,,0.063,
283627,-0.309,9782,0,,0.063,
283627,-0.587,9784,0,,0.063,
283627,-0.809,9786,0,,0.063,
283627,-0.951,9788,0,,0.063,
283627,-1,9790,0,,0.063,
283627,-0.951,9792,0,0,0.063,0
283627,-0.809,9794,0,,0.063,
283627,-0.587,9796,0,,0.063,
283627,-0.309,9798,0,,0.063,
283627,0,9800,0,,0.063,
283627,0.309,9802,0,,0.063,
283627,0.587,9804,0,,0.063,
283627,0.809,9806,0,,0.063,
283627,0.951,9808,0,,0.063,
283627,1,9810,0,,0.063,
283627,0.951,9812,0,0,0.063,0
283627,0.809,9814,0,,0.063,
283627,0.587,9816,0,,0.063,
283627,0.309,9818,0,,0.063,
283627,0,9820,0,,0.063,
283627,-0.309,9822,0,,0.063,
283627,-0.587,9824,0,,0.063,
283627,-0.809,9826,0,,0.063,
283627,-0.951,9828,0,,0.063,
283627,-1,9830,0,,0.063,
283627,-0.951,9832,0,0,0.063,0
283627,-0.809,9834,0,,0.063,
283627,-0.587,9836,0,,0.063,
283627,-0.309,9838,0,,0.063,
283627,0,9840,0,,0.063,
283627,0.309,9842,0,,0.063,
283627,0.587,9844,0,,0.063,
283627,0.809,9846,0,,0.063,
283627,0.951,9848,0,,0.063,
283627,1,9850,0,,0.063,
283627,0.951,9852,0,0,0.063,0
283627,0.809,9854,0,,0.063,
283627,0.587,9856,0,,0.063,
283627,0.309,9858,0,,0.063,
283627,0,9860,0,,0.063,
283627,-0.309,9862,0,,0.063,
283627,-0.587,9864,0,,0.063,
283627,-0.809,9866,0,,0.063,
283627,-0.951,9868,0,,0.063,
283627,-1,9870,0,,0.063,
283627,-0.951,9872,0,0,0.063,0
283627,-0.809,9874,0,,0.063,
283627,-0.587,9876,0,,0.063,
283627,-0.309,9878,0,,0.063,
283627,0,9880,0,,0.063,
283627,0.309,9882,0,,0.063,
283627,0.587,9884,0,,0.063,
283627,0.809,9886,0,,0.063,
283627,0.951,9888,0,,0.063,
283627,1,9890,0,,0.063,
283627,0.951,9892,0,0,0.063,0
283627,0.809,9894,0,,0.063,
283627,0.587,9896,0,,0.063,
283627,0.309,9898,0,,0.063,
283627,0,9900,0,,0.063,
283627,-0.309,9902,0,,0.063,
283627,-0.587,9904,0,,0.063,
283627,-0.809,9906,0,,0.063,
283627,-0.951,9908,0,,0.063,
283627,-1,9910,0,,0.063,
283627,-0.951,9912,0,0,0.063,0
283627,-0.809,9914,0,,0.063,
283627,-0.587,9916,0,,0.063,
283627,-0.309,9918,0,,0.063,
283627,0,9920,0,,0.063,
283627,0.309,9922,0,,0.063,
283627,0.587,9924,0,,0.063,
283627,0.809,9926,0,,0.063,
283627,0.951,9928,0,,0.063,
283627,1,9930,0,,0.063,
283627,0.951,9932,0,0,0.063,0
283627,0.809,9934,0,,0.063,
283627,0.587,9936,0,,0.063,
283627,0.309,9938,0,,0.063,
283627,0,9940,0,,0.063,
283627,-0.309,9942,0,,0.063,
283627,-0.587,9944,0,,0.063,
283627,-0.809,9946,0,,0.063,
283627,-0.951,9948,0,,0.063,
283627,-1,9950,0,,0.063,
283627,-0.951,9952,0,0,0.063,0
283627,-0.809,9954,0,,0.063,
283627,-0.587,9956,0,,0.063,
283627,-0.309,9958,0,,0.063,
283627,0,9960,0,,0.063,
283627,0.309,9962,0,,0.063,
283627,0.587,9964,0,,0.063,
283627,0.809,9966,0,,0.063,
283627,0.951,9968,0,,0.063,
283627,1,9970,0,,0.063,
283627,0.951,9972,0,0,0.063,0
283627,0.809,9974,0,,0.063,
283627,0.587,9976,0,,0.063,
283627,0.309,9978,0,,0.063,
283627,0,9980,0,,0.063,
283627,-0.309,9982,0,,0.063,
283627,-0.587,9984,0,,0.063,
283627,-0.809,9986,0,,0.063,
283627,-0.951,9988,0,,0.063,
283627,-1,9990,0,,0.063,
283627,-0.951,9992,0,0,0.063,0
283627,-0.809,9994,0,,0.063,
283627,-0.587,9996,0,,0.063,
283627,-0.309,9998,0,,0.063,
283627,0,10000,0,,0.063,
283627,0.309,10002,0,,0.063,
283627,0.587,10004,0,,0.063,
283627,0.809,10006,0,,0.063,
283627,0.951,10008,0,,0.063,
283627,1,10010,0,,0.063,
283627,0.951,10012,0,0,0.063,0
283627,0.809,10014,0,,0.063,
283627,0.587,10016,0,,0.063,
283627,0.309,10018,0,,0.063,
283627,0,10020,0,,0.063,
283627,-0.309,10022,0,,0.063,
283627,-0.587,10024,0,,0.063,
283627,-0.809,10026,0,,0.063,
283627,-0.951,10028,0,,0.063,
283627,-1,10030,0,,0.063,
283627,-0.951,10032,0,0,0.063,0
283627,-0.809,10034,0,,0.063,
283627,-0.587,10036,0,,0.063,
283627,-0.309,10038,0,,0.063,
283627,0,10040,0,,0.063,
283627,0.309,10042,0,,0.063,
283627,0.587,10044,0,,0.063,
283627,0.809,10046,0,,0.063,
283627,0.951,10048,0,,0.063,
283627,1,10050,0,,0.063,
283627,0.951,10052,0,0,0.063,0
283627,0.809,10054,0,,0.063,
283627,0.587,10056,0,,0.063,
283627,0.309,10058,0,,0.063,
283627,0,10060,0,,0.063,
283627,-0.309,10062,0,,0.063,
283627,-0.587,10064,0,,0.063,
283627,-0.809,10066,0,,0.063,
283627,-0.951,10068,0,,0.063,
283627,-1,10070,0,,0.063,
283627,-0.951,10072,0,0,0.063,0
283627,-0.809,10074,0,,0.063,
283627,-0.587,10076,0,,0.063,
283627,-0.309,10078,0,,0.063,
283627,0,10080,0,,0.063,
283627,0.309,10082,0,,0.063,
283627,0.587,10084,0,,0.063,
283627,0.809,10086,0,,0.063,
283627,0.951,10088,0,,0.063,
283627,1,10090,0,,0.063,
283627,0.951,10092,0,0,0.063,0
283627,0.809,10094,0,,0.063,
283627,0.587,10096,0,,0.063,
283627,0.309,10098,0,,0.063,
283627,0,10100,0,,0.063,
283627,-0.309,10102,0,,0.063,
283627,-0.587,10104,0,,0.063,
283627,-0.809,10106,0,,0.063,
283627,-0.951,10108,0,,0.063,
283627,-1,10110,0,,0.063,
283627,-0.951,10112,0,0,0.063,0
283627,-0.809,10114,0,,0.063,
283627,-0.587,10116,0,,0.063,
283627,-0.309,10118,0,,0.063,
283627,0,10120,0,,0.063,
283627,0.309,10122,0,,0.063,
283627,0.587,10124,0,,0.063,
283627,0.809,10126,0,,0.063,
283627,0.951,10128,0,,0.063,
283627,1,10130,0,,0.063,
283627,0.951,10132,0,0,0.063,0
283627,0.809,10134,0,,0.063,
283627,0.587,10136,0,,0.063,
283627,0.309,10138,0,,0.063,
283627,0,10140,0,,0.063,
283627,-0.309,10142,0,,0.063,
283627,-0.587,10144,0,,0.063,
283627,-0.809,10146,0,,0.063,
283627,-0.951,10148,0,,0.063,
283627,-1,10150,0,,0.063,
283627,-0.951,10152,0,0,0.063,0
283627,-0.809,10154,0,,0.063,
283627,-0.587,10156,0,,0.063,
283627,-0.309,10158,0,,0.063,
283627,0,10160,0,,0.063,
283627,0.309,10162,0,,0.063,
283627,0.587,10164,0,,0.063,
283627,0.809,10166,0,,0.063,
283627,0.951,10168,0,,0.063,
283627,1,10170,0,,0.063,
283627,0.951,10172,0,0,0.063,0
283627,0.809,10174,0,,0.063,
283627,0.587,10176,0,,0.063,
283627,0.309,10178,0,,0.063,
283627,0,10180,0,,0.063,
283627,-0.309,10182,0,,0.063,
283627,-0.587,10184,0,,0.063,
283627,-0.809,10186,0,,0.063,
283627,-0.951,10188,0,,0.063,
283627,-1,10190,0,,0.063,
283627,-0.951,10192,0,0,0.063,0
283627,-0.809,10194,0,,0.063,
283627,-0.587,10196,0,,0.063,
283627,-0.309,10198,0,,0.063,
283627,0,10200,0,,0.063,
283627,0.309,10202,0,,0.063,
283627,0.587,10204,0,,0.063,
283627,0.809,10206,0,,0.063,
283627,0.951,10208,0,,0.063,
283627,1,10210,0,,0.063,
283627,0.951,10212,0,0,0.063,0
283627,0.809,10214,0,,0.063,
283627,0.587,10216,0,,0.063,
283627,0.309,10218,0,,0.063,
283627,0,10220,0,,0.063,
283627,-0.309,10222,0,,0.063,
283627,-0.587,10224,0,,0.063,
283627,-0.809,10226,0,,0.063,
283627,-0.951,10228,0,,0.063,
283627,-1,10230,0,,0.063,
283627,-0.951,10232,0,0,0.063,0
283627,-0.809,10234,0,,0.063,
283627,-0.587,10236,0,,0.063,
283627,-0.309,10238,0,,0.063,
283627,0,10240,0,,0.063,
283627,0.309,10242,0,,0.063,
283627,0.587,10244,0,,0.063,
283627,0.809,10246,0,,0.063,
283627,0.951,10248,0,,0.063,
283627,1,10250,0,,0.063,
283627,0.951,10252,0,0,0.063,0
283627,0.809,10254,0,,0.063,
283627,0.587,10256,0,,0.063,
283627,0.309,10258,0,,0.063,
283627,0,10260,0,,0.063,
283627,-0.309,10262,0,,0.063,
283627,-0.587,10264,0,,0.063,
283627,-0.809,10266,0,,0.063,
283627,-0.951,10268,0,,0.063,
283627,-1,10270,0,,0.063,
283627,-0.951,10272,0,0,0.063,0
283627,-0.809,10274,0,,0.063,
283627,-0.587,10276,0,,0.063,
283627,-0.309,10278,0,,0.063,
283627,0,10280,0,,0.063,
283627,0.309,10282,0,,0.063,
283627,0.587,10284,0,,0.063,
283627,0.809,10286,0,,0.063,
283627,0.951,10288,0,,0.063,
283627,1,10290,0,,0.063,
283627,0.951,10292,0,0,0.063,0
283627,0.809,10294,0,,0.063,
283627,0.587,10296,0,,0.063,
283627,0.309,10298,0,,0.063,
283627,0,10300,0,,0.063,
283627,-0.309,10302,0,,0.063,
283627,-0.587,10304,0,,0.063,
283627,-0.809,10306,0,,0.063,
283627,-0.951,10308,0,,0.063,
283627,-1,10310,0,,0.063,
283627,-0.951,10312,0,0,0.063,0
283627,-0.809,10314,0,,0.063,
283627,-0.587,10316,0,,0.063,
283627,-0.309,10318,0,,0.063,
283627,0,10320,0,,0.063,
283627,0.309,10322,0,,0.063,
283627,0.587,10324,0,,0.063,
283627,0.809,10326,0,,0.063,
283627,0.951,10328,0,,0.063,
283627,1,10330,0,,0.063,
283627,0.951,10332,0,0,0.063,0
283627,0.809,10334,0,,0.063,
283627,0.587,10336,0,,0.063,
283627,0.309,10338,0,,0.063,
283627,0,10340,0,,0.063,
283627,-0.309,10342,0,,0.063,
283627,-0.587,10344,0,,0.063,
283627,-0.809,10346,0,,0.063,
283627,-0.951,10348,0,,0.063,
283627,-1,10350,0,,0.063,
283627,-0.951,10352,0,0,0.063,0
283627,-0.809,10354,0,,0.063,
283627,-0.587,10356,0,,0.063,
283627,-0.309,10358,0,,0.063,
283627,0,10360,0,,0.063,
283627,0.309,10362,0,,0.063,
283627,0.587,10364,0,,0.063,
283627,0.809,10366,0,,0.063,
283627,0.951,10368,0,,0.063,
283627,1,10370,0,,0.063,
283627,0.951,10372,0,0,0.063,0
283627,0.809,10374,0,,0.063,
283627,0.587,10376,0,,0.063,
283627,0.309,10378,0,,0.063,
283627,0,10380,0,,0.063,
283627,-0.309,10382,0,,0.063,
283627,-0.587,10384,0,,0.063,
283627,-0.809,10386,0,,0.063,
283627,-0.951,10388,0,,0.063,
283627,-1,10390,0,,0.063,
283627,-0.951,10392,0,0,0.063,0
283627,-0.809,10394,0,,0.063,
283627,-0.587,10396,0,,0.063,
283627,-0.309,10398,0,,0.063,
283627,0,10400,0,,0.063,
283627,0.309,10402,0,,0.063,
283627,0.587,10404,0,,0.063,
283627,0.809,10406,0,,0.063,
283627,0.951,10408,0,,0.063,
283627,1,10410,0,,0.063,
283627,0.951,10412,0,0,0.063,0
283627,0.809,10414,0,,0.063,
283627,0.587,10416,0,,0.063,
283627,0.309,10418,0,,0.063,
283627,0,10420,0,,0.063,
283627,-0.309,10422,0,,0.063,
283627,-0.587,10424,0,,0.063,
283627,-0.809,10426,0,,0.063,
283627,-0.951,10428,0,,0.063,
283627,-1,10430,0,,0.063,
283627,-0.951,10432,0,0,0.063,0
283627,-0.809,10434,0,,0.063,
283627,-0.587,10436,0,,0.063,
283627,-0.309,10438,0,,0.063,
283627,0,10440,0,,0.063,
283627,0.309,10442,0,,0.063,
283627,0.587,10444,0,,0.063,
283627,0.809,10446,0,,0.063,
283627,0.951,10448,0,,0.063,
283627,1,10450,0,,0.063,
283627,0.951,10452,0,0,0.063,0
283627,0.809,10454,0,,0.063,
283627,0.587,10456,0,,0.063,
283627,0.309,10458,0,,0.063,
283627,0,10460,0,,0.063,
283627,-0.309,10462,0,,0.063,
283627,-0.587,10464,0,,0.063,
283627,-0.809,10466,0,,0.063,
283627,-0.951,10468,0,,0.063,
283627,-1,10470,0,,0.063,
283627,-0.951,10472,0,0,0.063,0
283627,-0.809,10474,0,,0.063,
283627,-0.587,10476,0,,0.063,
283627,-0.309,10478,0,,0.063,
283627,0,10480,0,,0.063,
283627,0.309,10482,0,,0.063,
283627,0.587,10484,0,,0.063,
283627,0.809,10486,0,,0.063,
283627,0.951,10488,0,,0.063,
283627,1,10490,0,,0.063,
283627,0.951,10492,0,0,0.063,0
283627,0.809,10494,0,,0.063,
283627,0.587,10496,0,,0.063,
283627,0.309,10498,0,,0.063,
283627,0,10500,0,,0.063,
283627,-0.309,10502,0,,0.063,
283627,-0.587,10504,0,,0.063,
283627,-0.809,10506,0,,0.063,
283627,-0.951,10508,0,,0.063,
283627,-1,10510,0,,0.063,
283627,-0.951,10512,0,0,0.063,0
283627,-0.809,10514,0,,0.063,
283627,-0.587,10516,0,,0.063,
283627,-0.309,10518,0,,0.063,
283627,0,10520,0,,0.063,
283627,0.309,10522,0,,0.063,
283627,0.587,10524,0,,0.063,
283627,0.809,10526,0,,0.063,
283627,0.951,10528,0,,0.063,
283627,1,10530,0,,0.063,
283627,0.951,10532,0,0,0.063,0
283627,0.809,10534,0,,0.063,
283627,0.587,10536,0,,0.063,
283627,0.309,10538,0,,0.063,
283627,0,10540,0,,0.063,
283627,-0.309,10542,0,,0.063,
283627,-0.587,10544,0,,0.063,
283627,-0.809,10546,0,,0.063,
283627,-0.951,10548,0,,0.063,
283627,-1,10550,0,,0.063,
283627,-0.951,10552,0,0,0.063,0
283627,-0.809,10554,0,,0.063,
283627,-0.587,10556,0,,0.063,
283627,-0.309,10558,0,,0.063,
283627,0,10560,0,,0.063,
283627,0.309,10562,0,,0.063,
283627,0.587,10564,0,,0.063,
283627,0.809,10566,0,,0.063,
283627,0.951,10568,0,,0.063,
283627,1,10570,0,,0.063,
283627,0.951,10572,0,0,0.063,0
283627,0.809,10574,0,,0.063,
283627,0.587,10576,0,,0.063,
283627,0.309,10578,0,,0.063,
283627,0,10580,0,,0.063,
283627,-0.309,10582,0,,0.063,
283627,-0.587,10584,0,,0.063,
283627,-0.809,10586,0,,0.063,
283627,-0.951,10588,0,,0.063,
283627,-1,10590,0,,0.063,
283627,-0.951,10592,0,0,0.063,0
283627,-0.809,10594,0,,0.063,
283627,-0.587,10596,0,,0.063,
283627,-0.309,10598,0,,0.063,
283627,0,10600,0,,0.063,
283627,0.309,10602,0,,0.063,
283627,0.587,10604,0,,0.063,
283627,0.809,10606,0,,0.063,
283627,0.951,10608,0,,0.063,
283627,1,10610,0,,0.063,
283627,0.951,10612,0,0,0.063,0
283627,0.809,10614,0,,0.063,
283627,0.587,10616,0,,0.063,
283627,0.309,10618,0,,0.063,
283627,0,10620,0,,0.063,
283627,-0.309,10622,0,,0.063,
283627,-0.587,10624,0,,0.063,
283627,-0.809,10626,0,,0.063,
283627,-0.951,10628,0,,0.063,
283627,-1,10630,0,,0.063,
283627,-0.951,10632,0,0,0.063,0
283627,-0.809,10634,0,,0.063,
283627,-0.587,10636,0,,0.063,
283627,-0.309,10638,0,,0.063,
283627,0,10640,0,,0.063,
283627,0.309,10642,0,,0.063,
283627,0.587,10644,0,,0.063,
283627,0.809,10646,0,,0.063,
283627,0.951,10648,0,,0.063,
283627,1,10650,0,,0.063,
283627,0.951,10652,0,0,0.063,0
283627,0.809,10654,0,,0.063,
283627,0.587,10656,0,,0.063,
283627,0.309,10658,0,,0.063,
283627,0,10660,0,,0.063,
283627,-0.309,10662,0,,0.063,
283627,-0.587,10664,0,,0.063,
283627,-0.809,10666,0,,0.063,
283627,-0.951,10668,0,,0.063,
283627,-1,10670,0,,0.063,
283627,-0.951,10672,0,0,0.063,0
283627,-0.809,10674,0,,0.063,
283627,-0.587,10676,0,,0.063,
283627,-0.309,10678,0,,0.063,
283627,0,10680,0,,0.063,
283627,0.309,10682,0,,0.063,
283627,0.587,10684,0,,0.063,
283627,0.809,10686,0,,0.063,
283627,0.951,10688,0,,0.063,
283627,1,10690,0,,0.063,
283627,0.951,10692,0,0,0.063,0
283627,0.809,10694,0,,0.063,
283627,0.587,10696,0,,0.063,
283627,0.309,10698,0,,0.063,
283627,0,10700,0,,0.063,
283627,-0.309,10702,0,,0.063,
283627,-0.587,10704,0,,0.063,
283627,-0.809,10706,0,,0.063,
283627,-0.951,10708,0,,0.063,
283627,-1,10710,0,,0.063,
283627,-0.951,10712,0,0,0.063,0
283627,-0.809,10714,0,,0.063,
283627,-0.587,10716,0,,0.063,
283627,-0.309,10718,0,,0.063,
283627,0,10720,0,,0.063,
283627,0.309,10722,0,,0.063,
283627,0.587,10724,0,,0.063,
283627,0.809,10726,0,,0.063,
283627,0.951,10728,0,,0.063,
283627,1,10730,0,,0.063,
283627,0.951,10732,0,0,0.063,0
283627,0.809,10734,0,,0.063,
283627,0.587,10736,0,,0.063,
283627,0.309,10738,0,,0.063,
283627,0,10740,0,,0.063,
283627,-0.309,10742,0,,0.063,
283627,-0.587,10744,0,,0.063,
283627,-0.809,10746,0,,0.063,
283627,-0.951,10748,0,,0.063,
283627,-1,10750,0,,0.063,
283627,-0.951,10752,0,0,0.063,0
283627,-0.809,10754,0,,0.063,
283627,-0.587,10756,0,,0.063,
283627,-0.309,10758,0,,0.063,
283627,0,10760,0,,0.063,
283627,0.309,10762,0,,0.063,
283627,0.587,10764,0,,0.063,
283627,0.809,10766,0,,0.063,
283627,0.951,10768,0,,0.063,
283627,1,10770,0,,0.063,
283627,0.951,10772,0,0,0.063,0
283627,0.809,10774,0,,0.063,
283627,0.587,10776,0,,0.063,
283627,0.309,10778,0,,0.063,
283627,0,10780,0,,0.063,
283627,-0.309,10782,0,,0.063,
283627,-0.587,10784,0,,0.063,
283627,-0.809,10786,0,,0.063,
283627,-0.951,10788,0,,0.063,
283627,-1,10790,0,,0.063,
283627,-0.951,10792,0,0,0.063,0
283627,-0.809,10794,0,,0.063,
283627,-0.587,10796,0,,0.063,
283627,-0.309,10798,0,,0.063,
283627,0,10800,0,,0.063,
283627,0.309,10802,0,,0.063,
283627,0.587,10804,0,,0.063,
283627,0.809,10806,0,,0.063,
283627,0.951,10808,0,,0.063,
283627,1,10810,0,,0.063,
283627,0.951,10812,0,0,0.063,0
283627,0.809,10814,0,,0.063,
283627,0.587,10816,0,,0.063,
283627,0.309,10818,0,,0.063,
283627,0,10820,0,,0.063,
283627,-0.309,10822,0,,0.063,
283627,-0.587,10824,0,,0.063,
283627,-0.809,10826,0,,0.063,
283627,-0.951,10828,0,,0.063,
283627,-1,10830,0,,0.063,
283627,-0.951,10832,0,0,0.063,0
283627,-0.809,10834,0,,0.063,
283627,-0.587,10836,0,,0.063,
283627,-0.309,10838,0,,0.063,
283627,0,10840,0,,0.063,
283627,0.309,10842,0,,0.063,
283627,0.587,10844,0,,0.063,
283627,0.809,10846,0,,0.063,
283627,0.951,10848,0,,0.063,
283627,1,10850,0,,0.063,
283627,0.951,10852,0,0,0.063,0
283627,0.809,10854,0,,0.063,
283627,0.587,10856,0,,0.063,
283627,0.309,10858,0,,0.063,
283627,0,10860,0,,0.063,
283627,-0.309,10862,0,,0.063,
283627,-0.587,10864,0,,0.063,
283627,-0.809,10866,0,,0.063,
283627,-0.951,10868,0,,0.063,
283627,-1,10870,0,,0.063,
283627,-0.951,10872,0,0,0.063,0
283627,-0.809,10874,0,,0.063,
283627,-0.587,10876,0,,0.063,
283627,-0.309,10878,0,,0.063,
283627,0,10880,0,,0.063,
283627,0.309,10882,0,,0.063,
283627,0.587,10884,0,,0.063,
283627,0.809,10886,0,,0.063,
283627,0.951,10888,0,,0.063,
283627,1,10890,0,,0.063,
283627,0.951,10892,0,0,0.063,0
283627,0.809,10894,0,,0.063,
283627,0.587,10896,0,,0.063,
283627,0.309,10898,0,,0.063,
283627,0,10900,0,,0.063,
283627,-0.309,10902,0,,0.063,
283627,-0.587,10904,0,,0.063,
283627,-0.809,10906,0,,0.063,
283627,-0.951,10908,0,,0.063,
283627,-1,10910,0,,0.063,
283627,-0.951,10912,0,0,0.063,0
283627,-0.809,10914,0,,0.063,
283627,-0.587,10916,0,,0.063,
283627,-0.309,10918,0,,0.063,
283627,0,10920,0,,0.063,
283627,0.309,10922,0,,0.063,
283627,0.587,10924,0,,0.063,
283627,0.809,10926,0,,0.063,
283627,0.951,10928,0,,0.063,
283627,1,10930,0,,0.063,
283627,0.951,10932,0,0,0.063,0
283627,0.809,10934,0,,0.063,
283627,0.587,10936,0,,0.063,
283627,0.309,10938,0,,0.063,
283627,0,10940,0,,0.063,
283627,-0.309,10942,0,,0.063,
283627,-0.587,10944,0,,0.063,
283627,-0.809,10946,0,,0.063,
283627,-0.951,10948,0,,0.063,
283627,-1,10950,0,,0.063,
283627,-0.951,10952,0,0,0.063,0
283627,-0.809,10954,0,,0.063,
283627,-0.587,10956,0,,0.063,
283627,-0.309,10958,0,,0.063,
283627,0,10960,0,,0.063,
283627,0.309,10962,0,,0.063,
283627,0.587,10964,0,,0.063,
283627,0.809,10966,0,,0.063,
283627,0.951,10968,0,,0.063,
283627,1,10970,0,,0.063,
283627,0.951,10972,0,0,0.063,0
283627,0.809,10974,0,,0.063,
283627,0.587,10976,0,,0.063,
283627,0.309,10978,0,,0.063,
283627,0,10980,0,,0.063,
283627,-0.309,10982,0,,0.063,
283627,-0.587,10984,0,,0.063,
283627,-0.809,10986,0,,0.063,
283627,-0.951,10988,0,,0.063,
283627,-1,10990,0,,0.063,
283627,-0.951,10992,0,0,0.063,0
283627,-0.809,10994,0,,0.063,
283627,-0.587,10996,0,,0.063,
283627,-0.309,10998,0,,0.063,
283627,0,11000,0,,0.063,
283627,0.309,11002,0,,0.063,
283627,0.587,11004,0,,0.063,
283627,0.809,11006,0,,0.063,
283627,0.951,11008,0,,0.063,
283627,1,11010,0,,0.063,
283627,0.951,11012,0,0,0.063,0
283627,0.809,11014,0,,0.063,
283627,0.587,11016,0,,0.063,
283627,0.309,11018,0,,0.063,
283627,0,11020,0,,0.063,
283627,-0.309,11022,0,,0.063,
283627,-0.587,11024,0,,0.063,
283627,-0.809,11026,0,,0.063,
283627,-0.951,11028,0,,0.063,
283627,-1,11030,0,,0.063,
283627,-0.951,11032,0,0,0.063,0
283627,-0.809,11034,0,,0.063,
283627,-0.587,11036,0,,0.063,
283627,-0.309,11038,0,,0.063,
283627,0,11040,0,,0.063,
283627,0.309,11042,0,,0.063,
283627,0.587,11044,0,,0.063,
283627,0.809,11046,0,,0.063,
283627,0.951,11048,0,,0.063,
283627,1,11050,0,,0.063,
283627,0.951,11052,0,0,0.063,0
283627,0.809,11054,0,,0.063,
283627,0.587,11056,0,,0.063,
283627,0.309,11058,0,,0.063,
283627,0,11060,0,,0.063,
283627,-0.309,11062,0,,0.063,
283627,-0.587,11064,0,,0.063,
283627,-0.809,11066,0,,0.063,
283627,-0.951,11068,0,,0.063,
283627,-1,11070,0,,0.063,
283627,-0.951,11072,0,0,0.063,0
283627,-0.809,11074,0,,0.063,
283627,-0.587,11076,0,,0.063,
283627,-0.309,11078,0,,0.063,
283627,0,11080,0,,0.063,
283627,0.309,11082,0,,0.063,
283627,0.587,11084,0,,0.063,
283627,0.809,11086,0,,0.063,
283627,0.951,11088,0,,0.063,
283627,1,11090,0,,0.063,
283627,0.951,11092,0,0,0.063,0
283627,0.809,11094,0,,0.063,
283627,0.587,11096,0,,0.063,
283627,0.309,11098,0,,0.063,
283627,0,11100,0,,0.063,
283627,-0.309,11102,0,,0.063,
283627,-0.587,11104,0,,0.063,
283627,-0.809,11106,0,,0.063,
283627,-0.951,11108,0,,0.063,
283627,-1,11110,0,,0.063,
283627,-0.951,11112,0,0,0.063,0
283627,-0.809,11114,0,,0.063,
283627,-0.587,11116,0,,0.063,
283627,-0.309,11118,0,,0.063,
283627,0,11120,0,,0.063,
283627,0.309,11122,0,,0.063,
283627,0.587,11124,0,,0.063,
283627,0.809,11126,0,,0.063,
283627,0.951,11128,0,,0.063,
283627,1,11130,0,,0.063,
283627,0.951,11132,0,0,0.063,0
283627,0.809,11134,0,,0.063,
283627,0.587,11136,0,,0.063,
283627,0.309,11138,0,,0.063,
283627,0,11140,0,,0.063,
283627,-0.309,11142,0,,0.063,
283627,-0.587,11144,0,,0.063,
283627,-0.809,11146,0,,0.063,
283627,-0.951,11148,0,,0.063,
283627,-1,11150,0,,0.063,
283627,-0.951,11152,0,0,0.063,0
283627,-0.809,11154,0,,0.063,
283627,-0.587,11156,0,,0.063,
283627,-0.309,11158,0,,0.063,
283627,0,11160,0,,0.063,
283627,0.309,11162,0,,0.063,
283627,0.587,11164,0,,0.063,
283627,0.809,11166,0,,0.063,
283627,0.951,11168,0,,0.063,
283627,1,11170,0,,0.063,
283627,0.951,11172,0,0,0.063,0
283627,0.809,11174,0,,0.063,
283627,0.587,11176,0,,0.063,
283627,0.309,11178,0,,0.063,
283627,0,11180,0,,0.063,
283627,-0.309,11182,0,,0.063,
283627,-0.587,11184,0,,0.063,
283627,-0.809,11186,0,,0.063,
283627,-0.951,11188,0,,0.063,
283627,-1,11190,0,,0.063,
283627,-0.951,11192,0,0,0.063,0
283627,-0.809,11194,0,,0.063,
283627,-0.587,11196,0,,0.063,
283627,-0.309,11198,0,,0.063,
283627,0,11200,0,,0.063,
283627,0.309,11202,0,,0.063,
283627,0.587,11204,0,,0.063,
283627,0.809,11206,0,,0.063,
283627,0.951,11208,0,,0.063,
283627,1,11210,0,,0.063,
283627,0.951,11212,0,0,0.063,0
283627,0.809,11214,0,,0.063,
283627,0.587,11216,0,,0.063,
283627,0.309,11218,0,,0.063,
283627,0,11220,0,,0.063,
283627,-0.309,11222,0,,0.063,
283627,-0.587,11224,0,,0.063,
283627,-0.809,11226,0,,0.063,
283627,-0.951,11228,0,,0.063,
283627,-1,11230,0,,0.063,
283627,-0.951,11232,0,0,0.063,0
283627,-0.809,11234,0,,0.063,
283627,-0.587,11236,0,,0.063,
283627,-0.309,11238,0,,0.063,
283627,0,11240,0,,0.063,
283627,0.309,11242,0,,0.063,
283627,0.587,11244,0,,0.063,
283627,0.809,11246,0,,0.063,
283627,0.951,11248,0,,0.063,
283627,1,11250,0,,0.063,
283627,0.951,11252,0,0,0.063,0
283627,0.809,11254,0,,0.063,
283627,0.587,11256,0,,0.063,
283627,0.309,11258,0,,0.063,
283627,0,11260,0,,0.063,
283627,-0.309,11262,0,,0.063,
283627,-0.587,11264,0,,0.063,
283627,-0.809,11266,0,,0.063,
283627,-0.951,11268,0,,0.063,
283627,-1,11270,0,,0.063,
283627,-0.951,11272,0,0,0.063,0
283627,-0.809,11274,0,,0.063,
283627,-0.587,11276,0,,0.063,
283627,-0.309,11278,0,,0.063,
283627,0,11280,0,,0.063,
283627,0.309,11282,0,,0.063,
283627,0.587,11284,0,,0.063,
283627,0.809,11286,0,,0.063,
283627,0.951,11288,0,,0.063,
283627,1,11290,0,,0.063,
283627,0.951,11292,0,0,0.063,0
283627,0.809,11294,0,,0.063,
283627,0.587,11296,0,,0.063,
283627,0.309,11298,0,,0.063,
283627,0,11300,0,,0.063,
283627,-0.309,11302,0,,0.063,
283627,-0.587,11304,0,,0.063,
283627,-0.809,11306,0,,0.063,
283627,-0.951,11308,0,,0.063,
283627,-1,11310,0,,0.063,
283627,-0.951,11312,0,0,0.063,0
283627,-0.809,11314,0,,0.063,
283627,-0.587,11316,0,,0.063,
283627,-0.309,11318,0,,0.063,
283627,0,11320,0,,0.063,
283627,0.309,11322,0,,0.063,
283627,0.587,11324,0,,0.063,
283627,0.809,11326,0,,0.063,
283627,0.951,11328,0,,0.063,
283627,1,11330,0,,0.063,
283627,0.951,11332,0,0,0.063,0
283627,0.809,11334,0,,0.063,
283627,0.587,11336,0,,0.063,
283627,0.309,11338,0,,0.063,
283627,0,11340,0,,0.063,
283627,-0.309,11342,0,,0.063,
283627,-0.587,11344,0,,0.063,
283627,-0.809,11346,0,,0.063,
283627,-0.951,11348,0,,0.063,
283627,-1,11350,0,,0.063,
283627,-0.951,11352,0,0,0.063,0
283627,-0.809,11354,0,,0.063,
283627,-0.587,11356,0,,0.063,
283627,-0.309,11358,0,,0.063,
283627,0,11360,0,,0.063,
283627,0.309,11362,0,,0.063,
283627,0.587,11364,0,,0.063,
283627,0.809,11366,0,,0.063,
283627,0.951,11368,0,,0.063,
283627,1,11370,0,,0.063,
283627,0.951,11372,0,0,0.063,0
283627,0.809,11374,0,,0.063,
283627,0.587,11376,0,,0.063,
283627,0.309,11378,0,,0.063,
283627,0,11380,0,,0.063,
283627,-0.309,11382,0,,0.063,
283627,-0.587,11384,0,,0.063,
283627,-0.809,11386,0,,0.063,
283627,-0.951,11388,0,,0.063,
283627,-1,11390,0,,0.063,
283627,-0.951,11392,0,0,0.063,0
283627,-0.809,11394,0,,0.063,
283627,-0.587,11396,0,,0.063,
283627,-0.309,11398,0,,0.063,
283627,0,11400,0,,0.063,
283627,0.309,11402,0,,0.063,
283627,0.587,11404,0,,0.063,
283627,0.809,11406,0,,0.063,
283627,0.951,11408,0,,0.063,
283627,1,11410,0,,0.063,
283627,0.951,11412,0,0,0.063,0
283627,0.809,11414,0,,0.063,
283627,0.587,11416,0,,0.063,
283627,0.309,11418,0,,0.063,
283627,0,11420,0,,0.063,
283627,-0.309,11422,0,,0.063,
283627,-0.587,11424,0,,0.063,
283627,-0.809,11426,0,,0.063,
283627,-0.951,11428,0,,0.063,
283627,-1,11430,0,,0.063,
283627,-0.951,11432,0,0,0.063,0
283627,-0.809,11434,0,,0.063,
283627,-0.587,11436,0,,0.063,
283627,-0.309,11438,0,,0.063,
283627,0,11440,0,,0.063,
283627,0.309,11442,0,,0.063,
283627,0.587,11444,0,,0.063,
283627,0.809,11446,0,,0.063,
283627,0.951,11448,0,,0.063,
283627,1,11450,0,,0.063,
283627,0.951,11452,0,0,0.063,0
283627,0.809,11454,0,,0.063,
283627,0.587,11456,0,,0.063,
283627,0.309,11458,0,,0.063,
283627,0,11460,0,,0.063,
283627,-0.309,11462,0,,0.063,
283627,-0.587,11464,0,,0.063,
283627,-0.809,11466,0,,0.063,
283627,-0.951,11468,0,,0.063,
283627,-1,11470,0,,0.063,
283627,-0.951,11472,0,0,0.063,0
283627,-0.809,11474,0,,0.063,
283627,-0.587,11476,0,,0.063,
283627,-0.309,11478,0,,0.063,
283627,0,11480,0,,0.063,
283627,0.309,11482,0,,0.063,
283627,0.587,11484,0,,0.063,
283627,0.809,11486,0,,0.063,
283627,0.951,11488,0,,0.063,
283627,1,11490,0,,0.063,
283627,0.951,11492,0,0,0.063,0
283627,0.809,11494,0,,0.063,
283627,0.587,11496,0,,0.063,
283627,0.309,11498,0,,0.063,
283627,0,11500,0,,0.063,
283627,-0.309,11502,0,,0.063,
283627,-0.587,11504,0,,0.063,
283627,-0.809,11506,0,,0.063,
283627,-0.951,11508,0,,0.063,
283627,-1,11510,0,,0.063,
283627,-0.951,11512,0,0,0.063,0
283627,-0.809,11514,0,,0.063,
283627,-0.587,11516,0,,0.063,
283627,-0.309,11518,0,,0.063,
283627,0,11520,0,,0.063,
283627,0.309,11522,0,,0.063,
283627,0.587,11524,0,,0.063,
283627,0.809,11526,0,,0.063,
283627,0.951,11528,0,,0.063,
283627,1,11530,0,,0.063,
283627,0.951,11532,0,0,0.063,0
283627,0.809,11534,0,,0.063,
283627,0.587,11536,0,,0.063,
283627,0.309,11538,0,,0.063,
283627,0,11540,0,,0.063,
283627,-0.309,11542,0,,0.063,
283627,-0.587,11544,0,,0.063,
283627,-0.809,11546,0,,0.063,
283627,-0.951,11548,0,,0.063,
283627,-1,11550,0,,0.063,
283627,-0.951,11552,0,0,0.063,0
283627,-0.809,11554,0,,0.063,
283627,-0.587,11556,0,,0.063,
283627,-0.309,11558,0,,0.063,
283627,0,11560,0,,0.063,
283627,0.309,11562,0,,0.063,
283627,0.587,11564,0,,0.063,
283627,0.809,11566,0,,0.063,
283627,0.951,11568,0,,0.063,
283627,1,11570,0,,0.063,
283627,0.951,11572,0,0,0.063,0
283627,0.809,11574,0,,0.063,
283627,0.587,11576,0,,0.063,
283627,0.309,11578,0,,0.063,
283627,0,11580,0,,0.063,
283627,-0.309,11582,0,,0.063,
283627,-0.587,11584,0,,0.063,
283627,-0.809,11586,0,,0.063,
283627,-0.951,11588,0,,0.063,
283627,-1,11590,0,,0.063,
283627,-0.951,11592,0,0,0.063,0
283627,-0.809,11594,0,,0.063,
283627,-0.587,11596,0,,0.063,
283627,-0.309,11598,0,,0.063,
283627,0,11600,0,,0.063,
283627,0.309,11602,0,,0.063,
283627,0.587,11604,0,,0.063,
283627,0.809,11606,0,,0.063,
283627,0.951,11608,0,,0.063,
283627,1,11610,0,,0.063,
283627,0.951,11612,0,0,0.063,0
283627,0.809,11614,0,,0.063,
283627,0.587,11616,0,,0.063,
283627,0.309,11618,0,,0.063,
283627,0,11620,0,,0.063,
283627,-0.309,11622,0,,0.063,
283627,-0.587,11624,0,,0.063,
283627,-0.809,11626,0,,0.063,
283627,-0.951,11628,0,,0.063,
283627,-1,11630,0,,0.063,
283627,-0.951,11632,0,0,0.063,0
283627,-0.809,11634,0,,0.063,
283627,-0.587,11636,0,,0.063,
283627,-0.309,11638,0,,0.063,
283627,0,11640,0,,0.063,
283627,0.309,11642,0,,0.063,
283627,0.587,11644,0,,0.063,
283627,0.809,11646,0,,0.063,
283627,0.951,11648,0,,0.063,
283627,1,11650,0,,0.063,
283627,0.951,11652,0,0,0.063,0
283627,0.809,11654,0,,0.063,
283627,0.587,11656,0,,0.063,
283627,0.309,11658,0,,0.063,
283627,0,11660,0,,0.063,
283627,-0.309,11662,0,,0.063,
283627,-0.587,11664,0,,0.063,
283627,-0.809,11666,0,,0.063,
283627,-0.951,11668,0,,0.063,
283627,-1,11670,0,,0.063,
283627,-0.951,11672,0,0,0.063,0
283627,-0.809,11674,0,,0.063,
283627,-0.587,11676,0,,0.063,
283627,-0.309,11678,0,,0.063,
283627,0,11680,0,,0.063,
283627,0.309,11682,0,,0.063,
283627,0.587,11684,0,,0.063,
283627,0.809,11686,0,,0.063,
283627,0.951,11688,0,,0.063,
283627,1,11690,0,,0.063,
283627,0.951,11692,0,0,0.063,0
283627,0.809,11694,0,,0.063,
283627,0.587,11696,0,,0.063,
283627,0.309,11698,0,,0.063,
283627,0,11700,0,,0.063,
283627,-0.309,11702,0,,0.063,
283627,-0.587,11704,0,,0.063,
283627,-0.809,11706,0,,0.063,
283627,-0.951,11708,0,,0.063,
283627,-1,11710,0,,0.063,
283627,-0.951,11712,0,0,0.063,0
283627,-0.809,11714,0,,0.063,
283627,-0.587,11716,0,,0.063,
283627,-0.309,11718,0,,0.063,
283627,0,11720,0,,0.063,
283627,0.309,11722,0,,0.063,
283627,0.587,11724,0,,0.063,
283627,0.809,11726,0,,0.063,
283627,0.951,11728,0,,0.063,
283627,1,11730,0,,0.063,
283627,0.951,11732,0,0,0.063,0
283627,0.809,11734,0,,0.063,
283627,0.587,11736,0,,0.063,
283627,0.309,11738,0,,0.063,
283627,0,11740,0,,0.063,
283627,-0.309,11742,0,,0.063,
283627,-0.587,11744,0,,0.063,
283627,-0.809,11746,0,,0.063,
283627,-0.951,11748,0,,0.063,
283627,-1,11750,0,,0.063,
283627,-0.951,11752,0,0,0.063,0
283627,-0.809,11754,0,,0.063,
283627,-0.587,11756,0,,0.063,
283627,-0.309,11758,0,,0.063,
283627,0,11760,0,,0.063,
283627,0.309,11762,0,,0.063,
283627,0.587,11764,0,,0.063,
283627,0.809,11766,0,,0.063,
283627,0.951,11768,0,,0.063,
283627,1,11770,0,,0.063,
283627,0.951,11772,0,0,0.063,0
283627,0.809,11774,0,,0.063,
283627,0.587,11776,0,,0.063,
283627,0.309,11778,0,,0.063,
283627,0,11780,0,,0.063,
283627,-0.309,11782,0,,0.063,
283627,-0.587,11784,0,,0.063,
283627,-0.809,11786,0,,0.063,
283627,-0.951,11788,0,,0.063,
283627,-1,11790,0,,0.063,
283627,-0.951,11792,0,0,0.063,0
283627,-0.809,11794,0,,0.063,
283627,-0.587,11796,0,,0.063,
283627,-0.309,11798,0,,0.063,
283627,0,11800,0,,0.063,
283627,0.309,11802,0,,0.063,
283627,0.587,11804,0,,0.063,
283627,0.809,11806,0,,0.063,
283627,0.951,11808,0,,0.063,
283627,1,11810,0,,0.063,
283627,0.951,11812,0,0,0.063,0
283627,0.809,11814,0,,0.063,
283627,0.587,11816,0,,0.063,
283627,0.309,11818,0,,0.063,
283627,0,11820,0,,0.063,
283627,-0.309,11822,0,,0.063,
283627,-0.587,11824,0,,0.063,
283627,-0.809,11826,0,,0.063,
283627,-0.951,11828,0,,0.063,
283627,-1,11830,0,,0.063,
283627,-0.951,11832,0,0,0.063,0
283627,-0.809,11834,0,,0.063,
283627,-0.587,11836,0,,0.063,
283627,-0.309,11838,0,,0.063,
283627,0,11840,0,,0.063,
283627,0.309,11842,0,,0.063,
283627,0.587,11844,0,,0.063,
283627,0.809,11846,0,,0.063,
283627,0.951,11848,0,,0.063,
283627,1,11850,0,,0.063,
283627,0.951,11852,0,0,0.063,0
283627,0.809,11854,0,,0.063,
283627,0.587,11856,0,,0.063,
283627,0.309,11858,0,,0.063,
283627,0,11860,0,,0.063,
283627,-0.309,11862,0,,0.063,
283627,-0.587,11864,0,,0.063,
283627,-0.809,11866,0,,0.063,
283627,-0.951,11868,0,,0.063,
283627,-1,11870,0,,0.063,
283627,-0.951,11872,0,0,0.063,0
283627,-0.809,11874,0,,0.063,
283627,-0.587,11876,0,,0.063,
283627,-0.309,11878,0,,0.063,
283627,0,11880,0,,0.063,
283627,0.309,11882,0,,0.063,
283627,0.587,11884,0,,0.063,
283627,0.809,11886,0,,0.063,
283627,0.951,11888,0,,0.063,
283627,1,11890,0,,0.063,
283627,0.951,11892,0,0,0.063,0
283627,0.809,11894,0,,0.063,
283627,0.587,11896,0,,0.063,
283627,0.309,11898,0,,0.063,
283627,0,11900,0,,0.063,
283627,-0.309,11902,0,,0.063,
283627,-0.587,11904,0,,0.063,
283627,-0.809,11906,0,,0.063,
283627,-0.951,11908,0,,0.063,
283627,-1,11910,0,,0.063,
283627,-0.951,11912,0,0,0.063,0
283627,-0.809,11914,0,,0.063,
283627,-0.587,11916,0,,0.063,
283627,-0.309,11918,0,,0.063,
283627,0,11920,0,,0.063,
283627,0.309,11922,0,,0.063,
283627,0.587,11924,0,,0.063,
283627,0.809,11926,0,,0.063,
283627,0.951,11928,0,,0.063,
283627,1,11930,0,,0.063,
283627,0.951,11932,0,0,0.063,0
283627,0.809,11934,0,,0.063,
283627,0.587,11936,0,,0.063,
283627,0.309,11938,0,,0.063,
283627,0,11940,0,,0.063,
283627,-0.309,11942,0,,0.063,
283627,-0.587,11944,0,,0.063,
283627,-0.809,11946,0,,0.063,
283627,-0.951,11948,0,,0.063,
283627,-1,11950,0,,0.063,
283627,-0.951,11952,0,0,0.063,0
283627,-0.809,11954,0,,0.063,
283627,-0.587,11956,0,,0.063,
283627,-0.309,11958,0,,0.063,
283627,0,11960,0,,0.063,
283627,0.309,11962,0,,0.063,
283627,0.587,11964,0,,0.063,
283627,0.809,11966,0,,0.063,
283627,0.951,11968,0,,0.063,
283627,1,11970,0,,0.063,
283627,0.951,11972,0,0,0.063,0
283627,0.809,11974,0,,0.063,
283627,0.587,11976,0,,0.063,
283627,0.309,11978,0,,0.063,
283627,0,11980,0,,0.063,
283627,-0.309,11982,0,,0.063,
283627,-0.587,11984,0,,0.063,
283627,-0.809,11986,0,,0.063,
283627,-0.951,11988,0,,0.063,
283627,-1,11990,0,,0.063,
283627,-0.951,11992,0,0,0.063,0
283627,-0.809,11994,0,,0.063,
283627,-0.587,11996,0,,0.063,
283627,-0.309,11998,0,,0.063,
283627,0,12000,0,,0.063,
283627,0.309,12002,0,,0.063,
283627,0.587,12004,0,,0.063,
283627,0.809,12006,0,,0.063,
283627,0.951,12008,0,,0.063,
283627,1,12010,0,,0.063,
283627,0.951,12012,0,0,0.063,0
283627,0.809,12014,0,,0.063,
283627,0.587,12016,0,,0.063,
283627,0.309,12018,0,,0.063,
283627,0,12020,0,,0.063,
283627,-0.309,12022,0,,0.063,
283627,-0.587,12024,0,,0.063,
283627,-0.809,12026,0,,0.063,
283627,-0.951,12028,0,,0.063,
283627,-1,12030,0,,0.063,
283627,-0.951,12032,0,0,0.063,0
283627,-0.809,12034,0,,0.063,
283627,-0.587,12036,0,,0.063,
283627,-0.309,12038,0,,0.063,
283627,0,12040,0,,0.063,
283627,0.309,12042,0,,0.063,
283627,0.587,12044,0,,0.063,
283627,0.809,12046,0,,0.063,
283627,0.951,12048,0,,0.063,
283627,1,12050,0,,0.063,
283627,0.951,12052,0,0,0.063,0
283627,0.809,12054,0,,0.063,
283627,0.587,12056,0,,0.063,
283627,0.309,12058,0,,0.063,
283627,0,12060,0,,0.063,
283627,-0.309,12062,0,,0.063,
283627,-0.587,12064,0,,0.063,
283627,-0.809,12066,0,,0.063,
283627,-0.951,12068,0,,0.063,
283627,-1,12070,0,,0.063,
283627,-0.951,12072,0,0,0.063,0
283627,-0.809,12074,0,,0.063,
283627,-0.587,12076,0,,0.063,
283627,-0.309,12078,0,,0.063,
283627,0,12080,0,,0.063,
283627,0.309,12082,0,,0.063,
283627,0.587,12084,0,,0.063,
283627,0.809,12086,0,,0.063,
283627,0.951,12088,0,,0.063,
283627,1,12090,0,,0.063,
283627,0.951,12092,0,0,0.063,0
283627,0.809,12094,0,,0.063,
283627,0.587,12096,0,,0.063,
283627,0.309,12098,0,,0.063,
283627,0,12100,0,,0.063,
283627,-0.309,12102,0,,0.063,
283627,-0.587,12104,0,,0.063,
283627,-0.809,12106,0,,0.063,
283627,-0.951,12108,0,,0.063,
283627,-1,12110,0,,0.063,
283627,-0.951,12112,0,0,0.063,0
283627,-0.809,12114,0,,0.063,
283627,-0.587,12116,0,,0.063,
283627,-0.309,12118,0,,0.063,
283627,0,12120,0,,0.063,
283627,0.309,12122,0,,0.063,
283627,0.587,12124,0,,0.063,
283627,0.809,12126,0,,0.063,
283627,0.951,12128,0,,0.063,
283627,1,12130,0,,0.063,
283627,0.951,12132,0,0,0.063,0
283627,0.809,12134,0,,0.063,
283627,0.587,12136,0,,0.063,
283627,0.309,12138,0,,0.063,
283627,0,12140,0,,0.063,
283627,-0.309,12142,0,,0.063,
283627,-0.587,12144,0,,0.063,
283627,-0.809,12146,0,,0.063,
283627,-0.951,12148,0,,0.063,
283627,-1,12150,0,,0.063,
283627,-0.951,12152,0,0,0.063,0
283627,-0.809,12154,0,,0.063,
283627,-0.587,12156,0,,0.063,
283627,-0.309,12158,0,,0.063,
283627,0,12160,0,,0.063,
283627,0.309,12162,0,,0.063,
283627,0.587,12164,0,,0.063,
283627,0.809,12166,0,,0.063,
283627,0.951,12168,0,,0.063,
283627,1,12170,0,,0.063,
283627,0.951,12172,0,0,0.063,0
283627,0.809,12174,0,,0.063,
283627,0.587,12176,0,,0.063,
283627,0.309,12178,0,,0.063,
283627,0,12180,0,,0.063,
283627,-0.309,12182,0,,0.063,
283627,-0.587,12184,0,,0.063,
283627,-0.809,12186,0,,0.063,
283627,-0.951,12188,0,,0.063,
283627,-1,12190,0,,0.063,
283627,-0.951,12192,0,0,0.063,0
283627,-0.809,12194,0,,0.063,
283627,-0.587,12196,0,,0.063,
283627,-0.309,12198,0,,0.063,
283627,0,12200,0,,0.063,
283627,0.309,12202,0,,0.063,
283627,0.587,12204,0,,0.063,
283627,0.809,12206,0,,0.063,
283627,0.951,12208,0,,0.063,
283627,1,12210,0,,0.063,
283627,0.951,12212,0,0,0.063,0
283627,0.809,12214,0,,0.063,
283627,0.587,12216,0,,0.063,
283627,0.309,12218,0,,0.063,
283627,0,12220,0,,0.063,
283627,-0.309,12222,0,,0.063,
283627,-0.587,12224,0,,0.063,
283627,-0.809,12226,0,,0.063,
283627,-0.951,12228,0,,0.063,
283627,-1,12230,0,,0.063,
283627,-0.951,12232,0,0,0.063,0
283627,-0.809,12234,0,,0.063,
283627,-0.587,12236,0,,0.063,
283627,-0.309,12238,0,,0.063,
283627,0,12240,0,,0.063,
283627,0.309,12242,0,,0.063,
283627,0.587,12244,0,,0.063,
283627,0.809,12246,0,,0.063,
283627,0.951,12248,0,,0.063,
283627,1,12250,0,,0.063,
283627,0.951,12252,0,0,0.063,0
283627,0.809,12254,0,,0.063,
283627,0.587,12256,0,,0.063,
283627,0.309,12258,0,,0.063,
283627,0,12260,0,,0.063,
283627,-0.309,12262,0,,0.063,
283627,-0.587,12264,0,,0.063,
283627,-0.809,12266,0,,0.063,
283627,-0.951,12268,0,,0.063,
283627,-1,12270,0,,0.063,
283627,-0.951,12272,0,0,0.063,0
283627,-0.809,12274,0,,0.063,
283627,-0.587,12276,0,,0.063,
283627,-0.309,12278,0,,0.063,
283627,0,12280,0,,0.063,
283627,0.309,12282,0,,0.063,
283627,0.587,12284,0,,0.063,
283627,0.809,12286,0,,0.063,
283627,0.951,12288,0,,0.063,
283627,1,12290,0,,0.063,
283627,0.951,12292,0,0,0.063,0
283627,0.809,12294,0,,0.063,
283627,0.587,12296,0,,0.063,
283627,0.309,12298,0,,0.063,
283627,0,12300,0,,0.063,
283627,-0.309,12302,0,,0.063,
283627,-0.587,12304,0,,0.063,
283627,-0.809,12306,0,,0.063,
283627,-0.951,12308,0,,0.063,
283627,-1,12310,0,,0.063,
283627,-0.951,12312,0,0,0.063,0
283627,-0.809,12314,0,,0.063,
283627,-0.587,12316,0,,0.063,
283627,-0.309,12318,0,,0.063,
283627,0,12320,0,,0.063,
283627,0.309,12322,0,,0.063,
283627,0.587,12324,0,,0.063,
283627,0.809,12326,0,,0.063,
283627,0.951,12328,0,,0.063,
283627,1,12330,0,,0.063,
283627,0.951,12332,0,0,0.063,0
283627,0.809,12334,0,,0.063,
283627,0.587,12336,0,,0.063,
283627,0.309,12338,0,,0.063,
283627,0,12340,0,,0.063,
283627,-0.309,12342,0,,0.063,
283627,-0.587,12344,0,,0.063,
283627,-0.809,12346,0,,0.063,
283627,-0.951,12348,0,,0.063,
283627,-1,12350,0,,0.063,
283627,-0.951,12352,0,0,0.063,0
283627,-0.809,12354,0,,0.063,
283627,-0.587,12356,0,,0.063,
283627,-0.309,12358,0,,0.063,
283627,0,12360,0,,0.063,
283627,0.309,12362,0,,0.063,
283627,0.587,12364,0,,0.063,
283627,0.809,12366,0,,0.063,
283627,0.951,12368,0,,0.063,
283627,1,12370,0,,0.063,
283627,0.951,12372,0,0,0.063,0
283627,0.809,12374,0,,0.063,
283627,0.587,12376,0,,0.063,
283627,0.309,12378,0,,0.063,
283627,0,12380,0,,0.063,
283627,-0.309,12382,0,,0.063,
283627,-0.587,12384,0,,0.063,
283627,-0.809,12386,0,,0.063,
283627,-0.951,12388,0,,0.063,
283627,-1,12390,0,,0.063,
283627,-0.951,12392,0,0,0.063,0
283627,-0.809,12394,0,,0.063,
283627,-0.587,12396,0,,0.063,
283627,-0.309,12398,0,,0.063,
283627,0,12400,0,,0.063,
283627,0.309,12402,0,,0.063,
283627,0.587,12404,0,,0.063,
283627,0.809,12406,0,,0.063,
283627,0.951,12408,0,,0.063,
283627,1,12410,0,,0.063,
283627,0.951,12412,0,0,0.063,0
283627,0.809,12414,0,,0.063,
283627,0.587,12416,0,,0.063,
283627,0.309,12418,0,,0.063,
283627,0,12420,0,,0.063,
283627,-0.309,12422,0,,0.063,
283627,-0.587,12424,0,,0.063,
283627,-0.809,12426,0,,0.063,
283627,-0.951,12428,0,,0.063,
283627,-1,12430,0,,0.063,
283627,-0.951,12432,0,0,0.063,0
283627,-0.809,12434,0,,0.063,
283627,-0.587,12436,0,,0.063,
283627,-0.309,12438,0,,0.063,
283627,0,12440,0,,0.063,
283627,0.309,12442,0,,0.063,
283627,0.587,12444,0,,0.063,
283627,0.809,12446,0,,0.063,
283627,0.951,12448,0,,0.063,
283627,1,12450,0,,0.063,
283627,0.951,12452,0,0,0.063,0
283627,0.809,12454,0,,0.063,
283627,0.587,12456,0,,0.063,
283627,0.309,12458,0,,0.063,
283627,0,12460,0,,0.063,
283627,-0.309,12462,0,,0.063,
283627,-0.587,12464,0,,0.063,
283627,-0.809,12466,0,,0.063,
283627,-0.951,12468,0,,0.063,
283627,-1,12470,0,,0.063,
283627,-0.951,12472,0,0,0.063,0
283627,-0.809,12474,0,,0.063,
283627,-0.587,12476,0,,0.063,
283627,-0.309,12478,0,,0.063,
283627,0,12480,0,,0.063,
283627,0.309,12482,0,,0.063,
283627,0.587,12484,0,,0.063,
283627,0.809,12486,0,,0.063,
283627,0.951,12488,0,,0.063,
283627,1,12490,0,,0.063,
283627,0.951,12492,0,0,0.063,0
283627,0.809,12494,0,,0.063,
283627,0.587,12496,0,,0.063,
283627,0.309,12498,0,,0.063,
283627,0,12500,0,,0.063,
283627,-0.309,12502,0,,0.063,
283627,-0.587,12504,0,,0.063,
283627,-0.809,12506,0,,0.063,
283627,-0.951,12508,0,,0.063,
283627,-1,12510,0,,0.063,
283627,-0.951,12512,0,0,0.063,0
283627,-0.809,12514,0,,0.063,
283627,-0.587,12516,0,,0.063,
283627,-0.309,12518,0,,0.063,
283627,0,12520,0,,0.063,
283627,0.309,12522,0,,0.063,
283627,0.587,12524,0,,0.063,
283627,0.809,12526,0,,0.063,
283627,0.951,12528,0,,0.063,
283627,1,12530,0,,0.063,
283627,0.951,12532,0,0,0.063,0
283627,0.809,12534,0,,0.063,
283627,0.587,12536,0,,0.063,
283627,0.309,12538,0,,0.063,
283627,0,12540,0,,0.063,
283627,-0.309,12542,0,,0.063,
283627,-0.587,12544,0,,0.063,
283627,-0.809,12546,0,,0.063,
283627,-0.951,12548,0,,0.063,
283627,-1,12550,0,,0.063,
283627,-0.951,12552,0,0,0.063,0
283627,-0.809,12554,0,,0.063,
283627,-0.587,12556,0,,0.063,
283627,-0.309,12558,0,,0.063,
283627,0,12560,0,,0.063,
283627,0.309,12562,0,,0.063,
283627,0.587,12564,0,,0.063,
283627,0.809,12566,0,,0.063,
283627,0.951,12568,0,,0.063,
283627,1,12570,0,,0.063,
283627,0.951,12572,0,0,0.063,0
283627,0.809,12574,0,,0.063,
283627,0.587,12576,0,,0.063,
283627,0.309,12578,0,,0.063,
283627,0,12580,0,,0.063,
283627,-0.309,12582,0,,0.063,
283627,-0.587,12584,0,,0.063,
283627,-0.809,12586,0,,0.063,
283627,-0.951,12588,0,,0.063,
283627,-1,12590,0,,0.063,
283627,-0.951,12592,0,0,0.063,0
283627,-0.809,12594,0,,0.063,
283627,-0.587,12596,0,,0.063,
283627,-0.309,12598,0,,0.063,
283627,0,12600,0,,0.063,
283627,0.309,12602,0,,0.063,
283627,0.587,12604,0,,0.063,
283627,0.809,12606,0,,0.063,
283627,0.951,12608,0,,0.063,
283627,1,12610,0,,0.063,
283627,0.951,12612,0,0,0.063,0
283627,0.809,12614,0,,0.063,
283627,0.587,12616,0,,0.063,
283627,0.309,12618,0,,0.063,
283627,0,12620,0,,0.063,
283627,-0.309,12622,0,,0.063,
283627,-0.587,12624,0,,0.063,
283627,-0.809,12626,0,,0.063,
283627,-0.951,12628,0,,0.063,
283627,-1,12630,0,,0.063,
283627,-0.951,12632,0,0,0.063,0
283627,-0.809,12634,0,,0.063,
283627,-0.587,12636,0,,0.063,
283627,-0.309,12638,0,,0.063,
283627,0,12640,0,,0.063,
283627,0.309,12642,0,,0.063,
283627,0.587,12644,0,,0.063,
283627,0.809,12646,0,,0.063,
283627,0.951,12648,0,,0.063,
283627,1,12650,0,,0.063,
283627,0.951,12652,0,0,0.063,0
283627,0.809,12654,0,,0.063,
283627,0.587,12656,0,,0.063,
283627,0.309,12658,0,,0.063,
283627,0,12660,0,,0.063,
283627,-0.309,12662,0,,0.063,
283627,-0.587,12664,0,,0.063,
283627,-0.809,12666,0,,0.063,
283627,-0.951,12668,0,,0.063,
283627,-1,12670,0,,0.063,
283627,-0.951,12672,0,0,0.063,0
283627,-0.809,12674,0,,0.063,
283627,-0.587,12676,0,,0.063,
283627,-0.309,12678,0,,0.063,
283627,0,12680,0,,0.063,
283627,0.309,12682,0,,0.063,
283627,0.587,12684,0,,0.063,
283627,0.809,12686,0,,0.063,
283627,0.951,12688,0,,0.063,
283627,1,12690,0,,0.063,
283627,0.951,12692,0,0,0.063,0
283627,0.809,12694,0,,0.063,
283627,0.587,12696,0,,0.063,
283627,0.309,12698,0,,0.063,
283627,0,12700,0,,0.063,
283627,-0.309,12702,0,,0.063,
283627,-0.587,12704,0,,0.063,
283627,-0.809,12706,0,,0.063,
283627,-0.951,12708,0,,0.063,
283627,-1,12710,0,,0.063,
283627,-0.951,12712,0,0,0.063,0
283627,-0.809,12714,0,,0.063,
283627,-0.587,12716,0,,0.063,
283627,-0.309,12718,0,,0.063,
283627,0,12720,0,,0.063,
283627,0.309,12722,0,,0.063,
283627,0.587,12724,0,,0.063,
283627,0.809,12726,0,,0.063,
283627,0.951,12728,0,,0.063,
283627,1,12730,0,,0.063,
283627,0.951,12732,0,0,0.063,0
283627,0.809,12734,0,,0.063,
283627,0.587,12736,0,,0.063,
283627,0.309,12738,0,,0.063,
283627,0,12740,0,,0.063,
283627,-0.309,12742,0,,0.063,
283627,-0.587,12744,0,,0.063,
283627,-0.809,12746,0,,0.063,
283627,-0.951,12748,0,,0.063,
283627,-1,12750,0,,0.063,
283627,-0.951,12752,0,0,0.063,0
283627,-0.809,12754,0,,0.063,
283627,-0.587,12756,0,,0.063,
283627,-0.309,12758,0,,0.063,
283627,0,12760,0,,0.063,
283627,0.309,12762,0,,0.063,
283627,0.587,12764,0,,0.063,
283627,0.809,12766,0,,0.063,
283627,0.951,12768,0,,0.063,
283627,1,12770,0,,0.063,
283627,0.951,12772,0,0,0.063,0
283627,0.809,12774,0,,0.063,
283627,0.587,12776,0,,0.063,
283627,0.309,12778,0,,0.063,
283627,0,12780,0,,0.063,
283627,-0.309,12782,0,,0.063,
283627,-0.587,12784,0,,0.063,
283627,-0.809,12786,0,,0.063,
283627,-0.951,12788,0,,0.063,
283627,-1,12790,0,,0.063,
283627,-0.951,12792,0,0,0.063,0
283627,-0.809,12794,0,,0.063,
283627,-0.587,12796,0,,0.063,
283627,-0.309,12798,0,,0.063,
283627,0,12800,0,,0.063,
283627,0.309,12802,0,,0.063,
283627,0.587,12804,0,,0.063,
283627,0.809,12806,0,,0.063,
283627,0.951,12808,0,,0.063,
283627,1,12810,0,,0.063,
283627,0.951,12812,0,0,0.063,0
283627,0.809,12814,0,,0.063,
283627,0.587,12816,0,,0.063,
283627,0.309,12818,0,,0.063,
283627,0,12820,0,,0.063,
283627,-0.309,12822,0,,0.063,
283627,-0.587,12824,0,,0.063,
283627,-0.809,12826,0,,0.063,
283627,-0.951,12828,0,,0.063,
283627,-1,12830,0,,0.063,
283627,-0.951,12832,0,0,0.063,0
283627,-0.809,12834,0,,0.063,
283627,-0.587,12836,0,,0.063,
283627,-0.309,12838,0,,0.063,
283627,0,12840,0,,0.063,
283627,0.309,12842,0,,0.063,
283627,0.587,12844,0,,0.063,
283627,0.809,12846,0,,0.063,
283627,0.951,12848,0,,0.063,
283627,1,12850,0,,0.063,
283627,0.951,12852,0,0,0.063,0
283627,0.809,12854,0,,0.063,
283627,0.587,12856,0,,0.063,
283627,0.309,12858,0,,0.063,
283627,0,12860,0,,0.063,
283627,-0.309,12862,0,,0.063,
283627,-0.587,12864,0,,0.063,
283627,-0.809,12866,0,,0.063,
283627,-0.951,12868,0,,0.063,
283627,-1,12870,0,,0.063,
283627,-0.951,12872,0,0,0.063,0
283627,-0.809,12874,0,,0.063,
283627,-0.587,12876,0,,0.063,
283627,-0.309,12878,0,,0.063,
283627,0,12880,0,,0.063,
283627,0.309,12882,0,,0.063,
283627,0.587,12884,0,,0.063,
283627,0.809,12886,0,,0.063,
283627,0.951,12888,0,,0.063,
283627,1,12890,0,,0.063,
283627,0.951,12892,0,0,0.063,0
283627,0.809,12894,0,,0.063,
283627,0.587,12896,0,,0.063,
283627,0.309,12898,0,,0.063,
283627,0,12900,0,,0.063,
283627,-0.309,12902,0,,0.063,
283627,-0.587,12904,0,,0.063,
283627,-0.809,12906,0,,0.063,
283627,-0.951,12908,0,,0.063,
283627,-1,12910,0,,0.063,
283627,-0.951,12912,0,0,0.063,0
283627,-0.809,12914,0,,0.063,
283627,-0.587,12916,0,,0.063,
283627,-0.309,12918,0,,0.063,
283627,0,12920,0,,0.063,
283627,0.309,12922,0,,0.063,
283627,0.587,12924,0,,0.063,
283627,0.809,12926,0,,0.063,
283627,0.951,12928,0,,0.063,
283627,1,12930,0,,0.063,
283627,0.951,12932,0,0,0.063,0
283627,0.809,12934,0,,0.063,
283627,0.587,12936,0,,0.063,
283627,0.309,12938,0,,0.063,
283627,0,12940,0,,0.063,
283627,-0.309,12942,0,,0.063,
283627,-0.587,12944,0,,0.063,
283627,-0.809,12946,0,,0.063,
283627,-0.951,12948,0,,0.063,
283627,-1,12950,0,,0.063,
283627,-0.951,12952,0,0,0.063,0
283627,-0.809,12954,0,,0.063,
283627,-0.587,12956,0,,0.063,
283627,-0.309,12958,0,,0.063,
283627,0,12960,0,,0.063,
283627,0.309,12962,0,,0.063,
283627,0.587,12964,0,,0.063,
283627,0.809,12966,0,,0.063,
283627,0.951,12968,0,,0.063,
283627,1,12970,0,,0.063,
283627,0.951,12972,0,0,0.063,0
283627,0.809,12974,0,,0.063,
283627,0.587,12976,0,,0.063,
283627,0.309,12978,0,,0.063,
283627,0,12980,0,,0.063,
283627,-0.309,12982,0,,0.063,
283627,-0.587,12984,0,,0.063,
283627,-0.809,12986,0,,0.063,
283627,-0.951,12988,0,,0.063,
283627,-1,12990,0,,0.063,
283627,-0.951,12992,0,0,0.063,0
283627,-0.809,12994,0,,0.063,
283627,-0.587,12996,0,,0.063,
283627,-0.309,12998,0,,0.063,
283627,0,13000,0,,0.063,
283627,0.309,13002,0,,0.063,
283627,0.587,13004,0,,0.063,
283627,0.809,13006,0,,0.063,
283627,0.951,13008,0,,0.063,
283627,1,13010,0,,0.063,
283627,0.951,13012,0,0,0.063,0
283627,0.809,13014,0,,0.063,
283627,0.587,13016,0,,0.063,
283627,0.309,13018,0,,0.063,
283627,0,13020,0,,0.063,
283627,-0.309,13022,0,,0.063,
283627,-0.587,13024,0,,0.063,
283627,-0.809,13026,0,,0.063,
283627,-0.951,13028,0,,0.063,
283627,-1,13030,0,,0.063,
283627,-0.951,13032,0,0,0.063,0
283627,-0.809,13034,0,,0.063,
283627,-0.587,13036,0,,0.063,
283627,-0.309,13038,0,,0.063,
283627,0,13040,0,,0.063,
283627,0.309,13042,0,,0.063,
283627,0.587,13044,0,,0.063,
283627,0.809,13046,0,,0.063,
283627,0.951,13048,0,,0.063,
283627,1,13050,0,,0.063,
283627,0.951,13052,0,0,0.063,0
283627,0.809,13054,0,,0.063,
283627,0.587,13056,0,,0.063,
283627,0.309,13058,0,,0.063,
283627,0,13060,0,,0.063,
283627,-0.309,13062,0,,0.063,
283627,-0.587,13064,0,,0.063,
283627,-0.809,13066,0,,0.063,
283627,-0.951,13068,0,,0.063,
283627,-1,13070,0,,0.063,
283627,-0.951,13072,0,0,0.063,0
283627,-0.809,13074,0,,0.063,
283627,-0.587,13076,0,,0.063,
283627,-0.309,13078,0,,0.063,
283627,0,13080,0,,0.063,
283627,0.309,13082,0,,0.063,
283627,0.587,13084,0,,0.063,
283627,0.809,13086,0,,0.063,
283627,0.951,13088,0,,0.063,
283627,1,13090,0,,0.063,
283627,0.951,13092,0,0,0.063,0
283627,0.809,13094,0,,0.063,
283627,0.587,13096,0,,0.063,
283627,0.309,13098,0,,0.063,
283627,0,13100,0,,0.063,
283627,-0.309,13102,0,,0.063,
283627,-0.587,13104,0,,0.063,
283627,-0.809,13106,0,,0.063,
283627,-0.951,13108,0,,0.063,
283627,-1,13110,0,,0.063,
283627,-0.951,13112,0,0,0.063,0
283627,-0.809,13114,0,,0.063,
283627,-0.587,13116,0,,0.063,
283627,-0.309,13118,0,,0.063,
283627,0,13120,0,,0.063,
283627,0.309,13122,0,,0.063,
283627,0.587,13124,0,,0.063,
283627,0.809,13126,0,,0.063,
283627,0.951,13128,0,,0.063,
283627,1,13130,0,,0.063,
283627,0.951,13132,0,0,0.063,0
283627,0.809,13134,0,,0.063,
283627,0.587,13136,0,,0.063,
283627,0.309,13138,0,,0.063,
283627,0,13140,0,,0.063,
283627,-0.309,13142,0,,0.063,
283627,-0.587,13144,0,,0.063,
283627,-0.809,13146,0,,0.063,
283627,-0.951,13148,0,,0.063,
283627,-1,13150,0,,0.063,
283627,-0.951,13152,0,0,0.063,0
283627,-0.809,13154,0,,0.063,
283627,-0.587,13156,0,,0.063,
283627,-0.309,13158,0,,0.063,
283627,0,13160,0,,0.063,
283627,0.309,13162,0,,0.063,
283627,0.587,13164,0,,0.063,
283627,0.809,13166,0,,0.063,
283627,0.951,13168,0,,0.063,
283627,1,13170,0,,0.063,
283627,0.951,13172,0,0,0.063,0
283627,0.809,13174,0,,0.063,
283627,0.587,13176,0,,0.063,
283627,0.309,13178,0,,0.063,
283627,0,13180,0,,0.063,
283627,-0.309,13182,0,,0.063,
283627,-0.587,13184,0,,0.063,
283627,-0.809,13186,0,,0.063,
283627,-0.951,13188,0,,0.063,
283627,-1,13190,0,,0.063,
283627,-0.951,13192,0,0,0.063,0
283627,-0.809,13194,0,,0.063,
283627,-0.587,13196,0,,0.063,
283627,-0.309,13198,0,,0.063,
283627,0,13200,0,,0.063,
283627,0.309,13202,0,,0.063,
283627,0.587,13204,0,,0.063,
283627,0.809,13206,0,,0.063,
283627,0.951,13208,0,,0.063,
283627,1,13210,0,,0.063,
283627,0.951,13212,0,0,0.063,0
283627,0.809,13214,0,,0.063,
283627,0.587,13216,0,,0.063,
283627,0.309,13218,0,,0.063,
283627,0,13220,0,,0.063,
283627,-0.309,13222,0,,0.063,
283627,-0.587,13224,0,,0.063,
283627,-0.809,13226,0,,0.063,
283627,-0.951,13228,0,,0.063,
283627,-1,13230,0,,0.063,
283627,-0.951,13232,0,0,0.063,0
283627,-0.809,13234,0,,0.063,
283627,-0.587,13236,0,,0.063,
283627,-0.309,13238,0,,0.063,
283627,0,13240,0,,0.063,
283627,0.309,13242,0,,0.063,
283627,0.587,13244,0,,0.063,
283627,0.809,13246,0,,0.063,
283627,0.951,13248,0,,0.063,
283627,1,13250,0,,0.063,
283627,0.951,13252,0,0,0.063,0
283627,0.809,13254,0,,0.063,
283627,0.587,13256,0,,0.063,
283627,0.309,13258,0,,0.063,
283627,0,13260,0,,0.063,
283627,-0.309,13262,0,,0.063,
283627,-0.587,13264,0,,0.063,
283627,-0.809,13266,0,,0.063,
283627,-0.951,13268,0,,0.063,
283627,-1,13270,0,,0.063,
283627,-0.951,13272,0,0,0.063,0
283627,-0.809,13274,0,,0.063,
283627,-0.587,13276,0,,0.063,
283627,-0.309,13278,0,,0.063,
283627,0,13280,0,,0.063,
283627,0.309,13282,0,,0.063,
283627,0.587,13284,0,,0.063,
283627,0.809,13286,0,,0.063,
283627,0.951,13288,0,,0.063,
283627,1,13290,0,,0.063,
283627,0.951,13292,0,0,0.063,0
283627,0.809,13294,0,,0.063,
283627,0.587,13296,0,,0.063,
283627,0.309,13298,0,,0.063,
283627,0,13300,0,,0.063,
283627,-0.309,13302,0,,0.063,
283627,-0.587,13304,0,,0.063,
283627,-0.809,13306,0,,0.063,
283627,-0.951,13308,0,,0.063,
283627,-1,13310,0,,0.063,
283627,-0.951,13312,0,0,0.063,0
283627,-0.809,13314,0,,0.063,
283627,-0.587,13316,0,,0.063,
283627,-0.309,13318,0,,0.063,
283627,0,13320,0,,0.063,
283627,0.309,13322,0,,0.063,
283627,0.587,13324,0,,0.063,
283627,0.809,13326,0,,0.063,
283627,0.951,13328,0,,0.063,
283627,1,13330,0,,0.063,
283627,0.951,13332,0,0,0.063,0
283627,0.809,13334,0,,0.063,
283627,0.587,13336,0,,0.063,
283627,0.309,13338,0,,0.063,
283627,0,13340,0,,0.063,
283627,-0.309,13342,0,,0.063,
283627,-0.587,13344,0,,0.063,
283627,-0.809,13346,0,,0.063,
283627,-0.951,13348,0,,0.063,
283627,-1,13350,0,,0.063,
283627,-0.951,13352,0,0,0.063,0
283627,-0.809,13354,0,,0.063,
283627,-0.587,13356,0,,0.063,
283627,-0.309,13358,0,,0.063,
283627,0,13360,0,,0.063,
283627,0.309,13362,0,,0.063,
283627,0.587,13364,0,,0.063,
283627,0.809,13366,0,,0.063,
283627,0.951,13368,0,,0.063,
283627,1,13370,0,,0.063,
283627,0.951,13372,0,0,0.063,0
283627,0.809,13374,0,,0.063,
283627,0.587,13376,0,,0.063,
283627,0.309,13378,0,,0.063,
283627,0,13380,0,,0.063,
283627,-0.309,13382,0,,0.063,
283627,-0.587,13384,0,,0.063,
283627,-0.809,13386,0,,0.063,
283627,-0.951,13388,0,,0.063,
283627,-1,13390,0,,0.063,
283627,-0.951,13392,0,0,0.063,0
283627,-0.809,13394,0,,0.063,
283627,-0.587,13396,0,,0.063,
283627,-0.309,13398,0,,0.063,
283627,0,13400,0,,0.063,
283627,0.309,13402,0,,0.063,
283627,0.587,13404,0,,0.063,
283627,0.809,13406,0,,0.063,
283627,0.951,13408,0,,0.063,
283627,1,13410,0,,0.063,
283627,0.951,13412,0,0,0.063,0
283627,0.809,13414,0,,0.063,
283627,0.587,13416,0,,0.063,
283627,0.309,13418,0,,0.063,
283627,0,13420,0,,0.063,
283627,-0.309,13422,0,,0.063,
283627,-0.587,13424,0,,0.063,
283627,-0.809,13426,0,,0.063,
283627,-0.951,13428,0,,0.063,
283627,-1,13430,0,,0.063,
283627,-0.951,13432,0,0,0.063,0
283627,-0.809,13434,0,,0.063,
283627,-0.587,13436,0,,0.063,
283627,-0.309,13438,0,,0.063,
283627,0,13440,0,,0.063,
283627,0.309,13442,0,,0.063,
283627,0.587,13444,0,,0.063,
283627,0.809,13446,0,,0.063,
283627,0.951,13448,0,,0.063,
283627,1,13450,0,,0.063,
283627,0.951,13452,0,0,0.063,0
283627,0.809,13454,0,,0.063,
283627,0.587,13456,0,,0.063,
283627,0.309,13458,0,,0.063,
283627,0,13460,0,,0.063,
283627,-0.309,13462,0,,0.063,
283627,-0.587,13464,0,,0.063,
283627,-0.809,13466,0,,0.063,
283627,-0.951,13468,0,,0.063,
283627,-1,13470,0,,0.063,
283627,-0.951,13472,0,0,0.063,0
283627,-0.809,13474,0,,0.063,
283627,-0.587,13476,0,,0.063,
283627,-0.309,13478,0,,0.063,
283627,0,13480,0,,0.063,
283627,0.309,13482,0,,0.063,
283627,0.587,13484,0,,0.063,
283627,0.809,13486,0,,0.063,
283627,0.951,13488,0,,0.063,
283627,1,13490,0,,0.063,
283627,0.951,13492,0,0,0.063,0
283627,0.809,13494,0,,0.063,
283627,0.587,13496,0,,0.063,
283627,0.309,13498,0,,0.063,
283627,0,13500,0,,0.063,
283627,-0.309,13502,0,,0.063,
283627,-0.587,13504,0,,0.063,
283627,-0.809,13506,0,,0.063,
283627,-0.951,13508,0,,0.063,
283627,-1,13510,0,,0.063,
283627,-0.951,13512,0,0,0.063,0
283627,-0.809,13514,0,,0.063,
283627,-0.587,13516,0,,0.063,
283627,-0.309,13518,0,,0.063,
283627,0,13520,0,,0.063,
283627,0.309,13522,0,,0.063,
283627,0.587,13524,0,,0.063,
283627,0.809,13526,0,,0.063,
283627,0.951,13528,0,,0.063,
283627,1,13530,0,,0.063,
283627,0.951,13532,0,0,0.063,0
283627,0.809,13534,0,,0.063,
283627,0.587,13536,0,,0.063,
283627,0.309,13538,0,,0.063,
283627,0,13540,0,,0.063,
283627,-0.309,13542,0,,0.063,
283627,-0.587,13544,0,,0.063,
283627,-0.809,13546,0,,0.063,
283627,-0.951,13548,0,,0.063,
283627,-1,13550,0,,0.063,
283627,-0.951,13552,0,0,0.063,0
283627,-0.809,13554,0,,0.063,
283627,-0.587,13556,0,,0.063,
283627,-0.309,13558,0,,0.063,
283627,0,13560,0,,0.063,
283627,0.309,13562,0,,0.063,
283627,0.587,13564,0,,0.063,
283627,0.809,13566,0,,0.063,
283627,0.951,13568,0,,0.063,
283627,1,13570,0,,0.063,
283627,0.951,13572,0,0,0.063,0
283627,0.809,13574,0,,0.063,
283627,0.587,13576,0,,0.063,
283627,0.309,13578,0,,0.063,
283627,0,13580,0,,0.063,
283627,-0.309,13582,0,,0.063,
283627,-0.587,13584,0,,0.063,
283627,-0.809,13586,0,,0.063,
283627,-0.951,13588,0,,0.063,
283627,-1,13590,0,,0.063,
283627,-0.951,13592,0,0,0.063,0
283627,-0.809,13594,0,,0.063,
283627,-0.587,13596,0,,0.063,
283627,-0.309,13598,0,,0.063,
283627,0,13600,0,,0.063,
283627,0.309,13602,0,,0.063,
283627,0.587,13604,0,,0.063,
283627,0.809,13606,0,,0.063,
283627,0.951,13608,0,,0.063,
283627,1,13610,0,,0.063,
283627,0.951,13612,0,0,0.063,0
283627,0.809,13614,0,,0.063,
283627,0.587,13616,0,,0.063,
283627,0.309,13618,0,,0.063,
283627,0,13620,0,,0.063,
283627,-0.309,13622,0,,0.063,
283627,-0.587,13624,0,,0.063,
283627,-0.809,13626,0,,0.063,
283627,-0.951,13628,0,,0.063,
283627,-1,13630,0,,0.063,
283627,-0.951,13632,0,0,0.063,0
283627,-0.809,13634,0,,0.063,
283627,-0.587,13636,0,,0.063,
283627,-0.309,13638,0,,0.063,
283627,0,13640,0,,0.063,
283627,0.309,13642,0,,0.063,
283627,0.587,13644,0,,0.063,
283627,0.809,13646,0,,0.063,
283627,0.951,13648,0,,0.063,
283627,1,13650,0,,0.063,
283627,0.951,13652,0,0,0.063,0
283627,0.809,13654,0,,0.063,
283627,0.587,13656,0,,0.063,
283627,0.309,13658,0,,0.063,
283627,0,13660,0,,0.063,
283627,-0.309,13662,0,,0.063,
283627,-0.587,13664,0,,0.063,
283627,-0.809,13666,0,,0.063,
283627,-0.951,13668,0,,0.063,
283627,-1,13670,0,,0.063,
283627,-0.951,13672,0,0,0.063,0
283627,-0.809,13674,0,,0.063,
283627,-0.587,13676,0,,0.063,
283627,-0.309,13678,0,,0.063,
283627,0,13680,0,,0.063,
283627,0.309,13682,0,,0.063,
283627,0.587,13684,0,,0.063,
283627,0.809,13686,0,,0.063,
283627,0.951,13688,0,,0.063,
283627,1,13690,0,,0.063,
283627,0.951,13692,0,0,0.063,0
283627,0.809,13694,0,,0.063,
283627,0.587,13696,0,,0.063,
283627,0.309,13698,0,,0.063,
283627,0,13700,0,,0.063,
283627,-0.309,13702,0,,0.063,
283627,-0.587,13704,0,,0.063,
283627,-0.809,13706,0,,0.063,
283627,-0.951,13708,0,,0.063,
283627,-1,13710,0,,0.063,
283627,-0.951,13712,0,0,0.063,0
283627,-0.809,13714,0,,0.063,
283627,-0.587,13716,0,,0.063,
283627,-0.309,13718,0,,0.063,
283627,0,13720,0,,0.063,
283627,0.309,13722,0,,0.063,
283627,0.587,13724,0,,0.063,
283627,0.809,13726,0,,0.063,
283627,0.951,13728,0,,0.063,
283627,1,13730,0,,0.063,
283627,0.951,13732,0,0,0.063,0
283627,0.809,13734,0,,0.063,
283627,0.587,13736,0,,0.063,
283627,0.309,13738,0,,0.063,
283627,0,13740,0,,0.063,
283627,-0.309,13742,0,,0.063,
283627,-0.587,13744,0,,0.063,
283627,-0.809,13746,0,,0.063,
283627,-0.951,13748,0,,0.063,
283627,-1,13750,0,,0.063,
283627,-0.951,13752,0,0,0.063,0
283627,-0.809,13754,0,,0.063,
283627,-0.587,13756,0,,0.063,
283627,-0.309,13758,0,,0.063,
283627,0,13760,0,,0.063,
283627,0.309,13762,0,,0.063,
283627,0.587,13764,0,,0.063,
283627,0.809,13766,0,,0.063,
283627,0.951,13768,0,,0.063,
283627,1,13770,0,,0.063,
283627,0.951,13772,0,0,0.063,0
283627,0.809,13774,0,,0.063,
283627,0.587,13776,0,,0.063,
283627,0.309,13778,0,,0.063,
283627,0,13780,0,,0.063,
283627,-0.309,13782,0,,0.063,
283627,-0.587,13784,0,,0.063,
283627,-0.809,13786,0,,0.063,
283627,-0.951,13788,0,,0.063,
283627,-1,13790,0,,0.063,
283627,-0.951,13792,0,0,0.063,0
283627,-0.809,13794,0,,0.063,
283627,-0.587,13796,0,,0.063,
283627,-0.309,13798,0,,0.063,
283627,0,13800,0,,0.063,
283627,0.309,13802,0,,0.063,
283627,0.587,13804,0,,0.063,
283627,0.809,13806,0,,0.063,
283627,0.951,13808,0,,0.063,
283627,1,13810,0,,0.063,
283627,0.951,13812,0,0,0.063,0
283627,0.809,13814,0,,0.063,
283627,0.587,13816,0,,0.063,
283627,0.309,13818,0,,0.063,
283627,0,13820,0,,0.063,
283627,-0.309,13822,0,,0.063,
283627,-0.587,13824,0,,0.063,
283627,-0.809,13826,0,,0.063,
283627,-0.951,13828,0,,0.063,
283627,-1,13830,0,,0.063,
283627,-0.951,13832,0,0,0.063,0
283627,-0.809,13834,0,,0.063,
283627,-0.587,13836,0,,0.063,
283627,-0.309,13838,0,,0.063,
283627,0,13840,0,,0.063,
283627,0.309,13842,0,,0.063,
283627,0.587,13844,0,,0.063,
283627,0.809,13846,0,,0.063,
283627,0.951,13848,0,,0.063,
283627,1,13850,0,,0.063,
283627,0.951,13852,0,0,0.063,0
283627,0.809,13854,0,,0.063,
283627,0.587,13856,0,,0.063,
283627,0.309,13858,0,,0.063,
283627,0,13860,0,,0.063,
283627,-0.309,13862,0,,0.063,
283627,-0.587,13864,0,,0.063,
283627,-0.809,13866,0,,0.063,
283627,-0.951,13868,0,,0.063,
283627,-1,13870,0,,0.063,
283627,-0.951,13872,0,0,0.063,0
283627,-0.809,13874,0,,0.063,
283627,-0.587,13876,0,,0.063,
283627,-0.309,13878,0,,0.063,
283627,0,13880,0,,0.063,
283627,0.309,13882,0,,0.063,
283627,0.587,13884,0,,0.063,
283627,0.809,13886,0,,0.063,
283627,0.951,13888,0,,0.063,
283627,1,13890,0,,0.063,
283627,0.951,13892,0,0,0.063,0
283627,0.809,13894,0,,0.063,
283627,0.587,13896,0,,0.063,
283627,0.309,13898,0,,0.063,
283627,0,13900,0,,0.063,
283627,-0.309,13902,0,,0.063,
283627,-0.587,13904,0,,0.063,
283627,-0.809,13906,0,,0.063,
283627,-0.951,13908,0,,0.063,
283627,-1,13910,0,,0.063,
283627,-0.951,13912,0,0,0.063,0
283627,-0.809,13914,0,,0.063,
283627,-0.587,13916,0,,0.063,
283627,-0.309,13918,0,,0.063,
283627,0,13920,0,,0.063,
283627,0.309,13922,0,,0.063,
283627,0.587,13924,0,,0.063,
283627,0.809,13926,0,,0.063,
283627,0.951,13928,0,,0.063,
283627,1,13930,0,,0.063,
283627,0.951,13932,0,0,0.063,0
283627,0.809,13934,0,,0.063,
283627,0.587,13936,0,,0.063,
283627,0.309,13938,0,,0.063,
283627,0,13940,0,,0.063,
283627,-0.309,13942,0,,0.063,
283627,-0.587,13944,0,,0.063,
283627,-0.809,13946,0,,0.063,
283627,-0.951,13948,0,,0.063,
283627,-1,13950,0,,0.063,
283627,-0.951,13952,0,0,0.063,0
283627,-0.809,13954,0,,0.063,
283627,-0.587,13956,0,,0.063,
283627,-0.309,13958,0,,0.063,
283627,0,13960,0,,0.063,
283627,0.309,13962,0,,0.063,
283627,0.587,13964,0,,0.063,
283627,0.809,13966,0,,0.063,
283627,0.951,13968,0,,0.063,
283627,1,13970,0,,0.063,
283627,0.951,13972,0,0,0.063,0
283627,0.809,13974,0,,0.063,
283627,0.587,13976,0,,0.063,
283627,0.309,13978,0,,0.063,
283627,0,13980,0,,0.063,
283627,-0.309,13982,0,,0.063,
283627,-0.587,13984,0,,0.063,
283627,-0.809,13986,0,,0.063,
283627,-0.951,13988,0,,0.063,
283627,-1,13990,0,,0.063,
283627,-0.951,13992,0,0,0.063,0
283627,-0.809,13994,0,,0.063,
283627,-0.587,13996,0,,0.063,
283627,-0.309,13998,0,,0.063,
283627,0,14000,0,,0.063,
283627,0.309,14002,0,,0.063,
283627,0.587,14004,0,,0.063,
283627,0.809,14006,0,,0.063,
283627,0.951,14008,0,,0.063,
283627,1,14010,0,,0.063,
283627,0.951,14012,0,0,0.063,0
283627,0.809,14014,0,,0.063,
283627,0.587,14016,0,,0.063,
283627,0.309,14018,0,,0.063,
283627,0,14020,0,,0.063,
283627,-0.309,14022,0,,0.063,
283627,-0.587,14024,0,,0.063,
283627,-0.809,14026,0,,0.063,
283627,-0.951,14028,0,,0.063,
283627,-1,14030,0,,0.063,
283627,-0.951,14032,0,0,0.063,0
283627,-0.809,14034,0,,0.063,
283627,-0.587,14036,0,,0.063,
283627,-0.309,14038,0,,0.063,
283627,0,14040,0,,0.063,
283627,0.309,14042,0,,0.063,
283627,0.587,14044,0,,0.063,
283627,0.809,14046,0,,0.063,
283627,0.951,14048,0,,0.063,
283627,1,14050,0,,0.063,
283627,0.951,14052,0,0,0.063,0
283627,0.809,14054,0,,0.063,
283627,0.587,14056,0,,0.063,
283627,0.309,14058,0,,0.063,
283627,0,14060,0,,0.063,
283627,-0.309,14062,0,,0.063,
283627,-0.587,14064,0,,0.063,
283627,-0.809,14066,0,,0.063,
283627,-0.951,14068,0,,0.063,
283627,-1,14070,0,,0.063,
283627,-0.951,14072,0,0,0.063,0
283627,-0.809,14074,0,,0.063,
283627,-0.587,14076,0,,0.063,
283627,-0.309,14078,0,,0.063,
283627,0,14080,0,,0.063,
283627,0.309,14082,0,,0.063,
283627,0.587,14084,0,,0.063,
283627,0.809,14086,0,,0.063,
283627,0.951,14088,0,,0.063,
283627,1,14090,0,,0.063,
283627,0.951,14092,0,0,0.063,0
283627,0.809,14094,0,,0.063,
283627,0.587,14096,0,,0.063,
283627,0.309,14098,0,,0.063,
283627,0,14100,0,,0.063,
283627,-0.309,14102,0,,0.063,
283627,-0.587,14104,0,,0.063,
283627,-0.809,14106,0,,0.063,
283627,-0.951,14108,0,,0.063,
283627,-1,14110,0,,0.063,
283627,-0.951,14112,0,0,0.063,0
283627,-0.809,14114,0,,0.063,
283627,-0.587,14116,0,,0.063,
283627,-0.309,14118,0,,0.063,
283627,0,14120,0,,0.063,
283627,0.309,14122,0,,0.063,
283627,0.587,14124,0,,0.063,
283627,0.809,14126,0,,0.063,
283627,0.951,14128,0,,0.063,
283627,1,14130,0,,0.063,
283627,0.951,14132,0,0,0.063,0
283627,0.809,14134,0,,0.063,
283627,0.587,14136,0,,0.063,
283627,0.309,14138,0,,0.063,
283627,0,14140,0,,0.063,
283627,-0.309,14142,0,,0.063,
283627,-0.587,14144,0,,0.063,
283627,-0.809,14146,0,,0.063,
283627,-0.951,14148,0,,0.063,
283627,-1,14150,0,,0.063,
283627,-0.951,14152,0,0,0.063,0
283627,-0.809,14154,0,,0.063,
283627,-0.587,14156,0,,0.063,
283627,-0.309,14158,0,,0.063,
283627,0,14160,0,,0.063,
283627,0.309,14162,0,,0.063,
283627,0.587,14164,0,,0.063,
283627,0.809,14166,0,,0.063,
283627,0.951,14168,0,,0.063,
283627,1,14170,0,,0.063,
283627,0.951,14172,0,0,0.063,0
283627,0.809,14174,0,,0.063,
283627,0.587,14176,0,,0.063,
283627,0.309,14178,0,,0.063,
283627,0,14180,0,,0.063,
283627,-0.309,14182,0,,0.063,
283627,-0.587,14184,0,,0.063,
283627,-0.809,14186,0,,0.063,
283627,-0.951,14188,0,,0.063,
283627,-1,14190,0,,0.063,
283627,-0.951,14192,0,0,0.063,0
283627,-0.809,14194,0,,0.063,
283627,-0.587,14196,0,,0.063,
283627,-0.309,14198,0,,0.063,
283627,0,14200,0,,0.063,
283627,0.309,14202,0,,0.063,
283627,0.587,14204,0,,0.063,
283627,0.809,14206,0,,0.063,
283627,0.951,14208,0,,0.063,
283627,1,14210,0,,0.063,
283627,0.951,14212,0,0,0.063,0
283627,0.809,14214,0,,0.063,
283627,0.587,14216,0,,0.063,
283627,0.309,14218,0,,0.063,
283627,0,14220,0,,0.063,
283627,-0.309,14222,0,,0.063,
283627,-0.587,14224,0,,0.063,
283627,-0.809,14226,0,,0.063,
283627,-0.951,14228,0,,0.063,
283627,-1,14230,0,,0.063,
283627,-0.951,14232,0,0,0.063,0
283627,-0.809,14234,0,,0.063,
283627,-0.587,14236,0,,0.063,
283627,-0.309,14238,0,,0.063,
283627,0,14240,0,,0.063,
283627,0.309,14242,0,,0.063,
283627,0.587,14244,0,,0.063,
283627,0.809,14246,0,,0.063,
283627,0.951,14248,0,,0.063,
283627,1,14250,0,,0.063,
283627,0.951,14252,0,0,0.063,0
283627,0.809,14254,0,,0.063,
283627,0.587,14256,0,,0.063,
283627,0.309,14258,0,,0.063,
283627,0,14260,0,,0.063,
283627,-0.309,14262,0,,0.063,
283627,-0.587,14264,0,,0.063,
283627,-0.809,14266,0,,0.063,
283627,-0.951,14268,0,,0.063,
283627,-1,14270,0,,0.063,
283627,-0.951,14272,0,0,0.063,0
283627,-0.809,14274,0,,0.063,
283627,-0.587,14276,0,,0.063,
283627,-0.309,14278,0,,0.063,
283627,0,14280,0,,0.063,
283627,0.309,14282,0,,0.063,
283627,0.587,14284,0,,0.063,
283627,0.809,14286,0,,0.063,
283627,0.951,14288,0,,0.063,
283627,1,14290,0,,0.063,
283627,0.951,14292,0,0,0.063,0
283627,0.809,14294,0,,0.063,
283627,0.587,14296,0,,0.063,
283627,0.309,14298,0,,0.063,
283627,0,14300,0,,0.063,
283627,-0.309,14302,0,,0.063,
283627,-0.587,14304,0,,0.063,
283627,-0.809,14306,0,,0.063,
283627,-0.951,14308,0,,0.063,
283627,-1,14310,0,,0.063,
283627,-0.951,14312,0,0,0.063,0
283627,-0.809,14314,0,,0.063,
283627,-0.587,14316,0,,0.063,
283627,-0.309,14318,0,,0.063,
283627,0,14320,0,,0.063,
283627,0.309,14322,0,,0.063,
283627,0.587,14324,0,,0.063,
283627,0.809,14326,0,,0.063,
283627,0.951,14328,0,,0.063,
283627,1,14330,0,,0.063,
283627,0.951,14332,0,0,0.063,0
283627,0.809,14334,0,,0.063,
283627,0.587,14336,0,,0.063,
283627,0.309,14338,0,,0.063,
283627,0,14340,0,,0.063,
283627,-0.309,14342,0,,0.063,
283627,-0.587,14344,0,,0.063,
283627,-0.809,14346,0,,0.063,
283627,-0.951,14348,0,,0.063,
283627,-1,14350,0,,0.063,
283627,-0.951,14352,0,0,0.063,0
283627,-0.809,14354,0,,0.063,
283627,-0.587,14356,0,,0.063,
283627,-0.309,14358,0,,0.063,
283627,0,14360,0,,0.063,
283627,0.309,14362,0,,0.063,
283627,0.587,14364,0,,0.063,
283627,0.809,14366,0,,0.063,
283627,0.951,14368,0,,0.063,
283627,1,14370,0,,0.063,
283627,0.951,14372,0,0,0.063,0
283627,0.809,14374,0,,0.063,
283627,0.587,14376,0,,0.063,
283627,0.309,14378,0,,0.063,
283627,0,14380,0,,0.063,
283627,-0.309,14382,0,,0.063,
283627,-0.587,14384,0,,0.063,
283627,-0.809,14386,0,,0.063,
283627,-0.951,14388,0,,0.063,
283627,-1,14390,0,,0.063,
283627,-0.951,14392,0,0,0.063,0
283627,-0.809,14394,0,,0.063,
283627,-0.587,14396,0,,0.063,
283627,-0.309,14398,0,,0.063,
283627,0,14400,0,,0.063,
283627,0.309,14402,0,,0.063,
283627,0.587,14404,0,,0.063,
283627,0.809,14406,0,,0.063,
283627,0.951,14408,0,,0.063,
283627,1,14410,0,,0.063,
283627,0.951,14412,0,0,0.063,0
283627,0.809,14414,0,,0.063,
283627,0.587,14416,0,,0.063,
283627,0.309,14418,0,,0.063,
283627,0,14420,0,,0.063,
283627,-0.309,14422,0,,0.063,
283627,-0.587,14424,0,,0.063,
283627,-0.809,14426,0,,0.063,
283627,-0.951,14428,0,,0.063,
283627,-1,14430,0,,0.063,
283627,-0.951,14432,0,0,0.063,0
283627,-0.809,14434,0,,0.063,
283627,-0.587,14436,0,,0.063,
283627,-0.309,14438,0,,0.063,
283627,0,14440,0,,0.063,
283627,0.309,14442,0,,0.063,
283627,0.587,14444,0,,0.063,
283627,0.809,14446,0,,0.063,
283627,0.951,14448,0,,0.063,
283627,1,14450,0,,0.063,
283627,0.951,14452,0,0,0.063,0
283627,0.809,14454,0,,0.063,
283627,0.587,14456,0,,0.063,
283627,0.309,14458,0,,0.063,
283627,0,14460,0,,0.063,
283627,-0.309,14462,0,,0.063,
283627,-0.587,14464,0,,0.063,
283627,-0.809,14466,0,,0.063,
283627,-0.951,14468,0,,0.063,
283627,-1,14470,0,,0.063,
283627,-0.951,14472,0,0,0.063,0
283627,-0.809,14474,0,,0.063,
283627,-0.587,14476,0,,0.063,
283627,-0.309,14478,0,,0.063,
283627,0,14480,0,,0.063,
283627,0.309,14482,0,,0.063,
283627,0.587,14484,0,,0.063,
283627,0.809,14486,0,,0.063,
283627,0.951,14488,0,,0.063,
283627,1,14490,0,,0.063,
283627,0.951,14492,0,0,0.063,0
283627,0.809,14494,0,,0.063,
283627,0.587,14496,0,,0.063,
283627,0.309,14498,0,,0.063,
283627,0,14500,0,,0.063,
283627,-0.309,14502,0,,0.063,
283627,-0.587,14504,0,,0.063,
283627,-0.809,14506,0,,0.063,
283627,-0.951,14508,0,,0.063,
283627,-1,14510,0,,0.063,
283627,-0.951,14512,0,0,0.063,0
283627,-0.809,14514,0,,0.063,
283627,-0.587,14516,0,,0.063,
283627,-0.309,14518,0,,0.063,
283627,0,14520,0,,0.063,
283627,0.309,14522,0,,0.063,
283627,0.587,14524,0,,0.063,
283627,0.809,14526,0,,0.063,
283627,0.951,14528,0,,0.063,
283627,1,14530,0,,0.063,
283627,0.951,14532,0,0,0.063,0
283627,0.809,14534,0,,0.063,
283627,0.587,14536,0,,0.063,
283627,0.309,14538,0,,0.063,
283627,0,14540,0,,0.063,
283627,-0.309,14542,0,,0.063,
283627,-0.587,14544,0,,0.063,
283627,-0.809,14546,0,,0.063,
283627,-0.951,14548,0,,0.063,
283627,-1,14550,0,,0.063,
283627,-0.951,14552,0,0,0.063,0
283627,-0.809,14554,0,,0.063,
283627,-0.587,14556,0,,0.063,
283627,-0.309,14558,0,,0.063,
283627,0,14560,0,,0.063,
283627,0.309,14562,0,,0.063,
283627,0.587,14564,0,,0.063,
283627,0.809,14566,0,,0.063,
283627,0.951,14568,0,,0.063,
283627,1,14570,0,,0.063,
283627,0.951,14572,0,0,0.063,0
283627,0.809,14574,0,,0.063,
283627,0.587,14576,0,,0.063,
283627,0.309,14578,0,,0.063,
283627,0,14580,0,,0.063,
283627,-0.309,14582,0,,0.063,
283627,-0.587,14584,0,,0.063,
283627,-0.809,14586,0,,0.063,
283627,-0.951,14588,0,,0.063,
283627,-1,14590,0,,0.063,
283627,-0.951,14592,0,0,0.063,0
283627,-0.809,14594,0,,0.063,
283627,-0.587,14596,0,,0.063,
283627,-0.309,14598,0,,0.063,
283627,0,14600,0,,0.063,
283627,0.309,14602,0,,0.063,
283627,0.587,14604,0,,0.063,
283627,0.809,14606,0,,0.063,
283627,0.951,14608,0,,0.063,
283627,1,14610,0,,0.063,
283627,0.951,14612,0,0,0.063,0
283627,0.809,14614,0,,0.063,
283627,0.587,14616,0,,0.063,
283627,0.309,14618,0,,0.063,
283627,0,14620,0,,0.063,
283627,-0.309,14622,0,,0.063,
283627,-0.587,14624,0,,0.063,
283627,-0.809,14626,0,,0.063,
283627,-0.951,14628,0,,0.063,
283627,-1,14630,0,,0.063,
283627,-0.951,14632,0,0,0.063,0
283627,-0.809,14634,0,,0.063,
283627,-0.587,14636,0,,0.063,
283627,-0.309,14638,0,,0.063,
283627,0,14640,0,,0.063,
283627,0.309,14642,0,,0.063,
283627,0.587,14644,0,,0.063,
283627,0.809,14646,0,,0.063,
283627,0.951,14648,0,,0.063,
283627,1,14650,0,,0.063,
283627,0.951,14652,0,0,0.063,0
283627,0.809,14654,0,,0.063,
283627,0.587,14656,0,,0.063,
283627,0.309,14658,0,,0.063,
283627,0,14660,0,,0.063,
283627,-0.309,14662,0,,0.063,
283627,-0.587,14664,0,,0.063,
283627,-0.809,14666,0,,0.063,
283627,-0.951,14668,0,,0.063,
283627,-1,14670,0,,0.063,
283627,-0.951,14672,0,0,0.063,0
283627,-0.809,14674,0,,0.063,
283627,-0.587,14676,0,,0.063,
283627,-0.309,14678,0,,0.063,
283627,0,14680,0,,0.063,
283627,0.309,14682,0,,0.063,
283627,0.587,14684,0,,0.063,
283627,0.809,14686,0,,0.063,
283627,0.951,14688,0,,0.063,
283627,1,14690,0,,0.063,
283627,0.951,14692,0,0,0.063,0
283627,0.809,14694,0,,0.063,
283627,0.587,14696,0,,0.063,
283627,0.309,14698,0,,0.063,
283627,0,14700,0,,0.063,
283627,-0.309,14702,0,,0.063,
283627,-0.587,14704,0,,0.063,
283627,-0.809,14706,0,,0.063,
283627,-0.951,14708,0,,0.063,
283627,-1,14710,0,,0.063,
283627,-0.951,14712,0,0,0.063,0
283627,-0.809,14714,0,,0.063,
283627,-0.587,14716,0,,0.063,
283627,-0.309,14718,0,,0.063,
283627,0,14720,0,,0.063,
283627,0.309,14722,0,,0.063,
283627,0.587,14724,0,,0.063,
283627,0.809,14726,0,,0.063,
283627,0.951,14728,0,,0.063,
283627,1,14730,0,,0.063,
283627,0.951,14732,0,0,0.063,0
283627,0.809,14734,0,,0.063,
283627,0.587,14736,0,,0.063,
283627,0.309,14738,0,,0.063,
283627,0,14740,0,,0.063,
283627,-0.309,14742,0,,0.063,
283627,-0.587,14744,0,,0.063,
283627,-0.809,14746,0,,0.063,
283627,-0.951,14748,0,,0.063,
283627,-1,14750,0,,0.063,
283627,-0.951,14752,0,0,0.063,0
283627,-0.809,14754,0,,0.063,
283627,-0.587,14756,0,,0.063,
283627,-0.309,14758,0,,0.063,
283627,0,14760,0,,0.063,
283627,0.309,14762,0,,0.063,
283627,0.587,14764,0,,0.063,
283627,0.809,14766,0,,0.063,
283627,0.951,14768,0,,0.063,
283627,1,14770,0,,0.063,
283627,0.951,14772,0,0,0.063,0
283627,0.809,14774,0,,0.063,
283627,0.587,14776,0,,0.063,
283627,0.309,14778,0,,0.063,
283627,0,14780,0,,0.063,
283627,-0.309,14782,0,,0.063,
283627,-0.587,14784,0,,0.063,
283627,-0.809,14786,0,,0.063,
283627,-0.951,14788,0,,0.063,
283627,-1,14790,0,,0.063,
283627,-0.951,14792,0,0,0.063,0
283627,-0.809,14794,0,,0.063,
283627,-0.587,14796,0,,0.063,
283627,-0.309,14798,0,,0.063,
283627,0,14800,0,,0.063,
283627,0.309,14802,0,,0.063,
283627,0.587,14804,0,,0.063,
283627,0.809,14806,0,,0.063,
283627,0.951,14808,0,,0.063,
283627,1,14810,0,,0.063,
283627,0.951,14812,0,0,0.063,0
283627,0.809,14814,0,,0.063,
283627,0.587,14816,0,,0.063,
283627,0.309,14818,0,,0.063,
283627,0,14820,0,,0.063,
283627,-0.309,14822,0,,0.063,
283627,-0.587,14824,0,,0.063,
283627,-0.809,14826,0,,0.063,
283627,-0.951,14828,0,,0.063,
283627,-1,14830,0,,0.063,
283627,-0.951,14832,0,0,0.063,0
283627,-0.809,14834,0,,0.063,
283627,-0.587,14836,0,,0.063,
283627,-0.309,14838,0,,0.063,
283627,0,14840,0,,0.063,
283627,0.309,14842,0,,0.063,
283627,0.587,14844,0,,0.063,
283627,0.809,14846,0,,0.063,
283627,0.951,14848,0,,0.063,
283627,1,14850,0,,0.063,
283627,0.951,14852,0,0,0.063,0
283627,0.809,14854,0,,0.063,
283627,0.587,14856,0,,0.063,
283627,0.309,14858,0,,0.063,
283627,0,14860,0,,0.063,
283627,-0.309,14862,0,,0.063,
283627,-0.587,14864,0,,0.063,
283627,-0.809,14866,0,,0.063,
283627,-0.951,14868,0,,0.063,
283627,-1,14870,0,,0.063,
283627,-0.951,14872,0,0,0.063,0
283627,-0.809,14874,0,,0.063,
283627,-0.587,14876,0,,0.063,
283627,-0.309,14878,0,,0.063,
283627,0,14880,0,,0.063,
283627,0.309,14882,0,,0.063,
283627,0.587,14884,0,,0.063,
283627,0.809,14886,0,,0.063,
283627,0.951,14888,0,,0.063,
283627,1,14890,0,,0.063,
283627,0.951,14892,0,0,0.063,0
283627,0.809,14894,0,,0.063,
283627,0.587,14896,0,,0.063,
283627,0.309,14898,0,,0.063,
283627,0,14900,0,,0.063,
283627,-0.309,14902,0,,0.063,
283627,-0.587,14904,0,,0.063,
283627,-0.809,14906,0,,0.063,
283627,-0.951,14908,0,,0.063,
283627,-1,14910,0,,0.063,
283627,-0.951,14912,0,0,0.063,0
283627,-0.809,14914,0,,0.063,
283627,-0.587,14916,0,,0.063,
283627,-0.309,14918,0,,0.063,
283627,0,14920,0,,0.063,
283627,0.309,14922,0,,0.063,
283627,0.587,14924,0,,0.063,
283627,0.809,14926,0,,0.063,
283627,0.951,14928,0,,0.063,
283627,1,14930,0,,0.063,
283627,0.951,14932,0,0,0.063,0
283627,0.809,14934,0,,0.063,
283627,0.587,14936,0,,0.063,
283627,0.309,14938,0,,0.063,
283627,0,14940,0,,0.063,
283627,-0.309,14942,0,,0.063,
283627,-0.587,14944,0,,0.063,
283627,-0.809,14946,0,,0.063,
283627,-0.951,14948,0,,0.063,
283627,-1,14950,0,,0.063,
283627,-0.951,14952,0,0,0.063,0
283627,-0.809,14954,0,,0.063,
283627,-0.587,14956,0,,0.063,
283627,-0.309,14958,0,,0.063,
283627,0,14960,0,,0.063,
283627,0.309,14962,0,,0.063,
283627,0.587,14964,0,,0.063,
283627,0.809,14966,0,,0.063,
283627,0.951,14968,0,,0.063,
283627,1,14970,0,,0.063,
283627,0.951,14972,0,0,0.063,0
283627,0.809,14974,0,,0.063,
283627,0.587,14976,0,,0.063,
283627,0.309,14978,0,,0.063,
283627,0,14980,0,,0.063,
283627,-0.309,14982,0,,0.063,
283627,-0.587,14984,0,,0.063,
283627,-0.809,14986,0,,0.063,
283627,-0.951,14988,0,,0.063,
283627,-1,14990,0,,0.063,
283627,-0.951,14992,0,0,0.063,0
283627,-0.809,14994,0,,0.063,
283627,-0.587,14996,0,,0.063,
283627,-0.309,14998,0,,0.063,
283627,0,15000,0,,0.063,
283627,0.309,15002,0,,0.063,
283627,0.587,15004,0,,0.063,
283627,0.809,15006,0,,0.063,
283627,0.951,15008,0,,0.063,
283627,1,15010,0,,0.063,
283627,0.951,15012,0,0,0.063,0
283627,0.809,15014,0,,0.063,
283627,0.587,15016,0,,0.063,
283627,0.309,15018,0,,0.063,
283627,0,15020,0,,0.063,
283627,-0.309,15022,0,,0.063,
283627,-0.587,15024,0,,0.063,
283627,-0.809,15026,0,,0.063,
283627,-0.951,15028,0,,0.063,
283627,-1,15030,0,,0.063,
283627,-0.951,15032,0,0,0.063,0
283627,-0.809,15034,0,,0.063,
283627,-0.587,15036,0,,0.063,
283627,-0.309,15038,0,,0.063,
283627,0,15040,0,,0.063,
283627,0.309,15042,0,,0.063,
283627,0.587,15044,0,,0.063,
283627,0.809,15046,0,,0.063,
283627,0.951,15048,0,,0.063,
283627,1,15050,0,,0.063,
283627,0.951,15052,0,0,0.063,0
283627,0.809,15054,0,,0.063,
283627,0.587,15056,0,,0.063,
283627,0.309,15058,0,,0.063,
283627,0,15060,0,,0.063,
283627,-0.309,15062,0,,0.063,
283627,-0.587,15064,0,,0.063,
283627,-0.809,15066,0,,0.063,
283627,-0.951,15068,0,,0.063,
283627,-1,15070,0,,0.063,
283627,-0.951,15072,0,0,0.063,0
283627,-0.809,15074,0,,0.063,
283627,-0.587,15076,0,,0.063,
283627,-0.309,15078,0,,0.063,
283627,0,15080,0,,0.063,
283627,0.309,15082,0,,0.063,
283627,0.587,15084,0,,0.063,
283627,0.809,15086,0,,0.063,
283627,0.951,15088,0,,0.063,
283627,1,15090,0,,0.063,
283627,0.951,15092,0,0,0.063,0
283627,0.809,15094,0,,0.063,
283627,0.587,15096,0,,0.063,
283627,0.309,15098,0,,0.063,
283627,0,15100,0,,0.063,
283627,-0.309,15102,0,,0.063,
283627,-0.587,15104,0,,0.063,
283627,-0.809,15106,0,,0.063,
283627,-0.951,15108,0,,0.063,
283627,-1,15110,0,,0.063,
283627,-0.951,15112,0,0,0.063,0
283627,-0.809,15114,0,,0.063,
283627,-0.587,15116,0,,0.063,
283627,-0.309,15118,0,,0.063,
283627,0,15120,0,,0.063,
283627,0.309,15122,0,,0.063,
283627,0.587,15124,0,,0.063,
283627,0.809,15126,0,,0.063,
283627,0.951,15128,0,,0.063,
283627,1,15130,0,,0.063,
283627,0.951,15132,0,0,0.063,0
283627,0.809,15134,0,,0.063,
283627,0.587,15136,0,,0.063,
283627,0.309,15138,0,,0.063,
283627,0,15140,0,,0.063,
283627,-0.309,15142,0,,0.063,
283627,-0.587,15144,0,,0.063,
283627,-0.809,15146,0,,0.063,
283627,-0.951,15148,0,,0.063,
283627,-1,15150,0,,0.063,
283627,-0.951,15152,0,0,0.063,0
283627,-0.809,15154,0,,0.063,
283627,-0.587,15156,0,,0.063,
283627,-0.309,15158,0,,0.063,
283627,0,15160,0,,0.063,
283627,0.309,15162,0,,0.063,
283627,0.587,15164,0,,0.063,
283627,0.809,15166,0,,0.063,
283627,0.951,15168,0,,0.063,
283627,1,15170,0,,0.063,
283627,0.951,15172,0,0,0.063,0
283627,0.809,15174,0,,0.063,
283627,0.587,15176,0,,0.063,
283627,0.309,15178,0,,0.063,
283627,0,15180,0,,0.063,
283627,-0.309,15182,0,,0.063,
283627,-0.587,15184,0,,0.063,
283627,-0.809,15186,0,,0.063,
283627,-0.951,15188,0,,0.063,
283627,-1,15190,0,,0.063,
283627,-0.951,15192,0,0,0.063,0
283627,-0.809,15194,0,,0.063,
283627,-0.587,15196,0,,0.063,
283627,-0.309,15198,0,,0.063,
283627,0,15200,0,,0.063,
283627,0.309,15202,0,,0.063,
283627,0.587,15204,0,,0.063,
283627,0.809,15206,0,,0.063,
283627,0.951,15208,0,,0.063,
283627,1,15210,0,,0.063,
283627,0.951,15212,0,0,0.063,0
283627,0.809,15214,0,,0.063,
283627,0.587,15216,0,,0.063,
283627,0.309,15218,0,,0.063,
283627,0,15220,0,,0.063,
283627,-0.309,15222,0,,0.063,
283627,-0.587,15224,0,,0.063,
283627,-0.809,15226,0,,0.063,
283627,-0.951,15228,0,,0.063,
283627,-1,15230,0,,0.063,
283627,-0.951,15232,0,0,0.063,0
283627,-0.809,15234,0,,0.063,
283627,-0.587,15236,0,,0.063,
283627,-0.309,15238,0,,0.063,
283627,0,15240,0,,0.063,
283627,0.309,15242,0,,0.063,
283627,0.587,15244,0,,0.063,
283627,0.809,15246,0,,0.063,
283627,0.951,15248,0,,0.063,
283627,1,15250,0,,0.063,
283627,0.951,15252,0,0,0.063,0
283627,0.809,15254,0,,0.063,
283627,0.587,15256,0,,0.063,
283627,0.309,15258,0,,0.063,
283627,0,15260,0,,0.063,
283627,-0.309,15262,0,,0.063,
283627,-0.587,15264,0,,0.063,
283627,-0.809,15266,0,,0.063,
283627,-0.951,15268,0,,0.063,
283627,-1,15270,0,,0.063,
283627,-0.951,15272,0,0,0.063,0
283627,-0.809,15274,0,,0.063,
283627,-0.587,15276,0,,0.063,
283627,-0.309,15278,0,,0.063,
283627,0,15280,0,,0.063,
283627,0.309,15282,0,,0.063,
283627,0.587,15284,0,,0.063,
283627,0.809,15286,0,,0.063,
283627,0.951,15288,0,,0.063,
283627,1,15290,0,,0.063,
283627,0.951,15292,0,0,0.063,0
283627,0.809,15294,0,,0.063,
283627,0.587,15296,0,,0.063,
283627,0.309,15298,0,,0.063,
283627,0,15300,0,,0.063,
283627,-0.309,15302,0,,0.063,
283627,-0.587,15304,0,,0.063,
283627,-0.809,15306,0,,0.063,
283627,-0.951,15308,0,,0.063,
283627,-1,15310,0,,0.063,
283627,-0.951,15312,0,0,0.063,0
283627,-0.809,15314,0,,0.063,
283627,-0.587,15316,0,,0.063,
283627,-0.309,15318,0,,0.063,
283627,0,15320,0,,0.063,
283627,0.309,15322,0,,0.063,
283627,0.587,15324,0,,0.063,
283627,0.809,15326,0,,0.063,
283627,0.951,15328,0,,0.063,
283627,1,15330,0,,0.063,
283627,0.951,15332,0,0,0.063,0
283627,0.809,15334,0,,0.063,
283627,0.587,15336,0,,0.063,
283627,0.309,15338,0,,0.063,
283627,0,15340,0,,0.063,
283627,-0.309,15342,0,,0.063,
283627,-0.587,15344,0,,0.063,
283627,-0.809,15346,0,,0.063,
283627,-0.951,15348,0,,0.063,
283627,-1,15350,0,,0.063,
283627,-0.951,15352,0,0,0.063,0
283627,-0.809,15354,0,,0.063,
283627,-0.587,15356,0,,0.063,
283627,-0.309,15358,0,,0.063,
283627,0,15360,0,,0.063,
283627,0.309,15362,0,,0.063,
283627,0.587,15364,0,,0.063,
283627,0.809,15366,0,,0.063,
283627,0.951,15368,0,,0.063,
283627,1,15370,0,,0.063,
283627,0.951,15372,0,0,0.063,0
283627,0.809,15374,0,,0.063,
283627,0.587,15376,0,,0.063,
283627,0.309,15378,0,,0.063,
283627,0,15380,0,,0.063,
283627,-0.309,15382,0,,0.063,
283627,-0.587,15384,0,,0.063,
283627,-0.809,15386,0,,0.063,
283627,-0.951,15388,0,,0.063,
283627,-1,15390,0,,0.063,
283627,-0.951,15392,0,0,0.063,0
283627,-0.809,15394,0,,0.063,
283627,-0.587,15396,0,,0.063,
283627,-0.309,15398,0,,0.063,
283627,0,15400,0,,0.063,
283627,0.309,15402,0,,0.063,
283627,0.587,15404,0,,0.063,
283627,0.809,15406,0,,0.063,
283627,0.951,15408,0,,0.063,
283627,1,15410,0,,0.063,
283627,0.951,15412,0,0,0.063,0
283627,0.809,15414,0,,0.063,
283627,0.587,15416,0,,0.063,
283627,0.309,15418,0,,0.063,
283627,0,15420,0,,0.063,
283627,-0.309,15422,0,,0.063,
283627,-0.587,15424,0,,0.063,
283627,-0.809,15426,0,,0.063,
283627,-0.951,15428,0,,0.063,
283627,-1,15430,0,,0.063,
283627,-0.951,15432,0,0,0.063,0
283627,-0.809,15434,0,,0.063,
283627,-0.587,15436,0,,0.063,
283627,-0.309,15438,0,,0.063,
283627,0,15440,0,,0.063,
283627,0.309,15442,0,,0.063,
283627,0.587,15444,0,,0.063,
283627,0.809,15446,0,,0.063,
283627,0.951,15448,0,,0.063,
283627,1,15450,0,,0.063,
283627,0.951,15452,0,0,0.063,0
283627,0.809,15454,0,,0.063,
283627,0.587,15456,0,,0.063,
283627,0.309,15458,0,,0.063,
283627,0,15460,0,,0.063,
283627,-0.309,15462,0,,0.063,
283627,-0.587,15464,0,,0.063,
283627,-0.809,15466,0,,0.063,
283627,-0.951,15468,0,,0.063,
283627,-1,15470,0,,0.063,
283627,-0.951,15472,0,0,0.063,0
283627,-0.809,15474,0,,0.063,
283627,-0.587,15476,0,,0.063,
283627,-0.309,15478,0,,0.063,
283627,0,15480,0,,0.063,
283627,0.309,15482,0,,0.063,
283627,0.587,15484,0,,0.063,
283627,0.809,15486,0,,0.063,
283627,0.951,15488,0,,0.063,
283627,1,15490,0,,0.063,
283627,0.951,15492,0,0,0.063,0
283627,0.809,15494,0,,0.063,
283627,0.587,15496,0,,0.063,
283627,0.309,15498,0,,0.063,
283627,0,15500,0,,0.063,
283627,-0.309,15502,0,,0.063,
283627,-0.587,15504,0,,0.063,
283627,-0.809,15506,0,,0.063,
283627,-0.951,15508,0,,0.063,
283627,-1,15510,0,,0.063,
283627,-0.951,15512,0,0,0.063,0
283627,-0.809,15514,0,,0.063,
283627,-0.587,15516,0,,0.063,
283627,-0.309,15518,0,,0.063,
283627,0,15520,0,,0.063,
283627,0.309,15522,0,,0.063,
283627,0.587,15524,0,,0.063,
283627,0.809,15526,0,,0.063,
283627,0.951,15528,0,,0.063,
283627,1,15530,0,,0.063,
283627,0.951,15532,0,0,0.063,0
283627,0.809,15534,0,,0.063,
283627,0.587,15536,0,,0.063,
283627,0.309,15538,0,,0.063,
283627,0,15540,0,,0.063,
283627,-0.309,15542,0,,0.063,
283627,-0.587,15544,0,,0.063,
283627,-0.809,15546,0,,0.063,
283627,-0.951,15548,0,,0.063,
283627,-1,15550,0,,0.063,
283627,-0.951,15552,0,0,0.063,0
283627,-0.809,15554,0,,0.063,
283627,-0.587,15556,0,,0.063,
283627,-0.309,15558,0,,0.063,
283627,0,15560,0,,0.063,
283627,0.309,15562,0,,0.063,
283627,0.587,15564,0,,0.063,
283627,0.809,15566,0,,0.063,
283627,0.951,15568,0,,0.063,
283627,1,15570,0,,0.063,
283627,0.951,15572,0,0,0.063,0
283627,0.809,15574,0,,0.063,
283627,0.587,15576,0,,0.063,
283627,0.309,15578,0,,0.063,
283627,0,15580,0,,0.063,
283627,-0.309,15582,0,,0.063,
283627,-0.587,15584,0,,0.063,
283627,-0.809,15586,0,,0.063,
283627,-0.951,15588,0,,0.063,
283627,-1,15590,0,,0.063,
283627,-0.951,15592,0,0,0.063,0
283627,-0.809,15594,0,,0.063,
283627,-0.587,15596,0,,0.063,
283627,-0.309,15598,0,,0.063,
283627,0,15600,0,,0.063,
283627,0.309,15602,0,,0.063,
283627,0.587,15604,0,,0.063,
283627,0.809,15606,0,,0.063,
283627,0.951,15608,0,,0.063,
283627,1,15610,0,,0.063,
283627,0.951,15612,0,0,0.063,0
283627,0.809,15614,0,,0.063,
283627,0.587,15616,0,,0.063,
283627,0.309,15618,0,,0.063,
283627,0,15620,0,,0.063,
283627,-0.309,15622,0,,0.063,
283627,-0.587,15624,0,,0.063,
283627,-0.809,15626,0,,0.063,
283627,-0.951,15628,0,,0.063,
283627,-1,15630,0,,0.063,
283627,-0.951,15632,0,0,0.063,0
283627,-0.809,15634,0,,0.063,
283627,-0.587,15636,0,,0.063,
283627,-0.309,15638,0,,0.063,
283627,0,15640,0,,0.063,
283627,0.309,15642,0,,0.063,
283627,0.587,15644,0,,0.063,
283627,0.809,15646,0,,0.063,
283627,0.951,15648,0,,0.063,
283627,1,15650,0,,0.063,
283627,0.951,15652,0,0,0.063,0
283627,0.809,15654,0,,0.063,
283627,0.587,15656,0,,0.063,
283627,0.309,15658,0,,0.063,
283627,0,15660,0,,0.063,
283627,-0.309,15662,0,,0.063,
283627,-0.587,15664,0,,0.063,
283627,-0.809,15666,0,,0.063,
283627,-0.951,15668,0,,0.063,
283627,-1,15670,0,,0.063,
283627,-0.951,15672,0,0,0.063,0
283627,-0.809,15674,0,,0.063,
283627,-0.587,15676,0,,0.063,
283627,-0.309,15678,0,,0.063,
283627,0,15680,0,,0.063,
283627,0.309,15682,0,,0.063,
283627,0.587,15684,0,,0.063,
283627,0.809,15686,0,,0.063,
283627,0.951,15688,0,,0.063,
283627,1,15690,0,,0.063,
283627,0.951,15692,0,0,0.063,0
283627,0.809,15694,0,,0.063,
283627,0.587,15696,0,,0.063,
283627,0.309,15698,0,,0.063,
283627,0,15700,0,,0.063,
283627,-0.309,15702,0,,0.063,
283627,-0.587,15704,0,,0.063,
283627,-0.809,15706,0,,0.063,
283627,-0.951,15708,0,,0.063,
283627,-1,15710,0,,0.063,
283627,-0.951,15712,0,0,0.063,0
283627,-0.809,15714,0,,0.063,
283627,-0.587,15716,0,,0.063,
283627,-0.309,15718,0,,0.063,
283627,0,15720,0,,0.063,
283627,0.309,15722,0,,0.063,
283627,0.587,15724,0,,0.063,
283627,0.809,15726,0,,0.063,
283627,0.951,15728,0,,0.063,
283627,1,15730,0,,0.063,
283627,0.951,15732,0,0,0.063,0
283627,0.809,15734,0,,0.063,
283627,0.587,15736,0,,0.063,
283627,0.309,15738,0,,0.063,
283627,0,15740,0,,0.063,
283627,-0.309,15742,0,,0.063,
283627,-0.587,15744,0,,0.063,
283627,-0.809,15746,0,,0.063,
283627,-0.951,15748,0,,0.063,
283627,-1,15750,0,,0.063,
283627,-0.951,15752,0,0,0.063,0
283627,-0.809,15754,0,,0.063,
283627,-0.587,15756,0,,0.063,
283627,-0.309,15758,0,,0.063,
283627,0,15760,0,,0.063,
283627,0.309,15762,0,,0.063,
283627,0.587,15764,0,,0.063,
283627,0.809,15766,0,,0.063,
283627,0.951,15768,0,,0.063,
283627,1,15770,0,,0.063,
283627,0.951,15772,0,0,0.063,0
283627,0.809,15774,0,,0.063,
283627,0.587,15776,0,,0.063,
283627,0.309,15778,0,,0.063,
283627,0,15780,0,,0.063,
283627,-0.309,15782,0,,0.063,
283627,-0.587,15784,0,,0.063,
283627,-0.809,15786,0,,0.063,
283627,-0.951,15788,0,,0.063,
283627,-1,15790,0,,0.063,
283627,-0.951,15792,0,0,0.063,0
283627,-0.809,15794,0,,0.063,
283627,-0.587,15796,0,,0.063,
283627,-0.309,15798,0,,0.063,
283627,0,15800,0,,0.063,
283627,0.309,15802,0,,0.063,
283627,0.587,15804,0,,0.063,
283627,0.809,15806,0,,0.063,
283627,0.951,15808,0,,0.063,
283627,1,15810,0,,0.063,
283627,0.951,15812,0,0,0.063,0
283627,0.809,15814,0,,0.063,
283627,0.587,15816,0,,0.063,
283627,0.309,15818,0,,0.063,
283627,0,15820,0,,0.063,
283627,-0.309,15822,0,,0.063,
283627,-0.587,15824,0,,0.063,
283627,-0.809,15826,0,,0.063,
283627,-0.951,15828,0,,0.063,
283627,-1,15830,0,,0.063,
283627,-0.951,15832,0,0,0.063,0
283627,-0.809,15834,0,,0.063,
283627,-0.587,15836,0,,0.063,
283627,-0.309,15838,0,,0.063,
283627,0,15840,0,,0.063,
283627,0.309,15842,0,,0.063,
283627,0.587,15844,0,,0.063,
283627,0.809,15846,0,,0.063,
283627,0.951,15848,0,,0.063,
283627,1,15850,0,,0.063,
283627,0.951,15852,0,0,0.063,0
283627,0.809,15854,0,,0.063,
283627,0.587,15856,0,,0.063,
283627,0.309,15858,0,,0.063,
283627,0,15860,0,,0.063,
283627,-0.309,15862,0,,0.063,
283627,-0.587,15864,0,,0.063,
283627,-0.809,15866,0,,0.063,
283627,-0.951,15868,0,,0.063,
283627,-1,15870,0,,0.063,
283627,-0.951,15872,0,0,0.063,0
283627,-0.809,15874,0,,0.063,
283627,-0.587,15876,0,,0.063,
283627,-0.309,15878,0,,0.063,
283627,0,15880,0,,0.063,
283627,0.309,15882,0,,0.063,
283627,0.587,15884,0,,0.063,
283627,0.809,15886,0,,0.063,
283627,0.951,15888,0,,0.063,
283627,1,15890,0,,0.063,
283627,0.951,15892,0,0,0.063,0
283627,0.809,15894,0,,0.063,
283627,0.587,15896,0,,0.063,
283627,0.309,15898,0,,0.063,
283627,0,15900,0,,0.063,
283627,-0.309,15902,0,,0.063,
283627,-0.587,15904,0,,0.063,
283627,-0.809,15906,0,,0.063,
283627,-0.951,15908,0,,0.063,
283627,-1,15910,0,,0.063,
283627,-0.951,15912,0,0,0.063,0
283627,-0.809,15914,0,,0.063,
283627,-0.587,15916,0,,0.063,
283627,-0.309,15918,0,,0.063,
283627,0,15920,0,,0.063,
283627,0.309,15922,0,,0.063,
283627,0.587,15924,0,,0.063,
283627,0.809,15926,0,,0.063,
283627,0.951,15928,0,,0.063,
283627,1,15930,0,,0.063,
283627,0.951,15932,0,0,0.063,0
283627,0.809,15934,0,,0.063,
283627,0.587,15936,0,,0.063,
283627,0.309,15938,0,,0.063,
283627,0,15940,0,,0.063,
283627,-0.309,15942,0,,0.063,
283627,-0.587,15944,0,,0.063,
283627,-0.809,15946,0,,0.063,
283627,-0.951,15948,0,,0.063,
283627,-1,15950,0,,0.063,
283627,-0.951,15952,0,0,0.063,0
283627,-0.809,15954,0,,0.063,
283627,-0.587,15956,0,,0.063,
283627,-0.309,15958,0,,0.063,
283627,0,15960,0,,0.063,
283627,0.309,15962,0,,0.063,
283627,0.587,15964,0,,0.063,
283627,0.809,15966,0,,0.063,
283627,0.951,15968,0,,0.063,
283627,1,15970,0,,0.063,
283627,0.951,15972,0,0,0.063,0
283627,0.809,15974,0,,0.063,
283627,0.587,15976,0,,0.063,
283627,0.309,15978,0,,0.063,
283627,0,15980,0,,0.063,
283627,-0.309,15982,0,,0.063,
283627,-0.587,15984,0,,0.063,
283627,-0.809,15986,0,,0.063,
283627,-0.951,15988,0,,0.063,
283627,-1,15990,0,,0.063,
283627,-0.951,15992,0,0,0.063,0
283627,-0.809,15994,0,,0.063,
283627,-0.587,15996,0,,0.063,
283627,-0.309,15998,0,,0.063,
283627,0,16000,0,,0.063,
283627,0.309,16002,0,,0.063,
283627,0.587,16004,0,,0.063,
283627,0.809,16006,0,,0.063,
283627,0.951,16008,0,,0.063,
283627,1,16010,0,,0.063,
283627,0.951,16012,0,0,0.063,0
283627,0.809,16014,0,,0.063,
283627,0.587,16016,0,,0.063,
283627,0.309,16018,0,,0.063,
283627,0,16020,0,,0.063,
283627,-0.309,16022,0,,0.063,
283627,-0.587,16024,0,,0.063,
283627,-0.809,16026,0,,0.063,
283627,-0.951,16028,0,,0.063,
283627,-1,16030,0,,0.063,
283627,-0.951,16032,0,0,0.063,0
283627,-0.809,16034,0,,0.063,
283627,-0.587,16036,0,,0.063,
283627,-0.309,16038,0,,0.063,
283627,0,16040,0,,0.063,
283627,0.309,16042,0,,0.063,
283627,0.587,16044,0,,0.063,
283627,0.809,16046,0,,0.063,
283627,0.951,16048,0,,0.063,
283627,1,16050,0,,0.063,
283627,0.951,16052,0,0,0.063,0
283627,0.809,16054,0,,0.063,
283627,0.587,16056,0,,0.063,
283627,0.309,16058,0,,0.063,
283627,0,16060,0,,0.063,
283627,-0.309,16062,0,,0.063,
283627,-0.587,16064,0,,0.063,
283627,-0.809,16066,0,,0.063,
283627,-0.951,16068,0,,0.063,
283627,-1,16070,0,,0.063,
283627,-0.951,16072,0,0,0.063,0
283627,-0.809,16074,0,,0.063,
283627,-0.587,16076,0,,0.063,
283627,-0.309,16078,0,,0.063,
283627,0,16080,0,,0.063,
283627,0.309,16082,0,,0.063,
283627,0.587,16084,0,,0.063,
283627,0.809,16086,0,,0.063,
283627,0.951,16088,0,,0.063,
283627,1,16090,0,,0.063,
283627,0.951,16092,0,0,0.063,0
283627,0.809,16094,0,,0.063,
283627,0.587,16096,0,,0.063,
283627,0.309,16098,0,,0.063,
283627,0,16100,0,,0.063,
283627,-0.309,16102,0,,0.063,
283627,-0.587,16104,0,,0.063,
283627,-0.809,16106,0,,0.063,
283627,-0.951,16108,0,,0.063,
283627,-1,16110,0,,0.063,
283627,-0.951,16112,0,0,0.063,0
283627,-0.809,16114,0,,0.063,
283627,-0.587,16116,0,,0.063,
283627,-0.309,16118,0,,0.063,
283627,0,16120,0,,0.063,
283627,0.309,16122,0,,0.063,
283627,0.587,16124,0,,0.063,
283627,0.809,16126,0,,0.063,
283627,0.951,16128,0,,0.063,
283627,1,16130,0,,0.063,
283627,0.951,16132,0,0,0.063,0
283627,0.809,16134,0,,0.063,
283627,0.587,16136,0,,0.063,
283627,0.309,16138,0,,0.063,
283627,0,16140,0,,0.063,
283627,-0.309,16142,0,,0.063,
283627,-0.587,16144,0,,0.063,
283627,-0.809,16146,0,,0.063,
283627,-0.951,16148,0,,0.063,
283627,-1,16150,0,,0.063,
283627,-0.951,16152,0,0,0.063,0
283627,-0.809,16154,0,,0.063,
283627,-0.587,16156,0,,0.063,
283627,-0.309,16158,0,,0.063,
283627,0,16160,0,,0.063,
283627,0.309,16162,0,,0.063,
283627,0.587,16164,0,,0.063,
283627,0.809,16166,0,,0.063,
283627,0.951,16168,0,,0.063,
283627,1,16170,0,,0.063,
283627,0.951,16172,0,0,0.063,0
283627,0.809,16174,0,,0.063,
283627,0.587,16176,0,,0.063,
283627,0.309,16178,0,,0.063,
283627,0,16180,0,,0.063,
283627,-0.309,16182,0,,0.063,
283627,-0.587,16184,0,,0.063,
283627,-0.809,16186,0,,0.063,
283627,-0.951,16188,0,,0.063,
283627,-1,16190,0,,0.063,
283627,-0.951,16192,0,0,0.063,0
283627,-0.809,16194,0,,0.063,
283627,-0.587,16196,0,,0.063,
283627,-0.309,16198,0,,0.063,
283627,0,16200,0,,0.063,
283627,0.309,16202,0,,0.063,
283627,0.587,16204,0,,0.063,
283627,0.809,16206,0,,0.063,
283627,0.951,16208,0,,0.063,
283627,1,16210,0,,0.063,
283627,0.951,16212,0,0,0.063,0
283627,0.809,16214,0,,0.063,
283627,0.587,16216,0,,0.063,
283627,0.309,16218,0,,0.063,
283627,0,16220,0,,0.063,
283627,-0.309,16222,0,,0.063,
283627,-0.587,16224,0,,0.063,
283627,-0.809,16226,0,,0.063,
283627,-0.951,16228,0,,0.063,
283627,-1,16230,0,,0.063,
283627,-0.951,16232,0,0,0.063,0
283627,-0.809,16234,0,,0.063,
283627,-0.587,16236,0,,0.063,
283627,-0.309,16238,0,,0.063,
283627,0,16240,0,,0.063,
283627,0.309,16242,0,,0.063,
283627,0.587,16244,0,,0.063,
283627,0.809,16246,0,,0.063,
283627,0.951,16248,0,,0.063,
283627,1,16250,0,,0.063,
283627,0.951,16252,0,0,0.063,0
283627,0.809,16254,0,,0.063,
283627,0.587,16256,0,,0.063,
283627,0.309,16258,0,,0.063,
283627,0,16260,0,,0.063,
283627,-0.309,16262,0,,0.063,
283627,-0.587,16264,0,,0.063,
283627,-0.809,16266,0,,0.063,
283627,-0.951,16268,0,,0.063,
283627,-1,16270,0,,0.063,
283627,-0.951,16272,0,0,0.063,0
283627,-0.809,16274,0,,0.063,
283627,-0.587,16276,0,,0.063,
283627,-0.309,16278,0,,0.063,
283627,0,16280,0,,0.063,
283627,0.309,16282,0,,0.063,
283627,0.587,16284,0,,0.063,
283627,0.809,16286,0,,0.063,
283627,0.951,16288,0,,0.063,
283627,1,16290,0,,0.063,
283627,0.951,16292,0,0,0.063,0
283627,0.809,16294,0,,0.063,
283627,0.587,16296,0,,0.063,
283627,0.309,16298,0,,0.063,
283627,0,16300,0,,0.063,
283627,-0.309,16302,0,,0.063,
283627,-0.587,16304,0,,0.063,
283627,-0.809,16306,0,,0.063,
283627,-0.951,16308,0,,0.063,
283627,-1,16310,0,,0.063,
283627,-0.951,16312,0,0,0.063,0
283627,-0.809,16314,0,,0.063,
283627,-0.587,16316,0,,0.063,
283627,-0.309,16318,0,,0.063,
283627,0,16320,0,,0.063,
283627,0.309,16322,0,,0.063,
283627,0.587,16324,0,,0.063,
283627,0.809,16326,0,,0.063,
283627,0.951,16328,0,,0.063,
283627,1,16330,0,,0.063,
283627,0.951,16332,0,0,0.063,0
283627,0.809,16334,0,,0.063,
283627,0.587,16336,0,,0.063,
283627,0.309,16338,0,,0.063,
283627,0,16340,0,,0.063,
283627,-0.309,16342,0,,0.063,
283627,-0.587,16344,0,,0.063,
283627,-0.809,16346,0,,0.063,
283627,-0.951,16348,0,,0.063,
283627,-1,16350,0,,0.063,
283627,-0.951,16352,0,0,0.063,0
283627,-0.809,16354,0,,0.063,
283627,-0.587,16356,0,,0.063,
283627,-0.309,16358,0,,0.063,
283627,0,16360,0,,0.063,
283627,0.309,16362,0,,0.063,
283627,0.587,16364,0,,0.063,
283627,0.809,16366,0,,0.063,
283627,0.951,16368,0,,0.063,
283627,1,16370,0,,0.063,
283627,0.951,16372,0,0,0.063,0
283627,0.809,16374,0,,0.063,
283627,0.587,16376,0,,0.063,
283627,0.309,16378,0,,0.063,
283627,0,16380,0,,0.063,
283627,-0.309,16382,0,,0.063,
283627,-0.587,16384,0,,0.063,
283627,-0.809,16386,0,,0.063,
283627,-0.951,16388,0,,0.063,
283627,-1,16390,0,,0.063,
283627,-0.951,16392,0,0,0.063,0
283627,-0.809,16394,0,,0.063,
283627,-0.587,16396,0,,0.063,
283627,-0.309,16398,0,,0.063,
283627,0,16400,0,,0.063,
283627,0.309,16402,0,,0.063,
283627,0.587,16404,0,,0.063,
283627,0.809,16406,0,,0.063,
283627,0.951,16408,0,,0.063,
283627,1,16410,0,,0.063,
283627,0.951,16412,0,0,0.063,0
283627,0.809,16414,0,,0.063,
283627,0.587,16416,0,,0.063,
283627,0.309,16418,0,,0.063,
283627,0,16420,0,,0.063,
283627,-0.309,16422,0,,0.063,
283627,-0.587,16424,0,,0.063,
283627,-0.809,16426,0,,0.063,
283627,-0.951,16428,0,,0.063,
283627,-1,16430,0,,0.063,
283627,-0.951,16432,0,0,0.063,0
283627,-0.809,16434,0,,0.063,
283627,-0.587,16436,0,,0.063,
283627,-0.309,16438,0,,0.063,
283627,0,16440,0,,0.063,
283627,0.309,16442,0,,0.063,
283627,0.587,16444,0,,0.063,
283627,0.809,16446,0,,0.063,
283627,0.951,16448,0,,0.063,
283627,1,16450,0,,0.063,
283627,0.951,16452,0,0,0.063,0
283627,0.809,16454,0,,0.063,
283627,0.587,16456,0,,0.063,
283627,0.309,16458,0,,0.063,
283627,0,16460,0,,0.063,
283627,-0.309,16462,0,,0.063,
283627,-0.587,16464,0,,0.063,
283627,-0.809,16466,0,,0.063,
283627,-0.951,16468,0,,0.063,
283627,-1,16470,0,,0.063,
283627,-0.951,16472,0,0,0.063,0
283627,-0.809,16474,0,,0.063,
283627,-0.587,16476,0,,0.063,
283627,-0.309,16478,0,,0.063,
283627,0,16480,0,,0.063,
283627,0.309,16482,0,,0.063,
283627,0.587,16484,0,,0.063,
283627,0.809,16486,0,,0.063,
283627,0.951,16488,0,,0.063,
283627,1,16490,0,,0.063,
283627,0.951,16492,0,0,0.063,0
283627,0.809,16494,0,,0.063,
283627,0.587,16496,0,,0.063,
283627,0.309,16498,0,,0.063,
283627,0,16500,0,,0.063,
283627,-0.309,16502,0,,0.063,
283627,-0.587,16504,0,,0.063,
283627,-0.809,16506,0,,0.063,
283627,-0.951,16508,0,,0.063,
283627,-1,16510,0,,0.063,
283627,-0.951,16512,0,0,0.063,0
283627,-0.809,16514,0,,0.063,
283627,-0.587,16516,0,,0.063,
283627,-0.309,16518,0,,0.063,
283627,0,16520,0,,0.063,
283627,0.309,16522,0,,0.063,
283627,0.587,16524,0,,0.063,
283627,0.809,16526,0,,0.063,
283627,0.951,16528,0,,0.063,
283627,1,16530,0,,0.063,
283627,0.951,16532,0,0,0.063,0
283627,0.809,16534,0,,0.063,
283627,0.587,16536,0,,0.063,
283627,0.309,16538,0,,0.063,
283627,0,16540,0,,0.063,
283627,-0.309,16542,0,,0.063,
283627,-0.587,16544,0,,0.063,
283627,-0.809,16546,0,,0.063,
283627,-0.951,16548,0,,0.063,
283627,-1,16550,0,,0.063,
283627,-0.951,16552,0,0,0.063,0
283627,-0.809,16554,0,,0.063,
283627,-0.587,16556,0,,0.063,
283627,-0.309,16558,0,,0.063,
283627,0,16560,0,,0.063,
283627,0.309,16562,0,,0.063,
283627,0.587,16564,0,,0.063,
283627,0.809,16566,0,,0.063,
283627,0.951,16568,0,,0.063,
283627,1,16570,0,,0.063,
283627,0.951,16572,0,0,0.063,0
283627,0.809,16574,0,,0.063,
283627,0.587,16576,0,,0.063,
283627,0.309,16578,0,,0.063,
283627,0,16580,0,,0.063,
283627,-0.309,16582,0,,0.063,
283627,-0.587,16584,0,,0.063,
283627,-0.809,16586,0,,0.063,
283627,-0.951,16588,0,,0.063,
283627,-1,16590,0,,0.063,
283627,-0.951,16592,0,0,0.063,0
283627,-0.809,16594,0,,0.063,
283627,-0.587,16596,0,,0.063,
283627,-0.309,16598,0,,0.063,
283627,0,16600,0,,0.063,
283627,0.309,16602,0,,0.063,
283627,0.587,16604,0,,0.063,
283627,0.809,16606,0,,0.063,
283627,0.951,16608,0,,0.063,
283627,1,16610,0,,0.063,
283627,0.951,16612,0,0,0.063,0
283627,0.809,16614,0,,0.063,
283627,0.587,16616,0,,0.063,
283627,0.309,16618,0,,0.063,
283627,0,16620,0,,0.063,
283627,-0.309,16622,0,,0.063,
283627,-0.587,16624,0,,0.063,
283627,-0.809,16626,0,,0.063,
283627,-0.951,16628,0,,0.063,
283627,-1,16630,0,,0.063,
283627,-0.951,16632,0,0,0.063,0
283627,-0.809,16634,0,,0.063,
283627,-0.587,16636,0,,0.063,
283627,-0.309,16638,0,,0.063,
283627,0,16640,0,,0.063,
283627,0.309,16642,0,,0.063,
283627,0.587,16644,0,,0.063,
283627,0.809,16646,0,,0.063,
283627,0.951,16648,0,,0.063,
283627,1,16650,0,,0.063,
283627,0.951,16652,0,0,0.063,0
283627,0.809,16654,0,,0.063,
283627,0.587,16656,0,,0.063,
283627,0.309,16658,0,,0.063,
283627,0,16660,0,,0.063,
283627,-0.309,16662,0,,0.063,
283627,-0.587,16664,0,,0.063,
283627,-0.809,16666,0,,0.063,
283627,-0.951,16668,0,,0.063,
283627,-1,16670,0,,0.063,
283627,-0.951,16672,0,0,0.063,0
283627,-0.809,16674,0,,0.063,
283627,-0.587,16676,0,,0.063,
283627,-0.309,16678,0,,0.063,
283627,0,16680,0,,0.063,
283627,0.309,16682,0,,0.063,
283627,0.587,16684,0,,0.063,
283627,0.809,16686,0,,0.063,
283627,0.951,16688,0,,0.063,
283627,1,16690,0,,0.063,
283627,0.951,16692,0,0,0.063,0
283627,0.809,16694,0,,0.063,
283627,0.587,16696,0,,0.063,
283627,0.309,16698,0,,0.063,
283627,0,16700,0,,0.063,
283627,-0.309,16702,0,,0.063,
283627,-0.587,16704,0,,0.063,
283627,-0.809,16706,0,,0.063,
283627,-0.951,16708,0,,0.063,
283627,-1,16710,0,,0.063,
283627,-0.951,16712,0,0,0.063,0
283627,-0.809,16714,0,,0.063,
283627,-0.587,16716,0,,0.063,
283627,-0.309,16718,0,,0.063,
283627,0,16720,0,,0.063,
283627,0.309,16722,0,,0.063,
283627,0.587,16724,0,,0.063,
283627,0.809,16726,0,,0.063,
283627,0.951,16728,0,,0.063,
283627,1,16730,0,,0.063,
283627,0.951,16732,0,0,0.063,0
283627,0.809,16734,0,,0.063,
283627,0.587,16736,0,,0.063,
283627,0.309,16738,0,,0.063,
283627,0,16740,0,,0.063,
283627,-0.309,16742,0,,0.063,
283627,-0.587,16744,0,,0.063,
283627,-0.809,16746,0,,0.063,
283627,-0.951,16748,0,,0.063,
283627,-1,16750,0,,0.063,
283627,-0.951,16752,0,0,0.063,0
283627,-0.809,16754,0,,0.063,
283627,-0.587,16756,0,,0.063,
283627,-0.309,16758,0,,0.063,
283627,0,16760,0,,0.063,
283627,0.309,16762,0,,0.063,
283627,0.587,16764,0,,0.063,
283627,0.809,16766,0,,0.063,
283627,0.951,16768,0,,0.063,
283627,1,16770,0,,0.063,
283627,0.951,16772,0,0,0.063,0
283627,0.809,16774,0,,0.063,
283627,0.587,16776,0,,0.063,
283627,0.309,16778,0,,0.063,
283627,0,16780,0,,0.063,
283627,-0.309,16782,0,,0.063,
283627,-0.587,16784,0,,0.063,
283627,-0.809,16786,0,,0.063,
283627,-0.951,16788,0,,0.063,
283627,-1,16790,0,,0.063,
283627,-0.951,16792,0,0,0.063,0
283627,-0.809,16794,0,,0.063,
283627,-0.587,16796,0,,0.063,
283627,-0.309,16798,0,,0.063,
283627,0,16800,0,,0.063,
283627,0.309,16802,0,,0.063,
283627,0.587,16804,0,,0.063,
283627,0.809,16806,0,,0.063,
283627,0.951,16808,0,,0.063,
283627,1,16810,0,,0.063,
283627,0.951,16812,0,0,0.063,0
283627,0.809,16814,0,,0.063,
283627,0.587,16816,0,,0.063,
283627,0.309,16818,0,,0.063,
283627,0,16820,0,,0.063,
283627,-0.309,16822,0,,0.063,
283627,-0.587,16824,0,,0.063,
283627,-0.809,16826,0,,0.063,
283627,-0.951,16828,0,,0.063,
283627,-1,16830,0,,0.063,
283627,-0.951,16832,0,0,0.063,0
283627,-0.809,16834,0,,0.063,
283627,-0.587,16836,0,,0.063,
283627,-0.309,16838,0,,0.063,
283627,0,16840,0,,0.063,
283627,0.309,16842,0,,0.063,
283627,0.587,16844,0,,0.063,
283627,0.809,16846,0,,0.063,
283627,0.951,16848,0,,0.063,
283627,1,16850,0,,0.063,
283627,0.951,16852,0,0,0.063,0
283627,0.809,16854,0,,0.063,
283627,0.587,16856,0,,0.063,
283627,0.309,16858,0,,0.063,
283627,0,16860,0,,0.063,
283627,-0.309,16862,0,,0.063,
283627,-0.587,16864,0,,0.063,
283627,-0.809,16866,0,,0.063,
283627,-0.951,16868,0,,0.063,
283627,-1,16870,0,,0.063,
283627,-0.951,16872,0,0,0.063,0
283627,-0.809,16874,0,,0.063,
283627,-0.587,16876,0,,0.063,
283627,-0.309,16878,0,,0.063,
283627,0,16880,0,,0.063,
283627,0.309,16882,0,,0.063,
283627,0.587,16884,0,,0.063,
283627,0.809,16886,0,,0.063,
283627,0.951,16888,0,,0.063,
283627,1,16890,0,,0.063,
283627,0.951,16892,0,0,0.063,0
283627,0.809,16894,0,,0.063,
283627,0.587,16896,0,,0.063,
283627,0.309,16898,0,,0.063,
283627,0,16900,0,,0.063,
283627,-0.309,16902,0,,0.063,
283627,-0.587,16904,0,,0.063,
283627,-0.809,16906,0,,0.063,
283627,-0.951,16908,0,,0.063,
283627,-1,16910,0,,0.063,
283627,-0.951,16912,0,0,0.063,0
283627,-0.809,16914,0,,0.063,
283627,-0.587,16916,0,,0.063,
283627,-0.309,16918,0,,0.063,
283627,0,16920,0,,0.063,
283627,0.309,16922,0,,0.063,
283627,0.587,16924,0,,0.063,
283627,0.809,16926,0,,0.063,
283627,0.951,16928,0,,0.063,
283627,1,16930,0,,0.063,
283627,0.951,16932,0,0,0.063,0
283627,0.809,16934,0,,0.063,
283627,0.587,16936,0,,0.063,
283627,0.309,16938,0,,0.063,
283627,0,16940,0,,0.063,
283627,-0.309,16942,0,,0.063,
283627,-0.587,16944,0,,0.063,
283627,-0.809,16946,0,,0.063,
283627,-0.951,16948,0,,0.063,
283627,-1,16950,0,,0.063,
283627,-0.951,16952,0,0,0.063,0
283627,-0.809,16954,0,,0.063,
283627,-0.587,16956,0,,0.063,
283627,-0.309,16958,0,,0.063,
283627,0,16960,0,,0.063,
283627,0.309,16962,0,,0.063,
283627,0.587,16964,0,,0.063,
283627,0.809,16966,0,,0.063,
283627,0.951,16968,0,,0.063,
283627,1,16970,0,,0.063,
283627,0.951,16972,0,0,0.063,0
283627,0.809,16974,0,,0.063,
283627,0.587,16976,0,,0.063,
283627,0.309,16978,0,,0.063,
283627,0,16980,0,,0.063,
283627,-0.309,16982,0,,0.063,
283627,-0.587,16984,0,,0.063,
283627,-0.809,16986,0,,0.063,
283627,-0.951,16988,0,,0.063,
283627,-1,16990,0,,0.063,
283627,-0.951,16992,0,0,0.063,0
283627,-0.809,16994,0,,0.063,
283627,-0.587,16996,0,,0.063,
283627,-0.309,16998,0,,0.063,
283627,0,17000,0,,0.063,
283627,0.309,17002,0,,0.063,
283627,0.587,17004,0,,0.063,
283627,0.809,17006,0,,0.063,
283627,0.951,17008,0,,0.063,
283627,1,17010,0,,0.063,
283627,0.951,17012,0,0,0.063,0
283627,0.809,17014,0,,0.063,
283627,0.587,17016,0,,0.063,
283627,0.309,17018,0,,0.063,
283627,0,17020,0,,0.063,
283627,-0.309,17022,0,,0.063,
283627,-0.587,17024,0,,0.063,
283627,-0.809,17026,0,,0.063,
283627,-0.951,17028,0,,0.063,
283627,-1,17030,0,,0.063,
283627,-0.951,17032,0,0,0.063,0
283627,-0.809,17034,0,,0.063,
283627,-0.587,17036,0,,0.063,
283627,-0.309,17038,0,,0.063,
283627,0,17040,0,,0.063,
283627,0.309,17042,0,,0.063,
283627,0.587,17044,0,,0.063,
283627,0.809,17046,0,,0.063,
283627,0.951,17048,0,,0.063,
283627,1,17050,0,,0.063,
283627,0.951,17052,0,0,0.063,0
283627,0.809,17054,0,,0.063,
283627,0.587,17056,0,,0.063,
283627,0.309,17058,0,,0.063,
283627,0,17060,0,,0.063,
283627,-0.309,17062,0,,0.063,
283627,-0.587,17064,0,,0.063,
283627,-0.809,17066,0,,0.063,
283627,-0.951,17068,0,,0.063,
283627,-1,17070,0,,0.063,
283627,-0.951,17072,0,0,0.063,0
283627,-0.809,17074,0,,0.063,
283627,-0.587,17076,0,,0.063,
283627,-0.309,17078,0,,0.063,
283627,0,17080,0,,0.063,
283627,0.309,17082,0,,0.063,
283627,0.587,17084,0,,0.063,
283627,0.809,17086,0,,0.063,
283627,0.951,17088,0,,0.063,
283627,1,17090,0,,0.063,
283627,0.951,17092,0,0,0.063,0
283627,0.809,17094,0,,0.063,
283627,0.587,17096,0,,0.063,
283627,0.309,17098,0,,0.063,
283627,0,17100,0,,0.063,
283627,-0.309,17102,0,,0.063,
283627,-0.587,17104,0,,0.063,
283627,-0.809,17106,0,,0.063,
283627,-0.951,17108,0,,0.063,
283627,-1,17110,0,,0.063,
283627,-0.951,17112,0,0,0.063,0
283627,-0.809,17114,0,,0.063,
283627,-0.587,17116,0,,0.063,
283627,-0.309,17118,0,,0.063,
283627,0,17120,0,,0.063,
283627,0.309,17122,0,,0.063,
283627,0.587,17124,0,,0.063,
283627,0.809,17126,0,,0.063,
283627,0.951,17128,0,,0.063,
283627,1,17130,0,,0.063,
283627,0.951,17132,0,0,0.063,0
283627,0.809,17134,0,,0.063,
283627,0.587,17136,0,,0.063,
283627,0.309,17138,0,,0.063,
283627,0,17140,0,,0.063,
283627,-0.309,17142,0,,0.063,
283627,-0.587,17144,0,,0.063,
283627,-0.809,17146,0,,0.063,
283627,-0.951,17148,0,,0.063,
283627,-1,17150,0,,0.063,
283627,-0.951,17152,0,0,0.063,0
283627,-0.809,17154,0,,0.063,
283627,-0.587,17156,0,,0.063,
283627,-0.309,17158,0,,0.063,
283627,0,17160,0,,0.063,
283627,0.309,17162,0,,0.063,
283627,0.587,17164,0,,0.063,
283627,0.809,17166,0,,0.063,
283627,0.951,17168,0,,0.063,
283627,1,17170,0,,0.063,
283627,0.951,17172,0,0,0.063,0
283627,0.809,17174,0,,0.063,
283627,0.587,17176,0,,0.063,
283627,0.309,17178,0,,0.063,
283627,0,17180,0,,0.063,
283627,-0.309,17182,0,,0.063,
283627,-0.587,17184,0,,0.063,
283627,-0.809,17186,0,,0.063,
283627,-0.951,17188,0,,0.063,
283627,-1,17190,0,,0.063,
283627,-0.951,17192,0,0,0.063,0
283627,-0.809,17194,0,,0.063,
283627,-0.587,17196,0,,0.063,
283627,-0.309,17198,0,,0.063,
283627,0,17200,0,,0.063,
283627,0.309,17202,0,,0.063,
283627,0.587,17204,0,,0.063,
283627,0.809,17206,0,,0.063,
283627,0.951,17208,0,,0.063,
283627,1,17210,0,,0.063,
283627,0.951,17212,0,0,0.063,0
283627,0.809,17214,0,,0.063,
283627,0.587,17216,0,,0.063,
283627,0.309,17218,0,,0.063,
283627,0,17220,0,,0.063,
283627,-0.309,17222,0,,0.063,
283627,-0.587,17224,0,,0.063,
283627,-0.809,17226,0,,0.063,
283627,-0.951,17228,0,,0.063,
283627,-1,17230,0,,0.063,
283627,-0.951,17232,0,0,0.063,0
283627,-0.809,17234,0,,0.063,
283627,-0.587,17236,0,,0.063,
283627,-0.309,17238,0,,0.063,
283627,0,17240,0,,0.063,
283627,0.309,17242,0,,0.063,
283627,0.587,17244,0,,0.063,
283627,0.809,17246,0,,0.063,
283627,0.951,17248,0,,0.063,
283627,1,17250,0,,0.063,
283627,0.951,17252,0,0,0.063,0
283627,0.809,17254,0,,0.063,
283627,0.587,17256,0,,0.063,
283627,0.309,17258,0,,0.063,
283627,0,17260,0,,0.063,
283627,-0.309,17262,0,,0.063,
283627,-0.587,17264,0,,0.063,
283627,-0.809,17266,0,,0.063,
283627,-0.951,17268,0,,0.063,
283627,-1,17270,0,,0.063,
283627,-0.951,17272,0,0,0.063,0
283627,-0.809,17274,0,,0.063,
283627,-0.587,17276,0,,0.063,
283627,-0.309,17278,0,,0.063,
283627,0,17280,0,,0.063,
283627,0.309,17282,0,,0.063,
283627,0.587,17284,0,,0.063,
283627,0.809,17286,0,,0.063,
283627,0.951,17288,0,,0.063,
283627,1,17290,0,,0.063,
283627,0.951,17292,0,0,0.063,0
283627,0.809,17294,0,,0.063,
283627,0.587,17296,0,,0.063,
283627,0.309,17298,0,,0.063,
283627,0,17300,0,,0.063,
283627,-0.309,17302,0,,0.063,
283627,-0.587,17304,0,,0.063,
283627,-0.809,17306,0,,0.063,
283627,-0.951,17308,0,,0.063,
283627,-1,17310,0,,0.063,
283627,-0.951,17312,0,0,0.063,0
283627,-0.809,17314,0,,0.063,
283627,-0.587,17316,0,,0.063,
283627,-0.309,17318,0,,0.063,
283627,0,17320,0,,0.063,
283627,0.309,17322,0,,0.063,
283627,0.587,17324,0,,0.063,
283627,0.809,17326,0,,0.063,
283627,0.951,17328,0,,0.063,
283627,1,17330,0,,0.063,
283627,0.951,17332,0,0,0.063,0
283627,0.809,17334,0,,0.063,
283627,0.587,17336,0,,0.063,
283627,0.309,17338,0,,0.063,
283627,0,17340,0,,0.063,
283627,-0.309,17342,0,,0.063,
283627,-0.587,17344,0,,0.063,
283627,-0.809,17346,0,,0.063,
283627,-0.951,17348,0,,0.063,
283627,-1,17350,0,,0.063,
283627,-0.951,17352,0,0,0.063,0
283627,-0.809,17354,0,,0.063,
283627,-0.587,17356,0,,0.063,
283627,-0.309,17358,0,,0.063,
283627,0,17360,0,,0.063,
283627,0.309,17362,0,,0.063,
283627,0.587,17364,0,,0.063,
283627,0.809,17366,0,,0.063,
283627,0.951,17368,0,,0.063,
283627,1,17370,0,,0.063,
283627,0.951,17372,0,0,0.063,0
283627,0.809,17374,0,,0.063,
283627,0.587,17376,0,,0.063,
283627,0.309,17378,0,,0.063,
283627,0,17380,0,,0.063,
283627,-0.309,17382,0,,0.063,
283627,-0.587,17384,0,,0.063,
283627,-0.809,17386,0,,0.063,
283627,-0.951,17388,0,,0.063,
283627,-1,17390,0,,0.063,
283627,-0.951,17392,0,0,0.063,0
283627,-0.809,17394,0,,0.063,
283627,-0.587,17396,0,,0.063,
283627,-0.309,17398,0,,0.063,
283627,0,17400,0,,0.063,
283627,0.309,17402,0,,0.063,
283627,0.587,17404,0,,0.063,
283627,0.809,17406,0,,0.063,
283627,0.951,17408,0,,0.063,
283627,1,17410,0,,0.063,
283627,0.951,17412,0,0,0.063,0
283627,0.809,17414,0,,0.063,
283627,0.587,17416,0,,0.063,
283627,0.309,17418,0,,0.063,
283627,0,17420,0,,0.063,
283627,-0.309,17422,0,,0.063,
283627,-0.587,17424,0,,0.063,
283627,-0.809,17426,0,,0.063,
283627,-0.951,17428,0,,0.063,
283627,-1,17430,0,,0.063,
283627,-0.951,17432,0,0,0.063,0
283627,-0.809,17434,0,,0.063,
283627,-0.587,17436,0,,0.063,
283627,-0.309,17438,0,,0.063,
283627,0,17440,0,,0.063,
283627,0.309,17442,0,,0.063,
283627,0.587,17444,0,,0.063,
283627,0.809,17446,0,,0.063,
283627,0.951,17448,0,,0.063,
283627,1,17450,0,,0.063,
283627,0.951,17452,0,0,0.063,0
283627,0.809,17454,0,,0.063,
283627,0.587,17456,0,,0.063,
283627,0.309,17458,0,,0.063,
283627,0,17460,0,,0.063,
283627,-0.309,17462,0,,0.063,
283627,-0.587,17464,0,,0.063,
283627,-0.809,17466,0,,0.063,
283627,-0.951,17468,0,,0.063,
283627,-1,17470,0,,0.063,
283627,-0.951,17472,0,0,0.063,0
283627,-0.809,17474,0,,0.063,
283627,-0.587,17476,0,,0.063,
283627,-0.309,17478,0,,0.063,
283627,0,17480,0,,0.063,
283627,0.309,17482,0,,0.063,
283627,0.587,17484,0,,0.063,
283627,0.809,17486,0,,0.063,
283627,0.951,17488,0,,0.063,
283627,1,17490,0,,0.063,
283627,0.951,17492,0,0,0.063,0
283627,0.809,17494,0,,0.063,
283627,0.587,17496,0,,0.063,
283627,0.309,17498,0,,0.063,
283627,0,17500,0,,0.063,
283627,-0.309,17502,0,,0.063,
283627,-0.587,17504,0,,0.063,
283627,-0.809,17506,0,,0.063,
283627,-0.951,17508,0,,0.063,
283627,-1,17510,0,,0.063,
283627,-0.951,17512,0,0,0.063,0
283627,-0.809,17514,0,,0.063,
283627,-0.587,17516,0,,0.063,
283627,-0.309,17518,0,,0.063,
283627,0,17520,0,,0.063,
283627,0.309,17522,0,,0.063,
283627,0.587,17524,0,,0.063,
283627,0.809,17526,0,,0.063,
283627,0.951,17528,0,,0.063,
283627,1,17530,0,,0.063,
283627,0.951,17532,0,0,0.063,0
283627,0.809,17534,0,,0.063,
283627,0.587,17536,0,,0.063,
283627,0.309,17538,0,,0.063,
283627,0,17540,0,,0.063,
283627,-0.309,17542,0,,0.063,
283627,-0.587,17544,0,,0.063,
283627,-0.809,17546,0,,0.063,
283627,-0.951,17548,0,,0.063,
283627,-1,17550,0,,0.063,
283627,-0.951,17552,0,0,0.063,0
283627,-0.809,17554,0,,0.063,
283627,-0.587,17556,0,,0.063,
283627,-0.309,17558,0,,0.063,
283627,0,17560,0,,0.063,
283627,0.309,17562,0,,0.063,
283627,0.587,17564,0,,0.063,
283627,0.809,17566,0,,0.063,
283627,0.951,17568,0,,0.063,
283627,1,17570,0,,0.063,
283627,0.951,17572,0,0,0.063,0
283627,0.809,17574,0,,0.063,
283627,0.587,17576,0,,0.063,
283627,0.309,17578,0,,0.063,
283627,0,17580,0,,0.063,
283627,-0.309,17582,0,,0.063,
283627,-0.587,17584,0,,0.063,
283627,-0.809,17586,0,,0.063,
283627,-0.951,17588,0,,0.063,
283627,-1,17590,0,,0.063,
283627,-0.951,17592,0,0,0.063,0
283627,-0.809,17594,0,,0.063,
283627,-0.587,17596,0,,0.063,
283627,-0.309,17598,0,,0.063,
283627,0,17600,0,,0.063,
283627,0.309,17602,0,,0.063,
283627,0.587,17604,0,,0.063,
283627,0.809,17606,0,,0.063,
283627,0.951,17608,0,,0.063,
283627,1,17610,0,,0.063,
283627,0.951,17612,0,0,0.063,0
283627,0.809,17614,0,,0.063,
283627,0.587,17616,0,,0.063,
283627,0.309,17618,0,,0.063,
283627,0,17620,0,,0.063,
283627,-0.309,17622,0,,0.063,
283627,-0.587,17624,0,,0.063,
283627,-0.809,17626,0,,0.063,
283627,-0.951,17628,0,,0.063,
283627,-1,17630,0,,0.063,
283627,-0.951,17632,0,0,0.063,0
283627,-0.809,17634,0,,0.063,
283627,-0.587,17636,0,,0.063,
283627,-0.309,17638,0,,0.063,
283627,0,17640,0,,0.063,
283627,0.309,17642,0,,0.063,
283627,0.587,17644,0,,0.063,
283627,0.809,17646,0,,0.063,
283627,0.951,17648,0,,0.063,
283627,1,17650,0,,0.063,
283627,0.951,17652,0,0,0.063,0
283627,0.809,17654,0,,0.063,
283627,0.587,17656,0,,0.063,
283627,0.309,17658,0,,0.063,
283627,0,17660,0,,0.063,
283627,-0.309,17662,0,,0.063,
283627,-0.587,17664,0,,0.063,
283627,-0.809,17666,0,,0.063,
283627,-0.951,17668,0,,0.063,
283627,-1,17670,0,,0.063,
283627,-0.951,17672,0,0,0.063,0
283627,-0.809,17674,0,,0.063,
283627,-0.587,17676,0,,0.063,
283627,-0.309,17678,0,,0.063,
283627,0,17680,0,,0.063,
283627,0.309,17682,0,,0.063,
283627,0.587,17684,0,,0.063,
283627,0.809,17686,0,,0.063,
283627,0.951,17688,0,,0.063,
283627,1,17690,0,,0.063,
283627,0.951,17692,0,0,0.063,0
283627,0.809,17694,0,,0.063,
283627,0.587,17696,0,,0.063,
283627,0.309,17698,0,,0.063,
283627,0,17700,0,,0.063,
283627,-0.309,17702,0,,0.063,
283627,-0.587,17704,0,,0.063,
283627,-0.809,17706,0,,0.063,
283627,-0.951,17708,0,,0.063,
283627,-1,17710,0,,0.063,
283627,-0.951,17712,0,0,0.063,0
283627,-0.809,17714,0,,0.063,
283627,-0.587,17716,0,,0.063,
283627,-0.309,17718,0,,0.063,
283627,0,17720,0,,0.063,
283627,0.309,17722,0,,0.063,
283627,0.587,17724,0,,0.063,
283627,0.809,17726,0,,0.063,
283627,0.951,17728,0,,0.063,
283627,1,17730,0,,0.063,
283627,0.951,17732,0,0,0.063,0
283627,0.809,17734,0,,0.063,
283627,0.587,17736,0,,0.063,
283627,0.309,17738,0,,0.063,
283627,0,17740,0,,0.063,
283627,-0.309,17742,0,,0.063,
283627,-0.587,17744,0,,0.063,
283627,-0.809,17746,0,,0.063,
283627,-0.951,17748,0,,0.063,
283627,-1,17750,0,,0.063,
283627,-0.951,17752,0,0,0.063,0
283627,-0.809,17754,0,,0.063,
283627,-0.587,17756,0,,0.063,
283627,-0.309,17758,0,,0.063,
283627,0,17760,0,,0.063,
283627,0.309,17762,0,,0.063,
283627,0.587,17764,0,,0.063,
283627,0.809,17766,0,,0.063,
283627,0.951,17768,0,,0.063,
283627,1,17770,0,,0.063,
283627,0.951,17772,0,0,0.063,0
283627,0.809,17774,0,,0.063,
283627,0.587,17776,0,,0.063,
283627,0.309,17778,0,,0.063,
283627,0,17780,0,,0.063,
283627,-0.309,17782,0,,0.063,
283627,-0.587,17784,0,,0.063,
283627,-0.809,17786,0,,0.063,
283627,-0.951,17788,0,,0.063,
283627,-1,17790,0,,0.063,
283627,-0.951,17792,0,0,0.063,0
283627,-0.809,17794,0,,0.063,
283627,-0.587,17796,0,,0.063,
283627,-0.309,17798,0,,0.063,
283627,0,17800,0,,0.063,
283627,0.309,17802,0,,0.063,
283627,0.587,17804,0,,0.063,
283627,0.809,17806,0,,0.063,
283627,0.951,17808,0,,0.063,
283627,1,17810,0,,0.063,
283627,0.951,17812,0,0,0.063,0
283627,0.809,17814,0,,0.063,
283627,0.587,17816,0,,0.063,
283627,0.309,17818,0,,0.063,
283627,0,17820,0,,0.063,
283627,-0.309,17822,0,,0.063,
283627,-0.587,17824,0,,0.063,
283627,-0.809,17826,0,,0.063,
283627,-0.951,17828,0,,0.063,
283627,-1,17830,0,,0.063,
283627,-0.951,17832,0,0,0.063,0
283627,-0.809,17834,0,,0.063,
283627,-0.587,17836,0,,0.063,
283627,-0.309,17838,0,,0.063,
283627,0,17840,0,,0.063,
283627,0.309,17842,0,,0.063,
283627,0.587,17844,0,,0.063,
283627,0.809,17846,0,,0.063,
283627,0.951,17848,0,,0.063,
283627,1,17850,0,,0.063,
283627,0.951,17852,0,0,0.063,0
283627,0.809,17854,0,,0.063,
283627,0.587,17856,0,,0.063,
283627,0.309,17858,0,,0.063,
283627,0,17860,0,,0.063,
283627,-0.309,17862,0,,0.063,
283627,-0.587,17864,0,,0.063,
283627,-0.809,17866,0,,0.063,
283627,-0.951,17868,0,,0.063,
283627,-1,17870,0,,0.063,
283627,-0.951,17872,0,0,0.063,0
283627,-0.809,17874,0,,0.063,
283627,-0.587,17876,0,,0.063,
283627,-0.309,17878,0,,0.063,
283627,0,17880,0,,0.063,
283627,0.309,17882,0,,0.063,
283627,0.587,17884,0,,0.063,
283627,0.809,17886,0,,0.063,
283627,0.951,17888,0,,0.063,
283627,1,17890,0,,0.063,
283627,0.951,17892,0,0,0.063,0
283627,0.809,17894,0,,0.063,
283627,0.587,17896,0,,0.063,
283627,0.309,17898,0,,0.063,
283627,0,17900,0,,0.063,
283627,-0.309,17902,0,,0.063,
283627,-0.587,17904,0,,0.063,
283627,-0.809,17906,0,,0.063,
283627,-0.951,17908,0,,0.063,
283627,-1,17910,0,,0.063,
283627,-0.951,17912,0,0,0.063,0
283627,-0.809,17914,0,,0.063,
283627,-0.587,17916,0,,0.063,
283627,-0.309,17918,0,,0.063,
283627,0,17920,0,,0.063,
283627,0.309,17922,0,,0.063,
283627,0.587,17924,0,,0.063,
283627,0.809,17926,0,,0.063,
283627,0.951,17928,0,,0.063,
283627,1,17930,0,,0.063,
283627,0.951,17932,0,0,0.063,0
283627,0.809,17934,0,,0.063,
283627,0.587,17936,0,,0.063,
283627,0.309,17938,0,,0.063,
283627,0,17940,0,,0.063,
283627,-0.309,17942,0,,0.063,
283627,-0.587,17944,0,,0.063,
283627,-0.809,17946,0,,0.063,
283627,-0.951,17948,0,,0.063,
283627,-1,17950,0,,0.063,
283627,-0.951,17952,0,0,0.063,0
283627,-0.809,17954,0,,0.063,
283627,-0.587,17956,0,,0.063,
283627,-0.309,17958,0,,0.063,
283627,0,17960,0,,0.063,
283627,0.309,17962,0,,0.063,
283627,0.587,17964,0,,0.063,
283627,0.809,17966,0,,0.063,
283627,0.951,17968,0,,0.063,
283627,1,17970,0,,0.063,
283627,0.951,17972,0,0,0.063,0
283627,0.809,17974,0,,0.063,
283627,0.587,17976,0,,0.063,
283627,0.309,17978,0,,0.063,
283627,0,17980,0,,0.063,
283627,-0.309,17982,0,,0.063,
283627,-0.587,17984,0,,0.063,
283627,-0.809,17986,0,,0.063,
283627,-0.951,17988,0,,0.063,
283627,-1,17990,0,,0.063,
283627,-0.951,17992,0,0,0.063,0
283627,-0.809,17994,0,,0.063,
283627,-0.587,17996,0,,0.063,
283627,-0.309,17998,0,,0.063,
283627,0,18000,0,,0.063,
283627,0.309,18002,0,,0.063,
283627,0.587,18004,0,,0.063,
283627,0.809,18006,0,,0.063,
283627,0.951,18008,0,,0.063,
283627,1,18010,0,,0.063,
283627,0.951,18012,0,0,0.063,0
283627,0.809,18014,0,,0.063,
283627,0.587,18016,0,,0.063,
283627,0.309,18018,0,,0.063,
283627,0,18020,0,,0.063,
283627,-0.309,18022,0,,0.063,
283627,-0.587,18024,0,,0.063,
283627,-0.809,18026,0,,0.063,
283627,-0.951,18028,0,,0.063,
283627,-1,18030,0,,0.063,
283627,-0.951,18032,0,0,0.063,0
283627,-0.809,18034,0,,0.063,
283627,-0.587,18036,0,,0.063,
283627,-0.309,18038,0,,0.063,
283627,0,18040,0,,0.063,
283627,0.309,18042,0,,0.063,
283627,0.587,18044,0,,0.063,
283627,0.809,18046,0,,0.063,
283627,0.951,18048,0,,0.063,
283627,1,18050,0,,0.063,
283627,0.951,18052,0,0,0.063,0
283627,0.809,18054,0,,0.063,
283627,0.587,18056,0,,0.063,
283627,0.309,18058,0,,0.063,
283627,0,18060,0,,0.063,
283627,-0.309,18062,0,,0.063,
283627,-0.587,18064,0,,0.063,
283627,-0.809,18066,0,,0.063,
283627,-0.951,18068,0,,0.063,
283627,-1,18070,0,,0.063,
283627,-0.951,18072,0,0,0.063,0
283627,-0.809,18074,0,,0.063,
283627,-0.587,18076,0,,0.063,
283627,-0.309,18078,0,,0.063,
283627,0,18080,0,,0.063,
283627,0.309,18082,0,,0.063,
283627,0.587,18084,0,,0.063,
283627,0.809,18086,0,,0.063,
283627,0.951,18088,0,,0.063,
283627,1,18090,0,,0.063,
283627,0.951,18092,0,0,0.063,0
283627,0.809,18094,0,,0.063,
283627,0.587,18096,0,,0.063,
283627,0.309,18098,0,,0.063,
283627,0,18100,0,,0.063,
283627,-0.309,18102,0,,0.063,
283627,-0.587,18104,0,,0.063,
283627,-0.809,18106,0,,0.063,
283627,-0.951,18108,0,,0.063,
283627,-1,18110,0,,0.063,
283627,-0.951,18112,0,0,0.063,0
283627,-0.809,18114,0,,0.063,
283627,-0.587,18116,0,,0.063,
283627,-0.309,18118,0,,0.063,
283627,0,18120,0,,0.063,
283627,0.309,18122,0,,0.063,
283627,0.587,18124,0,,0.063,
283627,0.809,18126,0,,0.063,
283627,0.951,18128,0,,0.063,
283627,1,18130,0,,0.063,
283627,0.951,18132,0,0,0.063,0
283627,0.809,18134,0,,0.063,
283627,0.587,18136,0,,0.063,
283627,0.309,18138,0,,0.063,
283627,0,18140,0,,0.063,
283627,-0.309,18142,0,,0.063,
283627,-0.587,18144,0,,0.063,
283627,-0.809,18146,0,,0.063,
283627,-0.951,18148,0,,0.063,
283627,-1,18150,0,,0.063,
283627,-0.951,18152,0,0,0.063,0
283627,-0.809,18154,0,,0.063,
283627,-0.587,18156,0,,0.063,
283627,-0.309,18158,0,,0.063,
283627,0,18160,0,,0.063,
283627,0.309,18162,0,,0.063,
283627,0.587,18164,0,,0.063,
283627,0.809,18166,0,,0.063,
283627,0.951,18168,0,,0.063,
283627,1,18170,0,,0.063,
283627,0.951,18172,0,0,0.063,0
283627,0.809,18174,0,,0.063,
283627,0.587,18176,0,,0.063,
283627,0.309,18178,0,,0.063,
283627,0,18180,0,,0.063,
283627,-0.309,18182,0,,0.063,
283627,-0.587,18184,0,,0.063,
283627,-0.809,18186,0,,0.063,
283627,-0.951,18188,0,,0.063,
283627,-1,18190,0,,0.063,
283627,-0.951,18192,0,0,0.063,0
283627,-0.809,18194,0,,0.063,
283627,-0.587,18196,0,,0.063,
283627,-0.309,18198,0,,0.063,
283627,0,18200,0,,0.063,
283627,0.309,18202,0,,0.063,
283627,0.587,18204,0,,0.063,
283627,0.809,18206,0,,0.063,
283627,0.951,18208,0,,0.063,
283627,1,18210,0,,0.063,
283627,0.951,18212,0,0,0.063,0
283627,0.809,18214,0,,0.063,
283627,0.587,18216,0,,0.063,
283627,0.309,18218,0,,0.063,
283627,0,18220,0,,0.063,
283627,-0.309,18222,0,,0.063,
283627,-0.587,18224,0,,0.063,
283627,-0.809,18226,0,,0.063,
283627,-0.951,18228,0,,0.063,
283627,-1,18230,0,,0.063,
283627,-0.951,18232,0,0,0.063,0
283627,-0.809,18234,0,,0.063,
283627,-0.587,18236,0,,0.063,
283627,-0.309,18238,0,,0.063,
283627,0,18240,0,,0.063,
283627,0.309,18242,0,,0.063,
283627,0.587,18244,0,,0.063,
283627,0.809,18246,0,,0.063,
283627,0.951,18248,0,,0.063,
283627,1,18250,0,,0.063,
283627,0.951,18252,0,0,0.063,0
283627,0.809,18254,0,,0.063,
283627,0.587,18256,0,,0.063,
283627,0.309,18258,0,,0.063,
283627,0,18260,0,,0.063,
283627,-0.309,18262,0,,0.063,
283627,-0.587,18264,0,,0.063,
283627,-0.809,18266,0,,0.063,
283627,-0.951,18268,0,,0.063,
283627,-1,18270,0,,0.063,
283627,-0.951,18272,0,0,0.063,0
283627,-0.809,18274,0,,0.063,
283627,-0.587,18276,0,,0.063,
283627,-0.309,18278,0,,0.063,
283627,0,18280,0,,0.063,
283627,0.309,18282,0,,0.063,
283627,0.587,18284,0,,0.063,
283627,0.809,18286,0,,0.063,
283627,0.951,18288,0,,0.063,
283627,1,18290,0,,0.063,
283627,0.951,18292,0,0,0.063,0
283627,0.809,18294,0,,0.063,
283627,0.587,18296,0,,0.063,
283627,0.309,18298,0,,0.063,
283627,0,18300,0,,0.063,
283627,-0.309,18302,0,,0.063,
283627,-0.587,18304,0,,0.063,
283627,-0.809,18306,0,,0.063,
283627,-0.951,18308,0,,0.063,
283627,-1,18310,0,,0.063,
283627,-0.951,18312,0,0,0.063,0
283627,-0.809,18314,0,,0.063,
283627,-0.587,18316,0,,0.063,
283627,-0.309,18318,0,,0.063,
283627,0,18320,0,,0.063,
283627,0.309,18322,0,,0.063,
283627,0.587,18324,0,,0.063,
283627,0.809,18326,0,,0.063,
283627,0.951,18328,0,,0.063,
283627,1,18330,0,,0.063,
283627,0.951,18332,0,0,0.063,0
283627,0.809,18334,0,,0.063,
283627,0.587,18336,0,,0.063,
283627,0.309,18338,0,,0.063,
283627,0,18340,0,,0.063,
283627,-0.309,18342,0,,0.063,
283627,-0.587,18344,0,,0.063,
283627,-0.809,18346,0,,0.063,
283627,-0.951,18348,0,,0.063,
283627,-1,18350,0,,0.063,
283627,-0.951,18352,0,0,0.063,0
283627,-0.809,18354,0,,0.063,
283627,-0.587,18356,0,,0.063,
283627,-0.309,18358,0,,0.063,
283627,0,18360,0,,0.063,
283627,0.309,18362,0,,0.063,
283627,0.587,18364,0,,0.063,
283627,0.809,18366,0,,0.063,
283627,0.951,18368,0,,0.063,
283627,1,18370,0,,0.063,
283627,0.951,18372,0,0,0.063,0
283627,0.809,18374,0,,0.063,
283627,0.587,18376,0,,0.063,
283627,0.309,18378,0,,0.063,
283627,0,18380,0,,0.063,
283627,-0.309,18382,0,,0.063,
283627,-0.587,18384,0,,0.063,
283627,-0.809,18386,0,,0.063,
283627,-0.951,18388,0,,0.063,
283627,-1,18390,0,,0.063,
283627,-0.951,18392,0,0,0.063,0
283627,-0.809,18394,0,,0.063,
283627,-0.587,18396,0,,0.063,
283627,-0.309,18398,0,,0.063,
283627,0,18400,0,,0.063,
283627,0.309,18402,0,,0.063,
283627,0.587,18404,0,,0.063,
283627,0.809,18406,0,,0.063,
283627,0.951,18408,0,,0.063,
283627,1,18410,0,,0.063,
283627,0.951,18412,0,0,0.063,0
283627,0.809,18414,0,,0.063,
283627,0.587,18416,0,,0.063,
283627,0.309,18418,0,,0.063,
283627,0,18420,0,,0.063,
283627,-0.309,18422,0,,0.063,
283627,-0.587,18424,0,,0.063,
283627,-0.809,18426,0,,0.063,
283627,-0.951,18428,0,,0.063,
283627,-1,18430,0,,0.063,
283627,-0.951,18432,0,0,0.063,0
283627,-0.809,18434,0,,0.063,
283627,-0.587,18436,0,,0.063,
283627,-0.309,18438,0,,0.063,
283627,0,18440,0,,0.063,
283627,0.309,18442,0,,0.063,
283627,0.587,18444,0,,0.063,
283627,0.809,18446,0,,0.063,
283627,0.951,18448,0,,0.063,
283627,1,18450,0,,0.063,
283627,0.951,18452,0,0,0.063,0
283627,0.809,18454,0,,0.063,
283627,0.587,18456,0,,0.063,
283627,0.309,18458,0,,0.063,
283627,0,18460,0,,0.063,
283627,-0.309,18462,0,,0.063,
283627,-0.587,18464,0,,0.063,
283627,-0.809,18466,0,,0.063,
283627,-0.951,18468,0,,0.063,
283627,-1,18470,0,,0.063,
283627,-0.951,18472,0,0,0.063,0
283627,-0.809,18474,0,,0.063,
283627,-0.587,18476,0,,0.063,
283627,-0.309,18478,0,,0.063,
283627,0,18480,0,,0.063,
283627,0.309,18482,0,,0.063,
283627,0.587,18484,0,,0.063,
283627,0.809,18486,0,,0.063,
283627,0.951,18488,0,,0.063,
283627,1,18490,0,,0.063,
283627,0.951,18492,0,0,0.063,0
283627,0.809,18494,0,,0.063,
283627,0.587,18496,0,,0.063,
283627,0.309,18498,0,,0.063,
283627,0,18500,0,,0.063,
283627,-0.309,18502,0,,0.063,
283627,-0.587,18504,0,,0.063,
283627,-0.809,18506,0,,0.063,
283627,-0.951,18508,0,,0.063,
283627,-1,18510,0,,0.063,
283627,-0.951,18512,0,0,0.063,0
283627,-0.809,18514,0,,0.063,
283627,-0.587,18516,0,,0.063,
283627,-0.309,18518,0,,0.063,
283627,0,18520,0,,0.063,
283627,0.309,18522,0,,0.063,
283627,0.587,18524,0,,0.063,
283627,0.809,18526,0,,0.063,
283627,0.951,18528,0,,0.063,
283627,1,18530,0,,0.063,
283627,0.951,18532,0,0,0.063,0
283627,0.809,18534,0,,0.063,
283627,0.587,18536,0,,0.063,
283627,0.309,18538,0,,0.063,
283627,0,18540,0,,0.063,
283627,-0.309,18542,0,,0.063,
283627,-0.587,18544,0,,0.063,
283627,-0.809,18546,0,,0.063,
283627,-0.951,18548,0,,0.063,
283627,-1,18550,0,,0.063,
283627,-0.951,18552,0,0,0.063,0
283627,-0.809,18554,0,,0.063,
283627,-0.587,18556,0,,0.063,
283627,-0.309,18558,0,,0.063,
283627,0,18560,0,,0.063,
283627,0.309,18562,0,,0.063,
283627,0.587,18564,0,,0.063,
283627,0.809,18566,0,,0.063,
283627,0.951,18568,0,,0.063,
283627,1,18570,0,,0.063,
283627,0.951,18572,0,0,0.063,0
283627,0.809,18574,0,,0.063,
283627,0.587,18576,0,,0.063,
283627,0.309,18578,0,,0.063,
283627,0,18580,0,,0.063,
283627,-0.309,18582,0,,0.063,
283627,-0.587,18584,0,,0.063,
283627,-0.809,18586,0,,0.063,
283627,-0.951,18588,0,,0.063,
283627,-1,18590,0,,0.063,
283627,-0.951,18592,0,0,0.063,0
283627,-0.809,18594,0,,0.063,
283627,-0.587,18596,0,,0.063,
283627,-0.309,18598,0,,0.063,
283627,0,18600,0,,0.063,
283627,0.309,18602,0,,0.063,
283627,0.587,18604,0,,0.063,
283627,0.809,18606,0,,0.063,
283627,0.951,18608,0,,0.063,
283627,1,18610,0,,0.063,
283627,0.951,18612,0,0,0.063,0
283627,0.809,18614,0,,0.063,
283627,0.587,18616,0,,0.063,
283627,0.309,18618,0,,0.063,
283627,0,18620,0,,0.063,
283627,-0.309,18622,0,,0.063,
283627,-0.587,18624,0,,0.063,
283627,-0.809,18626,0,,0.063,
283627,-0.951,18628,0,,0.063,
283627,-1,18630,0,,0.063,
283627,-0.951,18632,0,0,0.063,0
283627,-0.809,18634,0,,0.063,
283627,-0.587,18636,0,,0.063,
283627,-0.309,18638,0,,0.063,
283627,0,18640,0,,0.063,
283627,0.309,18642,0,,0.063,
283627,0.587,18644,0,,0.063,
283627,0.809,18646,0,,0.063,
283627,0.951,18648,0,,0.063,
283627,1,18650,0,,0.063,
283627,0.951,18652,0,0,0.063,0
283627,0.809,18654,0,,0.063,
283627,0.587,18656,0,,0.063,
283627,0.309,18658,0,,0.063,
283627,0,18660,0,,0.063,
283627,-0.309,18662,0,,0.063,
283627,-0.587,18664,0,,0.063,
283627,-0.809,18666,0,,0.063,
283627,-0.951,18668,0,,0.063,
283627,-1,18670,0,,0.063,
283627,-0.951,18672,0,0,0.063,0
283627,-0.809,18674,0,,0.063,
283627,-0.587,18676,0,,0.063,
283627,-0.309,18678,0,,0.063,
283627,0,18680,0,,0.063,
283627,0.309,18682,0,,0.063,
283627,0.587,18684,0,,0.063,
283627,0.809,18686,0,,0.063,
283627,0.951,18688,0,,0.063,
283627,1,18690,0,,0.063,
283627,0.951,18692,0,0,0.063,0
283627,0.809,18694,0,,0.063,
283627,0.587,18696,0,,0.063,
283627,0.309,18698,0,,0.063,
283627,0,18700,0,,0.063,
283627,-0.309,18702,0,,0.063,
283627,-0.587,18704,0,,0.063,
283627,-0.809,18706,0,,0.063,
283627,-0.951,18708,0,,0.063,
283627,-1,18710,0,,0.063,
283627,-0.951,18712,0,0,0.063,0
283627,-0.809,18714,0,,0.063,
283627,-0.587,18716,0,,0.063,
283627,-0.309,18718,0,,0.063,
283627,0,18720,0,,0.063,
283627,0.309,18722,0,,0.063,
283627,0.587,18724,0,,0.063,
283627,0.809,18726,0,,0.063,
283627,0.951,18728,0,,0.063,
283627,1,18730,0,,0.063,
283627,0.951,18732,0,0,0.063,0
283627,0.809,18734,0,,0.063,
283627,0.587,18736,0,,0.063,
283627,0.309,18738,0,,0.063,
283627,0,18740,0,,0.063,
283627,-0.309,18742,0,,0.063,
283627,-0.587,18744,0,,0.063,
283627,-0.809,18746,0,,0.063,
283627,-0.951,18748,0,,0.063,
283627,-1,18750,0,,0.063,
283627,-0.951,18752,0,0,0.063,0
283627,-0.809,18754,0,,0.063,
283627,-0.587,18756,0,,0.063,
283627,-0.309,18758,0,,0.063,
283627,0,18760,0,,0.063,
283627,0.309,18762,0,,0.063,
283627,0.587,18764,0,,0.063,
283627,0.809,18766,0,,0.063,
283627,0.951,18768,0,,0.063,
283627,1,18770,0,,0.063,
283627,0.951,18772,0,0,0.063,0
283627,0.809,18774,0,,0.063,
283627,0.587,18776,0,,0.063,
283627,0.309,18778,0,,0.063,
283627,0,18780,0,,0.063,
283627,-0.309,18782,0,,0.063,
283627,-0.587,18784,0,,0.063,
283627,-0.809,18786,0,,0.063,
283627,-0.951,18788,0,,0.063,
283627,-1,18790,0,,0.063,
283627,-0.951,18792,0,0,0.063,0
283627,-0.809,18794,0,,0.063,
283627,-0.587,18796,0,,0.063,
283627,-0.309,18798,0,,0.063,
283627,0,18800,0,,0.063,
283627,0.309,18802,0,,0.063,
283627,0.587,18804,0,,0.063,
283628,0.809,18806,0,,0.063,
283628,0.951,18808,0,,0.063,
283628,1,18810,0,,0.063,
283628,0.951,18812,0,0,0.063,0
283628,0.809,18814,0,,0.063,
283628,0.587,18816,0,,0.063,
283628,0.309,18818,0,,0.063,
283628,0,18820,0,,0.063,
283628,-0.309,18822,0,,0.063,
283628,-0.587,18824,0,,0.063,
283628,-0.809,18826,0,,0.063,
283628,-0.951,18828,0,,0.063,
283628,-1,18830,0,,0.063,
283628,-0.951,18832,0,0,0.063,0
283628,-0.809,18834,0,,0.063,
283628,-0.587,18836,0,,0.063,
283628,-0.309,18838,0,,0.063,
283628,0,18840,0,,0.063,
283628,0.309,18842,0,,0.063,
283628,0.587,18844,0,,0.063,
283628,0.809,18846,0,,0.063,
283628,0.951,18848,0,,0.063,
283628,1,18850,0,,0.063,
283628,0.951,18852,0,0,0.063,0
283628,0.809,18854,0,,0.063,
283628,0.587,18856,0,,0.063,
283628,0.309,18858,0,,0.063,
283628,0,18860,0,,0.063,
283628,-0.309,18862,0,,0.063,
283628,-0.587,18864,0,,0.063,
283628,-0.809,18866,0,,0.063,
283628,-0.951,18868,0,,0.063,
283628,-1,18870,0,,0.063,
283628,-0.951,18872,0,0,0.063,0
283628,-0.809,18874,0,,0.063,
283628,-0.587,18876,0,,0.063,
283628,-0.309,18878,0,,0.063,
283628,0,18880,0,,0.063,
283628,0.309,18882,0,,0.063,
283628,0.587,18884,0,,0.063,
283628,0.809,18886,0,,0.063,
283628,0.951,18888,0,,0.063,
283628,1,18890,0,,0.063,
283628,0.951,18892,0,0,0.063,0
283628,0.809,18894,0,,0.063,
283628,0.587,18896,0,,0.063,
283628,0.309,18898,0,,0.063,
283628,0,18900,0,,0.063,
283628,-0.309,18902,0,,0.063,
283628,-0.587,18904,0,,0.063,
283628,-0.809,18906,0,,0.063,
283628,-0.951,18908,0,,0.063,
283628,-1,18910,0,,0.063,
283628,-0.951,18912,0,0,0.063,0
283628,-0.809,18914,0,,0.063,
283628,-0.587,18916,0,,0.063,
283628,-0.309,18918,0,,0.063,
283628,0,18920,0,,0.063,
283628,0.309,18922,0,,0.063,
283628,0.587,18924,0,,0.063,
283628,0.809,18926,0,,0.063,
283628,0.951,18928,0,,0.063,
283628,1,18930,0,,0.063,
283628,0.951,18932,0,0,0.063,0
283628,0.809,18934,0,,0.063,
283628,0.587,18936,0,,0.063,
283628,0.309,18938,0,,0.063,
283628,0,18940,0,,0.063,
283628,-0.309,18942,0,,0.063,
283628,-0.587,18944,0,,0.063,
283628,-0.809,18946,0,,0.063,
283628,-0.951,18948,0,,0.063,
283628,-1,18950,0,,0.063,
283628,-0.951,18952,0,0,0.063,0
283628,-0.809,18954,0,,0.063,
283628,-0.587,18956,0,,0.063,
283628,-0.309,18958,0,,0.063,
283628,0,18960,0,,0.063,
283628,0.309,18962,0,,0.063,
283628,0.587,18964,0,,0.063,
283628,0.809,18966,0,,0.063,
283628,0.951,18968,0,,0.063,
283628,1,18970,0,,0.063,
283628,0.951,18972,0,0,0.063,0
283628,0.809,18974,0,,0.063,
283628,0.587,18976,0,,0.063,
283628,0.309,18978,0,,0.063,
283628,0,18980,0,,0.063,
283628,-0.309,18982,0,,0.063,
283628,-0.587,18984,0,,0.063,
283628,-0.809,18986,0,,0.063,
283628,-0.951,18988,0,,0.063,
283628,-1,18990,0,,0.063,
283628,-0.951,18992,0,0,0.063,0
283628,-0.809,18994,0,,0.063,
283628,-0.587,18996,0,,0.063,
283628,-0.309,18998,0,,0.063,
283628,0,19000,0,,0.063,
283628,0.309,19002,0,,0.063,
283628,0.587,19004,0,,0.063,
283628,0.809,19006,0,,0.063,
283628,0.951,19008,0,,0.063,
283628,1,19010,0,,0.063,
283628,0.951,19012,0,0,0.063,0
283628,0.809,19014,0,,0.063,
283628,0.587,19016,0,,0.063,
283628,0.309,19018,0,,0.063,
283628,0,19020,0,,0.063,
283628,-0.309,19022,0,,0.063,
283628,-0.587,19024,0,,0.063,
283628,-0.809,19026,0,,0.063,
283628,-0.951,19028,0,,0.063,
283628,-1,19030,0,,0.063,
283628,-0.951,19032,0,0,0.063,0
283628,-0.809,19034,0,,0.063,
283628,-0.587,19036,0,,0.063,
283628,-0.309,19038,0,,0.063,
283628,0,19040,0,,0.063,
283628,0.309,19042,0,,0.063,
283628,0.587,19044,0,,0.063,
283628,0.809,19046,0,,0.063,
283628,0.951,19048,0,,0.063,
283628,1,19050,0,,0.063,
283628,0.951,19052,0,0,0.063,0
283628,0.809,19054,0,,0.063,
283628,0.587,19056,0,,0.063,
283628,0.309,19058,0,,0.063,
283628,0,19060,0,,0.063,
283628,-0.309,19062,0,,0.063,
283628,-0.587,19064,0,,0.063,
283628,-0.809,19066,0,,0.063,
283628,-0.951,19068,0,,0.063,
283628,-1,19070,0,,0.063,
283628,-0.951,19072,0,0,0.063,0
283628,-0.809,19074,0,,0.063,
283628,-0.587,19076,0,,0.063,
283628,-0.309,19078,0,,0.063,
283628,0,19080,0,,0.063,
283628,0.309,19082,0,,0.063,
283628,0.587,19084,0,,0.063,
283628,0.809,19086,0,,0.063,
283628,0.951,19088,0,,0.063,
283628,1,19090,0,,0.063,
283628,0.951,19092,0,0,0.063,0
283628,0.809,19094,0,,0.063,
283628,0.587,19096,0,,0.063,
283628,0.309,19098,0,,0.063,
283628,0,19100,0,,0.063,
283628,-0.309,19102,0,,0.063,
283628,-0.587,19104,0,,0.063,
283628,-0.809,19106,0,,0.063,
283628,-0.951,19108,0,,0.063,
283628,-1,19110,0,,0.063,
283628,-0.951,19112,0,0,0.063,0
283628,-0.809,19114,0,,0.063,
283628,-0.587,19116,0,,0.063,
283628,-0.309,19118,0,,0.063,
283628,0,19120,0,,0.063,
283628,0.309,19122,0,,0.063,
283628,0.587,19124,0,,0.063,
283628,0.809,19126,0,,0.063,
283628,0.951,19128,0,,0.063,
283628,1,19130,0,,0.063,
283628,0.951,19132,0,0,0.063,0
283628,0.809,19134,0,,0.063,
283628,0.587,19136,0,,0.063,
283628,0.309,19138,0,,0.063,
283628,0,19140,0,,0.063,
283628,-0.309,19142,0,,0.063,
283628,-0.587,19144,0,,0.063,
283628,-0.809,19146,0,,0.063,
283628,-0.951,19148,0,,0.063,
283628,-1,19150,0,,0.063,
283628,-0.951,19152,0,0,0.063,0
283628,-0.809,19154,0,,0.063,
283628,-0.587,19156,0,,0.063,
283628,-0.309,19158,0,,0.063,
283628,0,19160,0,,0.063,
283628,0.309,19162,0,,0.063,
283628,0.587,19164,0,,0.063,
283628,0.809,19166,0,,0.063,
283628,0.951,19168,0,,0.063,
283628,1,19170,0,,0.063,
283628,0.951,19172,0,0,0.063,0
283628,0.809,19174,0,,0.063,
283628,0.587,19176,0,,0.063,
283628,0.309,19178,0,,0.063,
283628,0,19180,0,,0.063,
283628,-0.309,19182,0,,0.063,
283628,-0.587,19184,0,,0.063,
283628,-0.809,19186,0,,0.063,
283628,-0.951,19188,0,,0.063,
283628,-1,19190,0,,0.063,
283628,-0.951,19192,0,0,0.063,0
283628,-0.809,19194,0,,0.063,
283628,-0.587,19196,0,,0.063,
283628,-0.309,19198,0,,0.063,
283628,0,19200,0,,0.063,
283628,0.309,19202,0,,0.063,
283628,0.587,19204,0,,0.063,
283628,0.809,19206,0,,0.063,
283628,0.951,19208,0,,0.063,
283628,1,19210,0,,0.063,
283628,0.951,19212,0,0,0.063,0
283628,0.809,19214,0,,0.063,
283628,0.587,19216,0,,0.063,
283628,0.309,19218,0,,0.063,
283628,0,19220,0,,0.063,
283628,-0.309,19222,0,,0.063,
283628,-0.587,19224,0,,0.063,
283628,-0.809,19226,0,,0.063,
283628,-0.951,19228,0,,0.063,
283628,-1,19230,0,,0.063,
283628,-0.951,19232,0,0,0.063,0
283628,-0.809,19234,0,,0.063,
283628,-0.587,19236,0,,0.063,
283628,-0.309,19238,0,,0.063,
283628,0,19240,0,,0.063,
283628,0.309,19242,0,,0.063,
283628,0.587,19244,0,,0.063,
283628,0.809,19246,0,,0.063,
283628,0.951,19248,0,,0.063,
283628,1,19250,0,,0.063,
283628,0.951,19252,0,0,0.063,0
283628,0.809,19254,0,,0.063,
283628,0.587,19256,0,,0.063,
283628,0.309,19258,0,,0.063,
283628,0,19260,0,,0.063,
283628,-0.309,19262,0,,0.063,
283628,-0.587,19264,0,,0.063,
283628,-0.809,19266,0,,0.063,
283628,-0.951,19268,0,,0.063,
283628,-1,19270,0,,0.063,
283628,-0.951,19272,0,0,0.063,0
283628,-0.809,19274,0,,0.063,
283628,-0.587,19276,0,,0.063,
283628,-0.309,19278,0,,0.063,
283628,0,19280,0,,0.063,
283628,0.309,19282,0,,0.063,
283628,0.587,19284,0,,0.063,
283628,0.809,19286,0,,0.063,
283628,0.951,19288,0,,0.063,
283628,1,19290,0,,0.063,
283628,0.951,19292,0,0,0.063,0
283628,0.809,19294,0,,0.063,
283628,0.587,19296,0,,0.063,
283628,0.309,19298,0,,0.063,
283628,0,19300,0,,0.063,
283628,-0.309,19302,0,,0.063,
283628,-0.587,19304,0,,0.063,
283628,-0.809,19306,0,,0.063,
283628,-0.951,19308,0,,0.063,
283628,-1,19310,0,,0.063,
283628,-0.951,19312,0,0,0.063,0
283628,-0.809,19314,0,,0.063,
283628,-0.587,19316,0,,0.063,
283628,-0.309,19318,0,,0.063,
283628,0,19320,0,,0.063,
283628,0.309,19322,0,,0.063,
283628,0.587,19324,0,,0.063,
283628,0.809,19326,0,,0.063,
283628,0.951,19328,0,,0.063,
283628,1,19330,0,,0.063,
283628,0.951,19332,0,0,0.063,0
283628,0.809,19334,0,,0.063,
283628,0.587,19336,0,,0.063,
283628,0.309,19338,0,,0.063,
283628,0,19340,0,,0.063,
283628,-0.309,19342,0,,0.063,
283628,-0.587,19344,0,,0.063,
283628,-0.809,19346,0,,0.063,
283628,-0.951,19348,0,,0.063,
283628,-1,19350,0,,0.063,
283628,-0.951,19352,0,0,0.063,0
283628,-0.809,19354,0,,0.063,
283628,-0.587,19356,0,,0.063,
283628,-0.309,19358,0,,0.063,
283628,0,19360,0,,0.063,
283628,0.309,19362,0,,0.063,
283628,0.587,19364,0,,0.063,
283628,0.809,19366,0,,0.063,
283628,0.951,19368,0,,0.063,
283628,1,19370,0,,0.063,
283628,0.951,19372,0,0,0.063,0
283628,0.809,19374,0,,0.063,
283628,0.587,19376,0,,0.063,
283628,0.309,19378,0,,0.063,
283628,0,19380,0,,0.063,
283628,-0.309,19382,0,,0.063,
283628,-0.587,19384,0,,0.063,
283628,-0.809,19386,0,,0.063,
283628,-0.951,19388,0,,0.063,
283628,-1,19390,0,,0.063,
283628,-0.951,19392,0,0,0.063,0
283628,-0.809,19394,0,,0.063,
283628,-0.587,19396,0,,0.063,
283628,-0.309,19398,0,,0.063,
283628,0,19400,0,,0.063,
283628,0.309,19402,0,,0.063,
283628,0.587,19404,0,,0.063,
283628,0.809,19406,0,,0.063,
283628,0.951,19408,0,,0.063,
283628,1,19410,0,,0.063,
283628,0.951,19412,0,0,0.063,0
283628,0.809,19414,0,,0.063,
283628,0.587,19416,0,,0.063,
283628,0.309,19418,0,,0.063,
283628,0,19420,0,,0.063,
283628,-0.309,19422,0,,0.063,
283628,-0.587,19424,0,,0.063,
283628,-0.809,19426,0,,0.063,
283628,-0.951,19428,0,,0.063,
283628,-1,19430,0,,0.063,
283628,-0.951,19432,0,0,0.063,0
283628,-0.809,19434,0,,0.063,
283628,-0.587,19436,0,,0.063,
283628,-0.309,19438,0,,0.063,
283628,0,19440,0,,0.063,
283628,0.309,19442,0,,0.063,
283628,0.587,19444,0,,0.063,
283628,0.809,19446,0,,0.063,
283628,0.951,19448,0,,0.063,
283628,1,19450,0,,0.063,
283628,0.951,19452,0,0,0.063,0
283628,0.809,19454,0,,0.063,
283628,0.587,19456,0,,0.063,
283628,0.309,19458,0,,0.063,
283628,0,19460,0,,0.063,
283628,-0.309,19462,0,,0.063,
283628,-0.587,19464,0,,0.063,
283628,-0.809,19466,0,,0.063,
283628,-0.951,19468,0,,0.063,
283628,-1,19470,0,,0.063,
283628,-0.951,19472,0,0,0.063,0
283628,-0.809,19474,0,,0.063,
283628,-0.587,19476,0,,0.063,
283628,-0.309,19478,0,,0.063,
283628,0,19480,0,,0.063,
283628,0.309,19482,0,,0.063,
283628,0.587,19484,0,,0.063,
283628,0.809,19486,0,,0.063,
283628,0.951,19488,0,,0.063,
283628,1,19490,0,,0.063,
283628,0.951,19492,0,0,0.063,0
283628,0.809,19494,0,,0.063,
283628,0.587,19496,0,,0.063,
283628,0.309,19498,0,,0.063,
283628,0,19500,0,,0.063,
283628,-0.309,19502,0,,0.063,
283628,-0.587,19504,0,,0.063,
283628,-0.809,19506,0,,0.063,
283628,-0.951,19508,0,,0.063,
283628,-1,19510,0,,0.063,
283628,-0.951,19512,0,0,0.063,0
283628,-0.809,19514,0,,0.063,
283628,-0.587,19516,0,,0.063,
283628,-0.309,19518,0,,0.063,
283628,0,19520,0,,0.063,
283628,0.309,19522,0,,0.063,
283628,0.587,19524,0,,0.063,
283628,0.809,19526,0,,0.063,
283628,0.951,19528,0,,0.063,
283628,1,19530,0,,0.063,
283628,0.951,19532,0,0,0.063,0
283628,0.809,19534,0,,0.063,
283628,0.587,19536,0,,0.063,
283628,0.309,19538,0,,0.063,
283628,0,19540,0,,0.063,
283628,-0.309,19542,0,,0.063,
283628,-0.587,19544,0,,0.063,
283628,-0.809,19546,0,,0.063,
283628,-0.951,19548,0,,0.063,
283628,-1,19550,0,,0.063,
283628,-0.951,19552,0,0,0.063,0
283628,-0.809,19554,0,,0.063,
283628,-0.587,19556,0,,0.063,
283628,-0.309,19558,0,,0.063,
283628,0,19560,0,,0.063,
283628,0.309,19562,0,,0.063,
283628,0.587,19564,0,,0.063,
283628,0.809,19566,0,,0.063,
283628,0.951,19568,0,,0.063,
283628,1,19570,0,,0.063,
283628,0.951,19572,0,0,0.063,0
283628,0.809,19574,0,,0.063,
283628,0.587,19576,0,,0.063,
283628,0.309,19578,0,,0.063,
283628,0,19580,0,,0.063,
283628,-0.309,19582,0,,0.063,
283628,-0.587,19584,0,,0.063,
283628,-0.809,19586,0,,0.063,
283628,-0.951,19588,0,,0.063,
283628,-1,19590,0,,0.063,
283628,-0.951,19592,0,0,0.063,0
283628,-0.809,19594,0,,0.063,
283628,-0.587,19596,0,,0.063,
283628,-0.309,19598,0,,0.063,
283628,0,19600,0,,0.063,
283628,0.309,19602,0,,0.063,
283628,0.587,19604,0,,0.063,
283628,0.809,19606,0,,0.063,
283628,0.951,19608,0,,0.063,
283628,1,19610,0,,0.063,
283628,0.951,19612,0,0,0.063,0
283628,0.809,19614,0,,0.063,
283628,0.587,19616,0,,0.063,
283628,0.309,19618,0,,0.063,
283628,0,19620,0,,0.063,
283628,-0.309,19622,0,,0.063,
283628,-0.587,19624,0,,0.063,
283628,-0.809,19626,0,,0.063,
283628,-0.951,19628,0,,0.063,
283628,-1,19630,0,,0.063,
283628,-0.951,19632,0,0,0.063,0
283628,-0.809,19634,0,,0.063,
283628,-0.587,19636,0,,0.063,
283628,-0.309,19638,0,,0.063,
283628,0,19640,0,,0.063,
283628,0.309,19642,0,,0.063,
283628,0.587,19644,0,,0.063,
283628,0.809,19646,0,,0.063,
283628,0.951,19648,0,,0.063,
283628,1,19650,0,,0.063,
283628,0.951,19652,0,0,0.063,0
283628,0.809,19654,0,,0.063,
283628,0.587,19656,0,,0.063,
283628,0.309,19658,0,,0.063,
283628,0,19660,0,,0.063,
283628,-0.309,19662,0,,0.063,
283628,-0.587,19664,0,,0.063,
283628,-0.809,19666,0,,0.063,
283628,-0.951,19668,0,,0.063,
283628,-1,19670,0,,0.063,
283628,-0.951,19672,0,0,0.063,0
283628,-0.809,19674,0,,0.063,
283628,-0.587,19676,0,,0.063,
283628,-0.309,19678,0,,0.063,
283628,0,19680,0,,0.063,
283628,0.309,19682,0,,0.063,
283628,0.587,19684,0,,0.063,
283628,0.809,19686,0,,0.063,
283628,0.951,19688,0,,0.063,
283628,1,19690,0,,0.063,
283628,0.951,19692,0,0,0.063,0
283628,0.809,19694,0,,0.063,
283628,0.587,19696,0,,0.063,
283628,0.309,19698,0,,0.063,
283628,0,19700,0,,0.063,
283628,-0.309,19702,0,,0.063,
283628,-0.587,19704,0,,0.063,
283628,-0.809,19706,0,,0.063,
283628,-0.951,19708,0,,0.063,
283628,-1,19710,0,,0.063,
283628,-0.951,19712,0,0,0.063,0
283628,-0.809,19714,0,,0.063,
283628,-0.587,19716,0,,0.063,
283628,-0.309,19718,0,,0.063,
283628,0,19720,0,,0.063,
283628,0.309,19722,0,,0.063,
283628,0.587,19724,0,,0.063,
283628,0.809,19726,0,,0.063,
283628,0.951,19728,0,,0.063,
283628,1,19730,0,,0.063,
283628,0.951,19732,0,0,0.063,0
283628,0.809,19734,0,,0.063,
283628,0.587,19736,0,,0.063,
283628,0.309,19738,0,,0.063,
283628,0,19740,0,,0.063,
283628,-0.309,19742,0,,0.063,
283628,-0.587,19744,0,,0.063,
283628,-0.809,19746,0,,0.063,
283628,-0.951,19748,0,,0.063,
283628,-1,19750,0,,0.063,
283628,-0.951,19752,0,0,0.063,0
283628,-0.809,19754,0,,0.063,
283628,-0.587,19756,0,,0.063,
283628,-0.309,19758,0,,0.063,
283628,0,19760,0,,0.063,
283628,0.309,19762,0,,0.063,
283628,0.587,19764,0,,0.063,
283628,0.809,19766,0,,0.063,
283628,0.951,19768,0,,0.063,
283628,1,19770,0,,0.063,
283628,0.951,19772,0,0,0.063,0
283628,0.809,19774,0,,0.063,
283628,0.587,19776,0,,0.063,
283628,0.309,19778,0,,0.063,
283628,0,19780,0,,0.063,
283628,-0.309,19782,0,,0.063,
283628,-0.587,19784,0,,0.063,
283628,-0.809,19786,0,,0.063,
283628,-0.951,19788,0,,0.063,
283628,-1,19790,0,,0.063,
283628,-0.951,19792,0,0,0.063,0
283628,-0.809,19794,0,,0.063,
283628,-0.587,19796,0,,0.063,
283628,-0.309,19798,0,,0.063,
283628,0,19800,0,,0.063,
283628,0.309,19802,0,,0.063,
283628,0.587,19804,0,,0.063,
283628,0.809,19806,0,,0.063,
283628,0.951,19808,0,,0.063,
283628,1,19810,0,,0.063,
283628,0.951,19812,0,0,0.063,0
283628,0.809,19814,0,,0.063,
283628,0.587,19816,0,,0.063,
283628,0.309,19818,0,,0.063,
283628,0,19820,0,,0.063,
283628,-0.309,19822,0,,0.063,
283628,-0.587,19824,0,,0.063,
283628,-0.809,19826,0,,0.063,
283628,-0.951,19828,0,,0.063,
283628,-1,19830,0,,0.063,
283628,-0.951,19832,0,0,0.063,0
283628,-0.809,19834,0,,0.063,
283628,-0.587,19836,0,,0.063,
283628,-0.309,19838,0,,0.063,
283628,0,19840,0,,0.063,
283628,0.309,19842,0,,0.063,
283628,0.587,19844,0,,0.063,
283628,0.809,19846,0,,0.063,
283628,0.951,19848,0,,0.063,
283628,1,19850,0,,0.063,
283628,0.951,19852,0,0,0.063,0
283628,0.809,19854,0,,0.063,
283628,0.587,19856,0,,0.063,
283628,0.309,19858,0,,0.063,
283628,0,19860,0,,0.063,
283628,-0.309,19862,0,,0.063,
283628,-0.587,19864,0,,0.063,
283628,-0.809,19866,0,,0.063,
283628,-0.951,19868,0,,0.063,
283628,-1,19870,0,,0.063,
283628,-0.951,19872,0,0,0.063,0
283628,-0.809,19874,0,,0.063,
283628,-0.587,19876,0,,0.063,
283628,-0.309,19878,0,,0.063,
283628,0,19880,0,,0.063,
283628,0.309,19882,0,,0.063,
283628,0.587,19884,0,,0.063,
283628,0.809,19886,0,,0.063,
283628,0.951,19888,0,,0.063,
283628,1,19890,0,,0.063,
283628,0.951,19892,0,0,0.063,0
283628,0.809,19894,0,,0.063,
283628,0.587,19896,0,,0.063,
283628,0.309,19898,0,,0.063,
283628,0,19900,0,,0.063,
283628,-0.309,19902,0,,0.063,
283628,-0.587,19904,0,,0.063,
283628,-0.809,19906,0,,0.063,
283628,-0.951,19908,0,,0.063,
283628,-1,19910,0,,0.063,
283628,-0.951,19912,0,0,0.063,0
283628,-0.809,19914,0,,0.063,
283628,-0.587,19916,0,,0.063,
283628,-0.309,19918,0,,0.063,
283628,0,19920,0,,0.063,
283628,0.309,19922,0,,0.063,
283628,0.587,19924,0,,0.063,
283628,0.809,19926,0,,0.063,
283628,0.951,19928,0,,0.063,
283628,1,19930,0,,0.063,
283628,0.951,19932,0,0,0.063,0
283628,0.809,19934,0,,0.063,
283628,0.587,19936,0,,0.063,
283628,0.309,19938,0,,0.063,
283628,0,19940,0,,0.063,
283628,-0.309,19942,0,,0.063,
283628,-0.587,19944,0,,0.063,
283628,-0.809,19946,0,,0.063,
283628,-0.951,19948,0,,0.063,
283628,-1,19950,0,,0.063,
283628,-0.951,19952,0,0,0.063,0
283628,-0.809,19954,0,,0.063,
283628,-0.587,19956,0,,0.063,
283628,-0.309,19958,0,,0.063,
283628,0,19960,0,,0.063,
283628,0.309,19962,0,,0.063,
283628,0.587,19964,0,,0.063,
283628,0.809,19966,0,,0.063,
283628,0.951,19968,0,,0.063,
283628,1,19970,0,,0.063,
283628,0.951,19972,0,0,0.063,0
283628,0.809,19974,0,,0.063,
283628,0.587,19976,0,,0.063,
283628,0.309,19978,0,,0.063,
283628,0,19980,0,,0.063,
283628,-0.309,19982,0,,0.063,
283628,-0.587,19984,0,,0.063,
283628,-0.809,19986,0,,0.063,
283628,-0.951,19988,0,,0.063,
283628,-1,19990,0,,0.063,
283628,-0.951,19992,0,0,0.063,0
283628,-0.809,19994,0,,0.063,
283628,-0.587,19996,0,,0.063,
283628,-0.309,19998,0,,0.063,
283628,0,20000,0,,0.063,
283628,0.309,20002,0,,0.063,
283628,0.587,20004,0,,0.063,
283628,0.809,20006,0,,0.063,
283628,0.951,20008,0,,0.063,
283628,1,20010,0,,0.063,
283628,0.951,20012,0,0,0.063,0
283628,0.809,20014,0,,0.063,
283628,0.587,20016,0,,0.063,
283628,0.309,20018,0,,0.063,
283628,0,20020,0,,0.063,
283628,-0.309,20022,0,,0.063,
283628,-0.587,20024,0,,0.063,
283628,-0.809,20026,0,,0.063,
283628,-0.951,20028,0,,0.063,
283628,-1,20030,0,,0.063,
283628,-0.951,20032,0,0,0.063,0
283628,-0.809,20034,0,,0.063,
283628,-0.587,20036,0,,0.063,
283628,-0.309,20038,0,,0.063,
283628,0,20040,0,,0.063,
283628,0.309,20042,0,,0.063,
283628,0.587,20044,0,,0.063,
283628,0.809,20046,0,,0.063,
283628,0.951,20048,0,,0.063,
283628,1,20050,0,,0.063,
283628,0.951,20052,0,0,0.063,0
283628,0.809,20054,0,,0.063,
283628,0.587,20056,0,,0.063,
283628,0.309,20058,0,,0.063,
283628,0,20060,0,,0.063,
283628,-0.309,20062,0,,0.063,
283628,-0.587,20064,0,,0.063,
283628,-0.809,20066,0,,0.063,
283628,-0.951,20068,0,,0.063,
283628,-1,20070,0,,0.063,
283628,-0.951,20072,0,0,0.063,0
283628,-0.809,20074,0,,0.063,
283628,-0.587,20076,0,,0.063,
283628,-0.309,20078,0,,0.063,
283628,0,20080,0,,0.063,
283628,0.309,20082,0,,0.063,
283628,0.587,20084,0,,0.063,
283628,0.809,20086,0,,0.063,
283628,0.951,20088,0,,0.063,
283628,1,20090,0,,0.063,
283628,0.951,20092,0,0,0.063,0
283628,0.809,20094,0,,0.063,
283628,0.587,20096,0,,0.063,
283628,0.309,20098,0,,0.063,
283628,0,20100,0,,0.063,
283628,-0.309,20102,0,,0.063,
283628,-0.587,20104,0,,0.063,
283628,-0.809,20106,0,,0.063,
283628,-0.951,20108,0,,0.063,
283628,-1,20110,0,,0.063,
283628,-0.951,20112,0,0,0.063,0
283628,-0.809,20114,0,,0.063,
283628,-0.587,20116,0,,0.063,
283628,-0.309,20118,0,,0.063,
283628,0,20120,0,,0.063,
283628,0.309,20122,0,,0.063,
283628,0.587,20124,0,,0.063,
283628,0.809,20126,0,,0.063,
283628,0.951,20128,0,,0.063,
283628,1,20130,0,,0.063,
283628,0.951,20132,0,0,0.063,0
283628,0.809,20134,0,,0.063,
283628,0.587,20136,0,,0.063,
283628,0.309,20138,0,,0.063,
283628,0,20140,0,,0.063,
283628,-0.309,20142,0,,0.063,
283628,-0.587,20144,0,,0.063,
283628,-0.809,20146,0,,0.063,
283628,-0.951,20148,0,,0.063,
283628,-1,20150,0,,0.063,
283628,-0.951,20152,0,0,0.063,0
283628,-0.809,20154,0,,0.063,
283628,-0.587,20156,0,,0.063,
283628,-0.309,20158,0,,0.063,
283628,0,20160,0,,0.063,
283628,0.309,20162,0,,0.063,
283628,0.587,20164,0,,0.063,
283628,0.809,20166,0,,0.063,
283628,0.951,20168,0,,0.063,
283628,1,20170,0,,0.063,
283628,0.951,20172,0,0,0.063,0
283628,0.809,20174,0,,0.063,
283628,0.587,20176,0,,0.063,
283628,0.309,20178,0,,0.063,
283628,0,20180,0,,0.063,
283628,-0.309,20182,0,,0.063,
283628,-0.587,20184,0,,0.063,
283628,-0.809,20186,0,,0.063,
283628,-0.951,20188,0,,0.063,
283628,-1,20190,0,,0.063,
283628,-0.951,20192,0,0,0.063,0
283628,-0.809,20194,0,,0.063,
283628,-0.587,20196,0,,0.063,
283628,-0.309,20198,0,,0.063,
283628,0,20200,0,,0.063,
283628,0.309,20202,0,,0.063,
283628,0.587,20204,0,,0.063,
283628,0.809,20206,0,,0.063,
283628,0.951,20208,0,,0.063,
283628,1,20210,0,,0.063,
283628,0.951,20212,0,0,0.063,0
283628,0.809,20214,0,,0.063,
283628,0.587,20216,0,,0.063,
283628,0.309,20218,0,,0.063,
283628,0,20220,0,,0.063,
283628,-0.309,20222,0,,0.063,
283628,-0.587,20224,0,,0.063,
283628,-0.809,20226,0,,0.063,
283628,-0.951,20228,0,,0.063,
283628,-1,20230,0,,0.063,
283628,-0.951,20232,0,0,0.063,0
283628,-0.809,20234,0,,0.063,
283628,-0.587,20236,0,,0.063,
283628,-0.309,20238,0,,0.063,
283628,0,20240,0,,0.063,
283628,0.309,20242,0,,0.063,
283628,0.587,20244,0,,0.063,
283628,0.809,20246,0,,0.063,
283628,0.951,20248,0,,0.063,
283628,1,20250,0,,0.063,
283628,0.951,20252,0,0,0.063,0
283628,0.809,20254,0,,0.063,
283628,0.587,20256,0,,0.063,
283628,0.309,20258,0,,0.063,
283628,0,20260,0,,0.063,
283628,-0.309,20262,0,,0.063,
283628,-0.587,20264,0,,0.063,
283628,-0.809,20266,0,,0.063,
283628,-0.951,20268,0,,0.063,
283628,-1,20270,0,,0.063,
283628,-0.951,20272,0,0,0.063,0
283628,-0.809,20274,0,,0.063,
283628,-0.587,20276,0,,0.063,
283628,-0.309,20278,0,,0.063,
283628,0,20280,0,,0.063,
283628,0.309,20282,0,,0.063,
283628,0.587,20284,0,,0.063,
283628,0.809,20286,0,,0.063,
283628,0.951,20288,0,,0.063,
283628,1,20290,0,,0.063,
283628,0.951,20292,0,0,0.063,0
283628,0.809,20294,0,,0.063,
283628,0.587,20296,0,,0.063,
283628,0.309,20298,0,,0.063,
283628,0,20300,0,,0.063,
283628,-0.309,20302,0,,0.063,
283628,-0.587,20304,0,,0.063,
283628,-0.809,20306,0,,0.063,
283628,-0.951,20308,0,,0.063,
283628,-1,20310,0,,0.063,
283628,-0.951,20312,0,0,0.063,0
283628,-0.809,20314,0,,0.063,
283628,-0.587,20316,0,,0.063,
283628,-0.309,20318,0,,0.063,
283628,0,20320,0,,0.063,
283628,0.309,20322,0,,0.063,
283628,0.587,20324,0,,0.063,
283628,0.809,20326,0,,0.063,
283628,0.951,20328,0,,0.063,
283628,1,20330,0,,0.063,
283628,0.951,20332,0,0,0.063,0
283628,0.809,20334,0,,0.063,
283628,0.587,20336,0,,0.063,
283628,0.309,20338,0,,0.063,
283628,0,20340,0,,0.063,
283628,-0.309,20342,0,,0.063,
283628,-0.587,20344,0,,0.063,
283628,-0.809,20346,0,,0.063,
283628,-0.951,20348,0,,0.063,
283628,-1,20350,0,,0.063,
283628,-0.951,20352,0,0,0.063,0
283628,-0.809,20354,0,,0.063,
283628,-0.587,20356,0,,0.063,
283628,-0.309,20358,0,,0.063,
283628,0,20360,0,,0.063,
283628,0.309,20362,0,,0.063,
283628,0.587,20364,0,,0.063,
283628,0.809,20366,0,,0.063,
283628,0.951,20368,0,,0.063,
283628,1,20370,0,,0.063,
283628,0.951,20372,0,0,0.063,0
283628,0.809,20374,0,,0.063,
283628,0.587,20376,0,,0.063,
283628,0.309,20378,0,,0.063,
283628,0,20380,0,,0.063,
283628,-0.309,20382,0,,0.063,
283628,-0.587,20384,0,,0.063,
283628,-0.809,20386,0,,0.063,
283628,-0.951,20388,0,,0.063,
283628,-1,20390,0,,0.063,
283628,-0.951,20392,0,0,0.063,0
283628,-0.809,20394,0,,0.063,
283628,-0.587,20396,0,,0.063,
283628,-0.309,20398,0,,0.063,
283628,0,20400,0,,0.063,
283628,0.309,20402,0,,0.063,
283628,0.587,20404,0,,0.063,
283628,0.809,20406,0,,0.063,
283628,0.951,20408,0,,0.063,
283628,1,20410,0,,0.063,
283628,0.951,20412,0,0,0.063,0
283628,0.809,20414,0,,0.063,
283628,0.587,20416,0,,0.063,
283628,0.309,20418,0,,0.063,
283628,0,20420,0,,0.063,
283628,-0.309,20422,0,,0.063,
283628,-0.587,20424,0,,0.063,
283628,-0.809,20426,0,,0.063,
283628,-0.951,20428,0,,0.063,
283628,-1,20430,0,,0.063,
283628,-0.951,20432,0,0,0.063,0
283628,-0.809,20434,0,,0.063,
283628,-0.587,20436,0,,0.063,
283628,-0.309,20438,0,,0.063,
283628,0,20440,0,,0.063,
283628,0.309,20442,0,,0.063,
283628,0.587,20444,0,,0.063,
283628,0.809,20446,0,,0.063,
283628,0.951,20448,0,,0.063,
283628,1,20450,0,,0.063,
283628,0.951,20452,0,0,0.063,0
283628,0.809,20454,0,,0.063,
283628,0.587,20456,0,,0.063,
283628,0.309,20458,0,,0.063,
283628,0,20460,0,,0.063,
283628,-0.309,20462,0,,0.063,
283628,-0.587,20464,0,,0.063,
283628,-0.809,20466,0,,0.063,
283628,-0.951,20468,0,,0.063,
283628,-1,20470,0,,0.063,
283628,-0.951,20472,0,0,0.063,0
283628,-0.809,20474,0,,0.063,
283628,-0.587,20476,0,,0.063,
283628,-0.309,20478,0,,0.063,
283628,0,20480,0,,0.063,
283628,0.309,20482,0,,0.063,
283628,0.587,20484,0,,0.063,
283628,0.809,20486,0,,0.063,
283628,0.951,20488,0,,0.063,
283628,1,20490,0,,0.063,
283628,0.951,20492,0,0,0.063,0
283628,0.809,20494,0,,0.063,
283628,0.587,20496,0,,0.063,
283628,0.309,20498,0,,0.063,
283628,0,20500,0,,0.063,
283628,-0.309,20502,0,,0.063,
283628,-0.587,20504,0,,0.063,
283628,-0.809,20506,0,,0.063,
283628,-0.951,20508,0,,0.063,
283628,-1,20510,0,,0.063,
283628,-0.951,20512,0,0,0.063,0
283628,-0.809,20514,0,,0.063,
283628,-0.587,20516,0,,0.063,
283628,-0.309,20518,0,,0.063,
283628,0,20520,0,,0.063,
283628,0.309,20522,0,,0.063,
283628,0.587,20524,0,,0.063,
283628,0.809,20526,0,,0.063,
283628,0.951,20528,0,,0.063,
283628,1,20530,0,,0.063,
283628,0.951,20532,0,0,0.063,0
283628,0.809,20534,0,,0.063,
283628,0.587,20536,0,,0.063,
283628,0.309,20538,0,,0.063,
283628,0,20540,0,,0.063,
283628,-0.309,20542,0,,0.063,
283628,-0.587,20544,0,,0.063,
283628,-0.809,20546,0,,0.063,
283628,-0.951,20548,0,,0.063,
283628,-1,20550,0,,0.063,
283628,-0.951,20552,0,0,0.063,0
283628,-0.809,20554,0,,0.063,
283628,-0.587,20556,0,,0.063,
283628,-0.309,20558,0,,0.063,
283628,0,20560,0,,0.063,
283628,0.309,20562,0,,0.063,
283628,0.587,20564,0,,0.063,
283628,0.809,20566,0,,0.063,
283628,0.951,20568,0,,0.063,
283628,1,20570,0,,0.063,
283628,0.951,20572,0,0,0.063,0
283628,0.809,20574,0,,0.063,
283628,0.587,20576,0,,0.063,
283628,0.309,20578,0,,0.063,
283628,0,20580,0,,0.063,
283628,-0.309,20582,0,,0.063,
283628,-0.587,20584,0,,0.063,
283628,-0.809,20586,0,,0.063,
283628,-0.951,20588,0,,0.063,
283628,-1,20590,0,,0.063,
283628,-0.951,20592,0,0,0.063,0
283628,-0.809,20594,0,,0.063,
283628,-0.587,20596,0,,0.063,
283628,-0.309,20598,0,,0.063,
283628,0,20600,0,,0.063,
283628,0.309,20602,0,,0.063,
283628,0.587,20604,0,,0.063,
283628,0.809,20606,0,,0.063,
283628,0.951,20608,0,,0.063,
283628,1,20610,0,,0.063,
283628,0.951,20612,0,0,0.063,0
283628,0.809,20614,0,,0.063,
283628,0.587,20616,0,,0.063,
283628,0.309,20618,0,,0.063,
283628,0,20620,0,,0.063,
283628,-0.309,20622,0,,0.063,
283628,-0.587,20624,0,,0.063,
283628,-0.809,20626,0,,0.063,
283628,-0.951,20628,0,,0.063,
283628,-1,20630,0,,0.063,
283628,-0.951,20632,0,0,0.063,0
283628,-0.809,20634,0,,0.063,
283628,-0.587,20636,0,,0.063,
283628,-0.309,20638,0,,0.063,
283628,0,20640,0,,0.063,
283628,0.309,20642,0,,0.063,
283628,0.587,20644,0,,0.063,
283628,0.809,20646,0,,0.063,
283628,0.951,20648,0,,0.063,
283628,1,20650,0,,0.063,
283628,0.951,20652,0,0,0.063,0
283628,0.809,20654,0,,0.063,
283628,0.587,20656,0,,0.063,
283628,0.309,20658,0,,0.063,
283628,0,20660,0,,0.063,
283628,-0.309,20662,0,,0.063,
283628,-0.587,20664,0,,0.063,
283628,-0.809,20666,0,,0.063,
283628,-0.951,20668,0,,0.063,
283628,-1,20670,0,,0.063,
283628,-0.951,20672,0,0,0.063,0
283628,-0.809,20674,0,,0.063,
283628,-0.587,20676,0,,0.063,
283628,-0.309,20678,0,,0.063,
283628,0,20680,0,,0.063,
283628,0.309,20682,0,,0.063,
283628,0.587,20684,0,,0.063,
283628,0.809,20686,0,,0.063,
283628,0.951,20688,0,,0.063,
283628,1,20690,0,,0.063,
283628,0.951,20692,0,0,0.063,0
283628,0.809,20694,0,,0.063,
283628,0.587,20696,0,,0.063,
283628,0.309,20698,0,,0.063,
283628,0,20700,0,,0.063,
283628,-0.309,20702,0,,0.063,
283628,-0.587,20704,0,,0.063,
283628,-0.809,20706,0,,0.063,
283628,-0.951,20708,0,,0.063,
283628,-1,20710,0,,0.063,
283628,-0.951,20712,0,0,0.063,0
283628,-0.809,20714,0,,0.063,
283628,-0.587,20716,0,,0.063,
283628,-0.309,20718,0,,0.063,
283628,0,20720,0,,0.063,
283628,0.309,20722,0,,0.063,
283628,0.587,20724,0,,0.063,
283628,0.809,20726,0,,0.063,
283628,0.951,20728,0,,0.063,
283628,1,20730,0,,0.063,
283628,0.951,20732,0,0,0.063,0
283628,0.809,20734,0,,0.063,
283628,0.587,20736,0,,0.063,
283628,0.309,20738,0,,0.063,
283628,0,20740,0,,0.063,
283628,-0.309,20742,0,,0.063,
283628,-0.587,20744,0,,0.063,
283628,-0.809,20746,0,,0.063,
283628,-0.951,20748,0,,0.063,
283628,-1,20750,0,,0.063,
283628,-0.951,20752,0,0,0.063,0
283628,-0.809,20754,0,,0.063,
283628,-0.587,20756,0,,0.063,
283628,-0.309,20758,0,,0.063,
283628,0,20760,0,,0.063,
283628,0.309,20762,0,,0.063,
283628,0.587,20764,0,,0.063,
283628,0.809,20766,0,,0.063,
283628,0.951,20768,0,,0.063,
283628,1,20770,0,,0.063,
283628,0.951,20772,0,0,0.063,0
283628,0.809,20774,0,,0.063,
283628,0.587,20776,0,,0.063,
283628,0.309,20778,0,,0.063,
283628,0,20780,0,,0.063,
283628,-0.309,20782,0,,0.063,
283628,-0.587,20784,0,,0.063,
283628,-0.809,20786,0,,0.063,
283628,-0.951,20788,0,,0.063,
283628,-1,20790,0,,0.063,
283628,-0.951,20792,0,0,0.063,0
283628,-0.809,20794,0,,0.063,
283628,-0.587,20796,0,,0.063,
283628,-0.309,20798,0,,0.063,
283628,0,20800,0,,0.063,
283628,0.309,20802,0,,0.063,
283628,0.587,20804,0,,0.063,
283628,0.809,20806,0,,0.063,
283628,0.951,20808,0,,0.063,
283628,1,20810,0,,0.063,
283628,0.951,20812,0,0,0.063,0
283628,0.809,20814,0,,0.063,
283628,0.587,20816,0,,0.063,
283628,0.309,20818,0,,0.063,
283628,0,20820,0,,0.063,
283628,-0.309,20822,0,,0.063,
283628,-0.587,20824,0,,0.063,
283628,-0.809,20826,0,,0.063,
283628,-0.951,20828,0,,0.063,
283628,-1,20830,0,,0.063,
283628,-0.951,20832,0,0,0.063,0
283628,-0.809,20834,0,,0.063,
283628,-0.587,20836,0,,0.063,
283628,-0.309,20838,0,,0.063,
283628,0,20840,0,,0.063,
283628,0.309,20842,0,,0.063,
283628,0.587,20844,0,,0.063,
283628,0.809,20846,0,,0.063,
283628,0.951,20848,0,,0.063,
283628,1,20850,0,,0.063,
283628,0.951,20852,0,0,0.063,0
283628,0.809,20854,0,,0.063,
283628,0.587,20856,0,,0.063,
283628,0.309,20858,0,,0.063,
283628,0,20860,0,,0.063,
283628,-0.309,20862,0,,0.063,
283628,-0.587,20864,0,,0.063,
283628,-0.809,20866,0,,0.063,
283628,-0.951,20868,0,,0.063,
283628,-1,20870,0,,0.063,
283628,-0.951,20872,0,0,0.063,0
283628,-0.809,20874,0,,0.063,
283628,-0.587,20876,0,,0.063,
283628,-0.309,20878,0,,0.063,
283628,0,20880,0,,0.063,
283628,0.309,20882,0,,0.063,
283628,0.587,20884,0,,0.063,
283628,0.809,20886,0,,0.063,
283628,0.951,20888,0,,0.063,
283628,1,20890,0,,0.063,
283628,0.951,20892,0,0,0.063,0
283628,0.809,20894,0,,0.063,
283628,0.587,20896,0,,0.063,
283628,0.309,20898,0,,0.063,
283628,0,20900,0,,0.063,
283628,-0.309,20902,0,,0.063,
283628,-0.587,20904,0,,0.063,
283628,-0.809,20906,0,,0.063,
283628,-0.951,20908,0,,0.063,
283628,-1,20910,0,,0.063,
283628,-0.951,20912,0,0,0.063,0
283628,-0.809,20914,0,,0.063,
283628,-0.587,20916,0,,0.063,
283628,-0.309,20918,0,,0.063,
283628,0,20920,0,,0.063,
283628,0.309,20922,0,,0.063,
283628,0.587,20924,0,,0.063,
283628,0.809,20926,0,,0.063,
283628,0.951,20928,0,,0.063,
283628,1,20930,0,,0.063,
283628,0.951,20932,0,0,0.063,0
283628,0.809,20934,0,,0.063,
283628,0.587,20936,0,,0.063,
283628,0.309,20938,0,,0.063,
283628,0,20940,0,,0.063,
283628,-0.309,20942,0,,0.063,
283628,-0.587,20944,0,,0.063,
283628,-0.809,20946,0,,0.063,
283628,-0.951,20948,0,,0.063,
283628,-1,20950,0,,0.063,
283628,-0.951,20952,0,0,0.063,0
283628,-0.809,20954,0,,0.063,
283628,-0.587,20956,0,,0.063,
283628,-0.309,20958,0,,0.063,
283628,0,20960,0,,0.063,
283628,0.309,20962,0,,0.063,
283628,0.587,20964,0,,0.063,
283628,0.809,20966,0,,0.063,
283628,0.951,20968,0,,0.063,
283628,1,20970,0,,0.063,
283628,0.951,20972,0,0,0.063,0
283628,0.809,20974,0,,0.063,
283628,0.587,20976,0,,0.063,
283628,0.309,20978,0,,0.063,
283628,0,20980,0,,0.063,
283628,-0.309,20982,0,,0.063,
283628,-0.587,20984,0,,0.063,
283628,-0.809,20986,0,,0.063,
283628,-0.951,20988,0,,0.063,
283628,-1,20990,0,,0.063,
283628,-0.951,20992,0,0,0.063,0
283628,-0.809,20994,0,,0.063,
283628,-0.587,20996,0,,0.063,
283628,-0.309,20998,0,,0.063,
283628,0,21000,0,,0.063,
283628,0.309,21002,0,,0.063,
283628,0.587,21004,0,,0.063,
283628,0.809,21006,0,,0.063,
283628,0.951,21008,0,,0.063,
283628,1,21010,0,,0.063,
283628,0.951,21012,0,0,0.063,0
283628,0.809,21014,0,,0.063,
283628,0.587,21016,0,,0.063,
283628,0.309,21018,0,,0.063,
283628,0,21020,0,,0.063,
283628,-0.309,21022,0,,0.063,
283628,-0.587,21024,0,,0.063,
283628,-0.809,21026,0,,0.063,
283628,-0.951,21028,0,,0.063,
283628,-1,21030,0,,0.063,
283628,-0.951,21032,0,0,0.063,0
283628,-0.809,21034,0,,0.063,
283628,-0.587,21036,0,,0.063,
283628,-0.309,21038,0,,0.063,
283628,0,21040,0,,0.063,
283628,0.309,21042,0,,0.063,
283628,0.587,21044,0,,0.063,
283628,0.809,21046,0,,0.063,
283628,0.951,21048,0,,0.063,
283628,1,21050,0,,0.063,
283628,0.951,21052,0,0,0.063,0
283628,0.809,21054,0,,0.063,
283628,0.587,21056,0,,0.063,
283628,0.309,21058,0,,0.063,
283628,0,21060,0,,0.063,
283628,-0.309,21062,0,,0.063,
283628,-0.587,21064,0,,0.063,
283628,-0.809,21066,0,,0.063,
283628,-0.951,21068,0,,0.063,
283628,-1,21070,0,,0.063,
283628,-0.951,21072,0,0,0.063,0
283628,-0.809,21074,0,,0.063,
283628,-0.587,21076,0,,0.063,
283628,-0.309,21078,0,,0.063,
283628,0,21080,0,,0.063,
283628,0.309,21082,0,,0.063,
283628,0.587,21084,0,,0.063,
283628,0.809,21086,0,,0.063,
283628,0.951,21088,0,,0.063,
283628,1,21090,0,,0.063,
283628,0.951,21092,0,0,0.063,0
283628,0.809,21094,0,,0.063,
283628,0.587,21096,0,,0.063,
283628,0.309,21098,0,,0.063,
283628,0,21100,0,,0.063,
283628,-0.309,21102,0,,0.063,
283628,-0.587,21104,0,,0.063,
283628,-0.809,21106,0,,0.063,
283628,-0.951,21108,0,,0.063,
283628,-1,21110,0,,0.063,
283628,-0.951,21112,0,0,0.063,0
283628,-0.809,21114,0,,0.063,
283628,-0.587,21116,0,,0.063,
283628,-0.309,21118,0,,0.063,
283628,0,21120,0,,0.063,
283628,0.309,21122,0,,0.063,
283628,0.587,21124,0,,0.063,
283628,0.809,21126,0,,0.063,
283628,0.951,21128,0,,0.063,
283628,1,21130,0,,0.063,
283628,0.951,21132,0,0,0.063,0
283628,0.809,21134,0,,0.063,
283628,0.587,21136,0,,0.063,
283628,0.309,21138,0,,0.063,
283628,0,21140,0,,0.063,
283628,-0.309,21142,0,,0.063,
283628,-0.587,21144,0,,0.063,
283628,-0.809,21146,0,,0.063,
283628,-0.951,21148,0,,0.063,
283628,-1,21150,0,,0.063,
283628,-0.951,21152,0,0,0.063,0
283628,-0.809,21154,0,,0.063,
283628,-0.587,21156,0,,0.063,
283628,-0.309,21158,0,,0.063,
283628,0,21160,0,,0.063,
283628,0.309,21162,0,,0.063,
283628,0.587,21164,0,,0.063,
283628,0.809,21166,0,,0.063,
283628,0.951,21168,0,,0.063,
283628,1,21170,0,,0.063,
283628,0.951,21172,0,0,0.063,0
283628,0.809,21174,0,,0.063,
283628,0.587,21176,0,,0.063,
283628,0.309,21178,0,,0.063,
283628,0,21180,0,,0.063,
283628,-0.309,21182,0,,0.063,
283628,-0.587,21184,0,,0.063,
283628,-0.809,21186,0,,0.063,
283628,-0.951,21188,0,,0.063,
283628,-1,21190,0,,0.063,
283628,-0.951,21192,0,0,0.063,0
283628,-0.809,21194,0,,0.063,
283628,-0.587,21196,0,,0.063,
283628,-0.309,21198,0,,0.063,
283628,0,21200,0,,0.063,
283628,0.309,21202,0,,0.063,
283628,0.587,21204,0,,0.063,
283628,0.809,21206,0,,0.063,
283628,0.951,21208,0,,0.063,
283628,1,21210,0,,0.063,
283628,0.951,21212,0,0,0.063,0
283628,0.809,21214,0,,0.063,
283628,0.587,21216,0,,0.063,
283628,0.309,21218,0,,0.063,
283628,0,21220,0,,0.063,
283628,-0.309,21222,0,,0.063,
283628,-0.587,21224,0,,0.063,
283628,-0.809,21226,0,,0.063,
283628,-0.951,21228,0,,0.063,
283628,-1,21230,0,,0.063,
283628,-0.951,21232,0,0,0.063,0
283628,-0.809,21234,0,,0.063,
283628,-0.587,21236,0,,0.063,
283628,-0.309,21238,0,,0.063,
283628,0,21240,0,,0.063,
283628,0.309,21242,0,,0.063,
283628,0.587,21244,0,,0.063,
283628,0.809,21246,0,,0.063,
283628,0.951,21248,0,,0.063,
283628,1,21250,0,,0.063,
283628,0.951,21252,0,0,0.063,0
283628,0.809,21254,0,,0.063,
283628,0.587,21256,0,,0.063,
283628,0.309,21258,0,,0.063,
283628,0,21260,0,,0.063,
283628,-0.309,21262,0,,0.063,
283628,-0.587,21264,0,,0.063,
283628,-0.809,21266,0,,0.063,
283628,-0.951,21268,0,,0.063,
283628,-1,21270,0,,0.063,
283628,-0.951,21272,0,0,0.063,0
283628,-0.809,21274,0,,0.063,
283628,-0.587,21276,0,,0.063,
283628,-0.309,21278,0,,0.063,
283628,0,21280,0,,0.063,
283628,0.309,21282,0,,0.063,
283628,0.587,21284,0,,0.063,
283628,0.809,21286,0,,0.063,
283628,0.951,21288,0,,0.063,
283628,1,21290,0,,0.063,
283628,0.951,21292,0,0,0.063,0
283628,0.809,21294,0,,0.063,
283628,0.587,21296,0,,0.063,
283628,0.309,21298,0,,0.063,
283628,0,21300,0,,0.063,
283628,-0.309,21302,0,,0.063,
283628,-0.587,21304,0,,0.063,
283628,-0.809,21306,0,,0.063,
283628,-0.951,21308,0,,0.063,
283628,-1,21310,0,,0.063,
283628,-0.951,21312,0,0,0.063,0
283628,-0.809,21314,0,,0.063,
283628,-0.587,21316,0,,0.063,
283628,-0.309,21318,0,,0.063,
283628,0,21320,0,,0.063,
283628,0.309,21322,0,,0.063,
283628,0.587,21324,0,,0.063,
283628,0.809,21326,0,,0.063,
283628,0.951,21328,0,,0.063,
283628,1,21330,0,,0.063,
283628,0.951,21332,0,0,0.063,0
283628,0.809,21334,0,,0.063,
283628,0.587,21336,0,,0.063,
283628,0.309,21338,0,,0.063,
283628,0,21340,0,,0.063,
283628,-0.309,21342,0,,0.063,
283628,-0.587,21344,0,,0.063,
283628,-0.809,21346,0,,0.063,
283628,-0.951,21348,0,,0.063,
283628,-1,21350,0,,0.063,
283628,-0.951,21352,0,0,0.063,0
283628,-0.809,21354,0,,0.063,
283628,-0.587,21356,0,,0.063,
283628,-0.309,21358,0,,0.063,
283628,0,21360,0,,0.063,
283628,0.309,21362,0,,0.063,
283628,0.587,21364,0,,0.063,
283628,0.809,21366,0,,0.063,
283628,0.951,21368,0,,0.063,
283628,1,21370,0,,0.063,
283628,0.951,21372,0,0,0.063,0
283628,0.809,21374,0,,0.063,
283628,0.587,21376,0,,0.063,
283628,0.309,21378,0,,0.063,
283628,0,21380,0,,0.063,
283628,-0.309,21382,0,,0.063,
283628,-0.587,21384,0,,0.063,
283628,-0.809,21386,0,,0.063,
283628,-0.951,21388,0,,0.063,
283628,-1,21390,0,,0.063,
283628,-0.951,21392,0,0,0.063,0
283628,-0.809,21394,0,,0.063,
283628,-0.587,21396,0,,0.063,
283628,-0.309,21398,0,,0.063,
283628,0,21400,0,,0.063,
283628,0.309,21402,0,,0.063,
283628,0.587,21404,0,,0.063,
283628,0.809,21406,0,,0.063,
283628,0.951,21408,0,,0.063,
283628,1,21410,0,,0.063,
283628,0.951,21412,0,0,0.063,0
283628,0.809,21414,0,,0.063,
283628,0.587,21416,0,,0.063,
283628,0.309,21418,0,,0.063,
283628,0,21420,0,,0.063,
283628,-0.309,21422,0,,0.063,
283628,-0.587,21424,0,,0.063,
283628,-0.809,21426,0,,0.063,
283628,-0.951,21428,0,,0.063,
283628,-1,21430,0,,0.063,
283628,-0.951,21432,0,0,0.063,0
283628,-0.809,21434,0,,0.063,
283628,-0.587,21436,0,,0.063,
283628,-0.309,21438,0,,0.063,
283628,0,21440,0,,0.063,
283628,0.309,21442,0,,0.063,
283628,0.587,21444,0,,0.063,
283628,0.809,21446,0,,0.063,
283628,0.951,21448,0,,0.063,
283628,1,21450,0,,0.063,
283628,0.951,21452,0,0,0.063,0
283628,0.809,21454,0,,0.063,
283628,0.587,21456,0,,0.063,
283628,0.309,21458,0,,0.063,
283628,0,21460,0,,0.063,
283628,-0.309,21462,0,,0.063,
283628,-0.587,21464,0,,0.063,
283628,-0.809,21466,0,,0.063,
283628,-0.951,21468,0,,0.063,
283628,-1,21470,0,,0.063,
283628,-0.951,21472,0,0,0.063,0
283628,-0.809,21474,0,,0.063,
283628,-0.587,21476,0,,0.063,
283628,-0.309,21478,0,,0.063,
283628,0,21480,0,,0.063,
283628,0.309,21482,0,,0.063,
283628,0.587,21484,0,,0.063,
283628,0.809,21486,0,,0.063,
283628,0.951,21488,0,,0.063,
283628,1,21490,0,,0.063,
283628,0.951,21492,0,0,0.063,0
283628,0.809,21494,0,,0.063,
283628,0.587,21496,0,,0.063,
283628,0.309,21498,0,,0.063,
283628,0,21500,0,,0.063,
283628,-0.309,21502,0,,0.063,
283628,-0.587,21504,0,,0.063,
283628,-0.809,21506,0,,0.063,
283628,-0.951,21508,0,,0.063,
283628,-1,21510,0,,0.063,
283628,-0.951,21512,0,0,0.063,0
283628,-0.809,21514,0,,0.063,
283628,-0.587,21516,0,,0.063,
283628,-0.309,21518,0,,0.063,
283628,0,21520,0,,0.063,
283628,0.309,21522,0,,0.063,
283628,0.587,21524,0,,0.063,
283628,0.809,21526,0,,0.063,
283628,0.951,21528,0,,0.063,
283628,1,21530,0,,0.063,
283628,0.951,21532,0,0,0.063,0
283628,0.809,21534,0,,0.063,
283628,0.587,21536,0,,0.063,
283628,0.309,21538,0,,0.063,
283628,0,21540,0,,0.063,
283628,-0.309,21542,0,,0.063,
283628,-0.587,21544,0,,0.063,
283628,-0.809,21546,0,,0.063,
283628,-0.951,21548,0,,0.063,
283628,-1,21550,0,,0.063,
283628,-0.951,21552,0,0,0.063,0
283628,-0.809,21554,0,,0.063,
283628,-0.587,21556,0,,0.063,
283628,-0.309,21558,0,,0.063,
283628,0,21560,0,,0.063,
283628,0.309,21562,0,,0.063,
283628,0.587,21564,0,,0.063,
283628,0.809,21566,0,,0.063,
283628,0.951,21568,0,,0.063,
283628,1,21570,0,,0.063,
283628,0.951,21572,0,0,0.063,0
283628,0.809,21574,0,,0.063,
283628,0.587,21576,0,,0.063,
283628,0.309,21578,0,,0.063,
283628,0,21580,0,,0.063,
283628,-0.309,21582,0,,0.063,
283628,-0.587,21584,0,,0.063,
283628,-0.809,21586,0,,0.063,
283628,-0.951,21588,0,,0.063,
283628,-1,21590,0,,0.063,
283628,-0.951,21592,0,0,0.063,0
283628,-0.809,21594,0,,0.063,
283628,-0.587,21596,0,,0.063,
283628,-0.309,21598,0,,0.063,
283628,0,21600,0,,0.063,
283628,0.309,21602,0,,0.063,
283628,0.587,21604,0,,0.063,
283628,0.809,21606,0,,0.063,
283628,0.951,21608,0,,0.063,
283628,1,21610,0,,0.063,
283628,0.951,21612,0,0,0.063,0
283628,0.809,21614,0,,0.063,
283628,0.587,21616,0,,0.063,
283628,0.309,21618,0,,0.063,
283628,0,21620,0,,0.063,
283628,-0.309,21622,0,,0.063,
283628,-0.587,21624,0,,0.063,
283628,-0.809,21626,0,,0.063,
283628,-0.951,21628,0,,0.063,
283628,-1,21630,0,,0.063,
283628,-0.951,21632,0,0,0.063,0
283628,-0.809,21634,0,,0.063,
283628,-0.587,21636,0,,0.063,
283628,-0.309,21638,0,,0.063,
283628,0,21640,0,,0.063,
283628,0.309,21642,0,,0.063,
283628,0.587,21644,0,,0.063,
283628,0.809,21646,0,,0.063,
283628,0.951,21648,0,,0.063,
283628,1,21650,0,,0.063,
283628,0.951,21652,0,0,0.063,0
283628,0.809,21654,0,,0.063,
283628,0.587,21656,0,,0.063,
283628,0.309,21658,0,,0.063,
283628,0,21660,0,,0.063,
283628,-0.309,21662,0,,0.063,
283628,-0.587,21664,0,,0.063,
283628,-0.809,21666,0,,0.063,
283628,-0.951,21668,0,,0.063,
283628,-1,21670,0,,0.063,
283628,-0.951,21672,0,0,0.063,0
283628,-0.809,21674,0,,0.063,
283628,-0.587,21676,0,,0.063,
283628,-0.309,21678,0,,0.063,
283628,0,21680,0,,0.063,
283628,0.309,21682,0,,0.063,
283628,0.587,21684,0,,0.063,
283628,0.809,21686,0,,0.063,
283628,0.951,21688,0,,0.063,
283628,1,21690,0,,0.063,
283628,0.951,21692,0,0,0.063,0
283628,0.809,21694,0,,0.063,
283628,0.587,21696,0,,0.063,
283628,0.309,21698,0,,0.063,
283628,0,21700,0,,0.063,
283628,-0.309,21702,0,,0.063,
283628,-0.587,21704,0,,0.063,
283628,-0.809,21706,0,,0.063,
283628,-0.951,21708,0,,0.063,
283628,-1,21710,0,,0.063,
283628,-0.951,21712,0,0,0.063,0
283628,-0.809,21714,0,,0.063,
283628,-0.587,21716,0,,0.063,
283628,-0.309,21718,0,,0.063,
283628,0,21720,0,,0.063,
283628,0.309,21722,0,,0.063,
283628,0.587,21724,0,,0.063,
283628,0.809,21726,0,,0.063,
283628,0.951,21728,0,,0.063,
283628,1,21730,0,,0.063,
283628,0.951,21732,0,0,0.063,0
283628,0.809,21734,0,,0.063,
283628,0.587,21736,0,,0.063,
283628,0.309,21738,0,,0.063,
283628,0,21740,0,,0.063,
283628,-0.309,21742,0,,0.063,
283628,-0.587,21744,0,,0.063,
283628,-0.809,21746,0,,0.063,
283628,-0.951,21748,0,,0.063,
283628,-1,21750,0,,0.063,
283628,-0.951,21752,0,0,0.063,0
283628,-0.809,21754,0,,0.063,
283628,-0.587,21756,0,,0.063,
283628,-0.309,21758,0,,0.063,
283628,0,21760,0,,0.063,
283628,0.309,21762,0,,0.063,
283628,0.587,21764,0,,0.063,
283628,0.809,21766,0,,0.063,
283628,0.951,21768,0,,0.063,
283628,1,21770,0,,0.063,
283628,0.951,21772,0,0,0.063,0
283628,0.809,21774,0,,0.063,
283628,0.587,21776,0,,0.063,
283628,0.309,21778,0,,0.063,
283628,0,21780,0,,0.063,
283628,-0.309,21782,0,,0.063,
283628,-0.587,21784,0,,0.063,
283628,-0.809,21786,0,,0.063,
283628,-0.951,21788,0,,0.063,
283628,-1,21790,0,,0.063,
283628,-0.951,21792,0,0,0.063,0
283628,-0.809,21794,0,,0.063,
283628,-0.587,21796,0,,0.063,
283628,-0.309,21798,0,,0.063,
283628,0,21800,0,,0.063,
283628,0.309,21802,0,,0.063,
283628,0.587,21804,0,,0.063,
283628,0.809,21806,0,,0.063,
283628,0.951,21808,0,,0.063,
283628,1,21810,0,,0.063,
283628,0.951,21812,0,0,0.063,0
283628,0.809,21814,0,,0.063,
283628,0.587,21816,0,,0.063,
283628,0.309,21818,0,,0.063,
283628,0,21820,0,,0.063,
283628,-0.309,21822,0,,0.063,
283628,-0.587,21824,0,,0.063,
283628,-0.809,21826,0,,0.063,
283628,-0.951,21828,0,,0.063,
283628,-1,21830,0,,0.063,
283628,-0.951,21832,0,0,0.063,0
283628,-0.809,21834,0,,0.063,
283628,-0.587,21836,0,,0.063,
283628,-0.309,21838,0,,0.063,
283628,0,21840,0,,0.063,
283628,0.309,21842,0,,0.063,
283628,0.587,21844,0,,0.063,
283628,0.809,21846,0,,0.063,
283628,0.951,21848,0,,0.063,
283628,1,21850,0,,0.063,
283628,0.951,21852,0,0,0.063,0
283628,0.809,21854,0,,0.063,
283628,0.587,21856,0,,0.063,
283628,0.309,21858,0,,0.063,
283628,0,21860,0,,0.063,
283628,-0.309,21862,0,,0.063,
283628,-0.587,21864,0,,0.063,
283628,-0.809,21866,0,,0.063,
283628,-0.951,21868,0,,0.063,
283628,-1,21870,0,,0.063,
283628,-0.951,21872,0,0,0.063,0
283628,-0.809,21874,0,,0.063,
283628,-0.587,21876,0,,0.063,
283628,-0.309,21878,0,,0.063,
283628,0,21880,0,,0.063,
283628,0.309,21882,0,,0.063,
283628,0.587,21884,0,,0.063,
283628,0.809,21886,0,,0.063,
283628,0.951,21888,0,,0.063,
283628,1,21890,0,,0.063,
283628,0.951,21892,0,0,0.063,0
283628,0.809,21894,0,,0.063,
283628,0.587,21896,0,,0.063,
283628,0.309,21898,0,,0.063,
283628,0,21900,0,,0.063,
283628,-0.309,21902,0,,0.063,
283628,-0.587,21904,0,,0.063,
283628,-0.809,21906,0,,0.063,
283628,-0.951,21908,0,,0.063,
283628,-1,21910,0,,0.063,
283628,-0.951,21912,0,0,0.063,0
283628,-0.809,21914,0,,0.063,
283628,-0.587,21916,0,,0.063,
283628,-0.309,21918,0,,0.063,
283628,0,21920,0,,0.063,
283628,0.309,21922,0,,0.063,
283628,0.587,21924,0,,0.063,
283628,0.809,21926,0,,0.063,
283628,0.951,21928,0,,0.063,
283628,1,21930,0,,0.063,
283628,0.951,21932,0,0,0.063,0
283628,0.809,21934,0,,0.063,
283628,0.587,21936,0,,0.063,
283628,0.309,21938,0,,0.063,
283628,0,21940,0,,0.063,
283628,-0.309,21942,0,,0.063,
283628,-0.587,21944,0,,0.063,
283628,-0.809,21946,0,,0.063,
283628,-0.951,21948,0,,0.063,
283628,-1,21950,0,,0.063,
283628,-0.951,21952,0,0,0.063,0
283628,-0.809,21954,0,,0.063,
283628,-0.587,21956,0,,0.063,
283628,-0.309,21958,0,,0.063,
283628,0,21960,0,,0.063,
283628,0.309,21962,0,,0.063,
283628,0.587,21964,0,,0.063,
283628,0.809,21966,0,,0.063,
283628,0.951,21968,0,,0.063,
283628,1,21970,0,,0.063,
283628,0.951,21972,0,0,0.063,0
283628,0.809,21974,0,,0.063,
283628,0.587,21976,0,,0.063,
283628,0.309,21978,0,,0.063,
283628,0,21980,0,,0.063,
283628,-0.309,21982,0,,0.063,
283628,-0.587,21984,0,,0.063,
283628,-0.809,21986,0,,0.063,
283628,-0.951,21988,0,,0.063,
283628,-1,21990,0,,0.063,
283628,-0.951,21992,0,0,0.063,0
283628,-0.809,21994,0,,0.063,
283628,-0.587,21996,0,,0.063,
283628,-0.309,21998,0,,0.063,
283628,0,22000,0,,0.063,
283628,0.309,22002,0,,0.063,
283628,0.587,22004,0,,0.063,
283628,0.809,22006,0,,0.063,
283628,0.951,22008,0,,0.063,
283628,1,22010,0,,0.063,
283628,0.951,22012,0,0,0.063,0
283628,0.809,22014,0,,0.063,
283628,0.587,22016,0,,0.063,
283628,0.309,22018,0,,0.063,
283628,0,22020,0,,0.063,
283628,-0.309,22022,0,,0.063,
283628,-0.587,22024,0,,0.063,
283628,-0.809,22026,0,,0.063,
283628,-0.951,22028,0,,0.063,
283628,-1,22030,0,,0.063,
283628,-0.951,22032,0,0,0.063,0
283628,-0.809,22034,0,,0.063,
283628,-0.587,22036,0,,0.063,
283628,-0.309,22038,0,,0.063,
283628,0,22040,0,,0.063,
283628,0.309,22042,0,,0.063,
283628,0.587,22044,0,,0.063,
283628,0.809,22046,0,,0.063,
283628,0.951,22048,0,,0.063,
283628,1,22050,0,,0.063,
283628,0.951,22052,0,0,0.063,0
283628,0.809,22054,0,,0.063,
283628,0.587,22056,0,,0.063,
283628,0.309,22058,0,,0.063,
283628,0,22060,0,,0.063,
283628,-0.309,22062,0,,0.063,
283628,-0.587,22064,0,,0.063,
283628,-0.809,22066,0,,0.063,
283628,-0.951,22068,0,,0.063,
283628,-1,22070,0,,0.063,
283628,-0.951,22072,0,0,0.063,0
283628,-0.809,22074,0,,0.063,
283628,-0.587,22076,0,,0.063,
283628,-0.309,22078,0,,0.063,
283628,0,22080,0,,0.063,
283628,0.309,22082,0,,0.063,
283628,0.587,22084,0,,0.063,
283628,0.809,22086,0,,0.063,
283628,0.951,22088,0,,0.063,
283628,1,22090,0,,0.063,
283628,0.951,22092,0,0,0.063,0
283628,0.809,22094,0,,0.063,
283628,0.587,22096,0,,0.063,
283628,0.309,22098,0,,0.063,
283628,0,22100,0,,0.063,
283628,-0.309,22102,0,,0.063,
283628,-0.587,22104,0,,0.063,
283628,-0.809,22106,0,,0.063,
283628,-0.951,22108,0,,0.063,
283628,-1,22110,0,,0.063,
283628,-0.951,22112,0,0,0.063,0
283628,-0.809,22114,0,,0.063,
283628,-0.587,22116,0,,0.063,
283628,-0.309,22118,0,,0.063,
283628,0,22120,0,,0.063,
283628,0.309,22122,0,,0.063,
283628,0.587,22124,0,,0.063,
283628,0.809,22126,0,,0.063,
283628,0.951,22128,0,,0.063,
283628,1,22130,0,,0.063,
283628,0.951,22132,0,0,0.063,0
283628,0.809,22134,0,,0.063,
283628,0.587,22136,0,,0.063,
283628,0.309,22138,0,,0.063,
283628,0,22140,0,,0.063,
283628,-0.309,22142,0,,0.063,
283628,-0.587,22144,0,,0.063,
283628,-0.809,22146,0,,0.063,
283628,-0.951,22148,0,,0.063,
283628,-1,22150,0,,0.063,
283628,-0.951,22152,0,0,0.063,0
283628,-0.809,22154,0,,0.063,
283628,-0.587,22156,0,,0.063,
283628,-0.309,22158,0,,0.063,
283628,0,22160,0,,0.063,
283628,0.309,22162,0,,0.063,
283628,0.587,22164,0,,0.063,
283628,0.809,22166,0,,0.063,
283628,0.951,22168,0,,0.063,
283628,1,22170,0,,0.063,
283628,0.951,22172,0,0,0.063,0
283628,0.809,22174,0,,0.063,
283628,0.587,22176,0,,0.063,
283628,0.309,22178,0,,0.063,
283628,0,22180,0,,0.063,
283628,-0.309,22182,0,,0.063,
283628,-0.587,22184,0,,0.063,
283628,-0.809,22186,0,,0.063,
283628,-0.951,22188,0,,0.063,
283628,-1,22190,0,,0.063,
283628,-0.951,22192,0,0,0.063,0
283628,-0.809,22194,0,,0.063,
283628,-0.587,22196,0,,0.063,
283628,-0.309,22198,0,,0.063,
283628,0,22200,0,,0.063,
283628,0.309,22202,0,,0.063,
283628,0.587,22204,0,,0.063,
283628,0.809,22206,0,,0.063,
283628,0.951,22208,0,,0.063,
283628,1,22210,0,,0.063,
283628,0.951,22212,0,0,0.063,0
283628,0.809,22214,0,,0.063,
283628,0.587,22216,0,,0.063,
283628,0.309,22218,0,,0.063,
283628,0,22220,0,,0.063,
283628,-0.309,22222,0,,0.063,
283628,-0.587,22224,0,,0.063,
283628,-0.809,22226,0,,0.063,
283628,-0.951,22228,0,,0.063,
283628,-1,22230,0,,0.063,
283628,-0.951,22232,0,0,0.063,0
283628,-0.809,22234,0,,0.063,
283628,-0.587,22236,0,,0.063,
283628,-0.309,22238,0,,0.063,
283628,0,22240,0,,0.063,
283628,0.309,22242,0,,0.063,
283628,0.587,22244,0,,0.063,
283628,0.809,22246,0,,0.063,
283628,0.951,22248,0,,0.063,
283628,1,22250,0,,0.063,
283628,0.951,22252,0,0,0.063,0
283628,0.809,22254,0,,0.063,
283628,0.587,22256,0,,0.063,
283628,0.309,22258,0,,0.063,
283628,0,22260,0,,0.063,
283628,-0.309,22262,0,,0.063,
283628,-0.587,22264,0,,0.063,
283628,-0.809,22266,0,,0.063,
283628,-0.951,22268,0,,0.063,
283628,-1,22270,0,,0.063,
283628,-0.951,22272,0,0,0.063,0
283628,-0.809,22274,0,,0.063,
283628,-0.587,22276,0,,0.063,
283628,-0.309,22278,0,,0.063,
283628,0,22280,0,,0.063,
283628,0.309,22282,0,,0.063,
283628,0.587,22284,0,,0.063,
283628,0.809,22286,0,,0.063,
283628,0.951,22288,0,,0.063,
283628,1,22290,0,,0.063,
283628,0.951,22292,0,0,0.063,0
283628,0.809,22294,0,,0.063,
283628,0.587,22296,0,,0.063,
283628,0.309,22298,0,,0.063,
283628,0,22300,0,,0.063,
283628,-0.309,22302,0,,0.063,
283628,-0.587,22304,0,,0.063,
283628,-0.809,22306,0,,0.063,
283628,-0.951,22308,0,,0.063,
283628,-1,22310,0,,0.063,
283628,-0.951,22312,0,0,0.063,0
283628,-0.809,22314,0,,0.063,
283628,-0.587,22316,0,,0.063,
283628,-0.309,22318,0,,0.063,
283628,0,22320,0,,0.063,
283628,0.309,22322,0,,0.063,
283628,0.587,22324,0,,0.063,
283628,0.809,22326,0,,0.063,
283628,0.951,22328,0,,0.063,
283628,1,22330,0,,0.063,
283628,0.951,22332,0,0,0.063,0
283628,0.809,22334,0,,0.063,
283628,0.587,22336,0,,0.063,
283628,0.309,22338,0,,0.063,
283628,0,22340,0,,0.063,
283628,-0.309,22342,0,,0.063,
283628,-0.587,22344,0,,0.063,
283628,-0.809,22346,0,,0.063,
283628,-0.951,22348,0,,0.063,
283628,-1,22350,0,,0.063,
283628,-0.951,22352,0,0,0.063,0
283628,-0.809,22354,0,,0.063,
283628,-0.587,22356,0,,0.063,
283628,-0.309,22358,0,,0.063,
283628,0,22360,0,,0.063,
283628,0.309,22362,0,,0.063,
283628,0.587,22364,0,,0.063,
283628,0.809,22366,0,,0.063,
283628,0.951,22368,0,,0.063,
283628,1,22370,0,,0.063,
283628,0.951,22372,0,0,0.063,0
283628,0.809,22374,0,,0.063,
283628,0.587,22376,0,,0.063,
283628,0.309,22378,0,,0.063,
283628,0,22380,0,,0.063,
283628,-0.309,22382,0,,0.063,
283628,-0.587,22384,0,,0.063,
283628,-0.809,22386,0,,0.063,
283628,-0.951,22388,0,,0.063,
283628,-1,22390,0,,0.063,
283628,-0.951,22392,0,0,0.063,0
283628,-0.809,22394,0,,0.063,
283628,-0.587,22396,0,,0.063,
283628,-0.309,22398,0,,0.063,
283628,0,22400,0,,0.063,
283628,0.309,22402,0,,0.063,
283628,0.587,22404,0,,0.063,
283628,0.809,22406,0,,0.063,
283628,0.951,22408,0,,0.063,
283628,1,22410,0,,0.063,
283628,0.951,22412,0,0,0.063,0
283628,0.809,22414,0,,0.063,
283628,0.587,22416,0,,0.063,
283628,0.309,22418,0,,0.063,
283628,0,22420,0,,0.063,
283628,-0.309,22422,0,,0.063,
283628,-0.587,22424,0,,0.063,
283628,-0.809,22426,0,,0.063,
283628,-0.951,22428,0,,0.063,
283628,-1,22430,0,,0.063,
283628,-0.951,22432,0,0,0.063,0
283628,-0.809,22434,0,,0.063,
283628,-0.587,22436,0,,0.063,
283628,-0.309,22438,0,,0.063,
283628,0,22440,0,,0.063,
283628,0.309,22442,0,,0.063,
283628,0.587,22444,0,,0.063,
283628,0.809,22446,0,,0.063,
283628,0.951,22448,0,,0.063,
283628,1,22450,0,,0.063,
283628,0.951,22452,0,0,0.063,0
283628,0.809,22454,0,,0.063,
283628,0.587,22456,0,,0.063,
283628,0.309,22458,0,,0.063,
283628,0,22460,0,,0.063,
283628,-0.309,22462,0,,0.063,
283628,-0.587,22464,0,,0.063,
283628,-0.809,22466,0,,0.063,
283628,-0.951,22468,0,,0.063,
283628,-1,22470,0,,0.063,
283628,-0.951,22472,0,0,0.063,0
283628,-0.809,22474,0,,0.063,
283628,-0.587,22476,0,,0.063,
283628,-0.309,22478,0,,0.063,
283628,0,22480,0,,0.063,
283628,0.309,22482,0,,0.063,
283628,0.587,22484,0,,0.063,
283628,0.809,22486,0,,0.063,
283628,0.951,22488,0,,0.063,
283628,1,22490,0,,0.063,
283628,0.951,22492,0,0,0.063,0
283628,0.809,22494,0,,0.063,
283628,0.587,22496,0,,0.063,
283628,0.309,22498,0,,0.063,
283628,0,22500,0,,0.063,
283628,-0.309,22502,0,,0.063,
283628,-0.587,22504,0,,0.063,
283628,-0.809,22506,0,,0.063,
283628,-0.951,22508,0,,0.063,
283628,-1,22510,0,,0.063,
283628,-0.951,22512,0,0,0.063,0
283628,-0.809,22514,0,,0.063,
283628,-0.587,22516,0,,0.063,
283628,-0.309,22518,0,,0.063,
283628,0,22520,0,,0.063,
283628,0.309,22522,0,,0.063,
283628,0.587,22524,0,,0.063,
283628,0.809,22526,0,,0.063,
283628,0.951,22528,0,,0.063,
283628,1,22530,0,,0.063,
283628,0.951,22532,0,0,0.063,0
283628,0.809,22534,0,,0.063,
283628,0.587,22536,0,,0.063,
283628,0.309,22538,0,,0.063,
283628,0,22540,0,,0.063,
283628,-0.309,22542,0,,0.063,
283628,-0.587,22544,0,,0.063,
283628,-0.809,22546,0,,0.063,
283628,-0.951,22548,0,,0.063,
283628,-1,22550,0,,0.063,
283628,-0.951,22552,0,0,0.063,0
283628,-0.809,22554,0,,0.063,
283628,-0.587,22556,0,,0.063,
283628,-0.309,22558,0,,0.063,
283628,0,22560,0,,0.063,
283628,0.309,22562,0,,0.063,
283628,0.587,22564,0,,0.063,
283628,0.809,22566,0,,0.063,
283628,0.951,22568,0,,0.063,
283628,1,22570,0,,0.063,
283628,0.951,22572,0,0,0.063,0
283628,0.809,22574,0,,0.063,
283628,0.587,22576,0,,0.063,
283628,0.309,22578,0,,0.063,
283628,0,22580,0,,0.063,
283628,-0.309,22582,0,,0.063,
283628,-0.587,22584,0,,0.063,
283628,-0.809,22586,0,,0.063,
283628,-0.951,22588,0,,0.063,
283628,-1,22590,0,,0.063,
283628,-0.951,22592,0,0,0.063,0
283628,-0.809,22594,0,,0.063,
283628,-0.587,22596,0,,0.063,
283628,-0.309,22598,0,,0.063,
283628,0,22600,0,,0.063,
283628,0.309,22602,0,,0.063,
283628,0.587,22604,0,,0.063,
283628,0.809,22606,0,,0.063,
283628,0.951,22608,0,,0.063,
283628,1,22610,0,,0.063,
283628,0.951,22612,0,0,0.063,0
283628,0.809,22614,0,,0.063,
283628,0.587,22616,0,,0.063,
283628,0.309,22618,0,,0.063,
283628,0,22620,0,,0.063,
283628,-0.309,22622,0,,0.063,
283628,-0.587,22624,0,,0.063,
283628,-0.809,22626,0,,0.063,
283628,-0.951,22628,0,,0.063,
283628,-1,22630,0,,0.063,
283628,-0.951,22632,0,0,0.063,0
283628,-0.809,22634,0,,0.063,
283628,-0.587,22636,0,,0.063,
283628,-0.309,22638,0,,0.063,
283628,0,22640,0,,0.063,
283628,0.309,22642,0,,0.063,
283628,0.587,22644,0,,0.063,
283628,0.809,22646,0,,0.063,
283628,0.951,22648,0,,0.063,
283628,1,22650,0,,0.063,
283628,0.951,22652,0,0,0.063,0
283628,0.809,22654,0,,0.063,
283628,0.587,22656,0,,0.063,
283628,0.309,22658,0,,0.063,
283628,0,22660,0,,0.063,
283628,-0.309,22662,0,,0.063,
283628,-0.587,22664,0,,0.063,
283628,-0.809,22666,0,,0.063,
283628,-0.951,22668,0,,0.063,
283628,-1,22670,0,,0.063,
283628,-0.951,22672,0,0,0.063,0
283628,-0.809,22674,0,,0.063,
283628,-0.587,22676,0,,0.063,
283628,-0.309,22678,0,,0.063,
283628,0,22680,0,,0.063,
283628,0.309,22682,0,,0.063,
283628,0.587,22684,0,,0.063,
283628,0.809,22686,0,,0.063,
283628,0.951,22688,0,,0.063,
283628,1,22690,0,,0.063,
283628,0.951,22692,0,0,0.063,0
283628,0.809,22694,0,,0.063,
283628,0.587,22696,0,,0.063,
283628,0.309,22698,0,,0.063,
283628,0,22700,0,,0.063,
283628,-0.309,22702,0,,0.063,
283628,-0.587,22704,0,,0.063,
283628,-0.809,22706,0,,0.063,
283628,-0.951,22708,0,,0.063,
283628,-1,22710,0,,0.063,
283628,-0.951,22712,0,0,0.063,0
283628,-0.809,22714,0,,0.063,
283628,-0.587,22716,0,,0.063,
283628,-0.309,22718,0,,0.063,
283628,0,22720,0,,0.063,
283628,0.309,22722,0,,0.063,
283628,0.587,22724,0,,0.063,
283628,0.809,22726,0,,0.063,
283628,0.951,22728,0,,0.063,
283628,1,22730,0,,0.063,
283628,0.951,22732,0,0,0.063,0
283628,0.809,22734,0,,0.063,
283628,0.587,22736,0,,0.063,
283628,0.309,22738,0,,0.063,
283628,0,22740,0,,0.063,
283628,-0.309,22742,0,,0.063,
283628,-0.587,22744,0,,0.063,
283628,-0.809,22746,0,,0.063,
283628,-0.951,22748,0,,0.063,
283628,-1,22750,0,,0.063,
283628,-0.951,22752,0,0,0.063,0
283628,-0.809,22754,0,,0.063,
283628,-0.587,22756,0,,0.063,
283628,-0.309,22758,0,,0.063,
283628,0,22760,0,,0.063,
283628,0.309,22762,0,,0.063,
283628,0.587,22764,0,,0.063,
283628,0.809,22766,0,,0.063,
283628,0.951,22768,0,,0.063,
283628,1,22770,0,,0.063,
283628,0.951,22772,0,0,0.063,0
283628,0.809,22774,0,,0.063,
283628,0.587,22776,0,,0.063,
283628,0.309,22778,0,,0.063,
283628,0,22780,0,,0.063,
283628,-0.309,22782,0,,0.063,
283628,-0.587,22784,0,,0.063,
283628,-0.809,22786,0,,0.063,
283628,-0.951,22788,0,,0.063,
283628,-1,22790,0,,0.063,
283628,-0.951,22792,0,0,0.063,0
283628,-0.809,22794,0,,0.063,
283628,-0.587,22796,0,,0.063,
283628,-0.309,22798,0,,0.063,
283628,0,22800,0,,0.063,
283628,0.309,22802,0,,0.063,
283628,0.587,22804,0,,0.063,
283628,0.809,22806,0,,0.063,
283628,0.951,22808,0,,0.063,
283628,1,22810,0,,0.063,
283628,0.951,22812,0,0,0.063,0
283628,0.809,22814,0,,0.063,
283628,0.587,22816,0,,0.063,
283628,0.309,22818,0,,0.063,
283628,0,22820,0,,0.063,
283628,-0.309,22822,0,,0.063,
283628,-0.587,22824,0,,0.063,
283628,-0.809,22826,0,,0.063,
283628,-0.951,22828,0,,0.063,
283628,-1,22830,0,,0.063,
283628,-0.951,22832,0,0,0.063,0
283628,-0.809,22834,0,,0.063,
283628,-0.587,22836,0,,0.063,
283628,-0.309,22838,0,,0.063,
283628,0,22840,0,,0.063,
283628,0.309,22842,0,,0.063,
283628,0.587,22844,0,,0.063,
283628,0.809,22846,0,,0.063,
283628,0.951,22848,0,,0.063,
283628,1,22850,0,,0.063,
283628,0.951,22852,0,0,0.063,0
283628,0.809,22854,0,,0.063,
283628,0.587,22856,0,,0.063,
283628,0.309,22858,0,,0.063,
283628,0,22860,0,,0.063,
283628,-0.309,22862,0,,0.063,
283628,-0.587,22864,0,,0.063,
283628,-0.809,22866,0,,0.063,
283628,-0.951,22868,0,,0.063,
283628,-1,22870,0,,0.063,
283628,-0.951,22872,0,0,0.063,0
283628,-0.809,22874,0,,0.063,
283628,-0.587,22876,0,,0.063,
283628,-0.309,22878,0,,0.063,
283628,0,22880,0,,0.063,
283628,0.309,22882,0,,0.063,
283628,0.587,22884,0,,0.063,
283628,0.809,22886,0,,0.063,
283628,0.951,22888,0,,0.063,
283628,1,22890,0,,0.063,
283628,0.951,22892,0,0,0.063,0
283628,0.809,22894,0,,0.063,
283628,0.587,22896,0,,0.063,
283628,0.309,22898,0,,0.063,
283628,0,22900,0,,0.063,
283628,-0.309,22902,0,,0.063,
283628,-0.587,22904,0,,0.063,
283628,-0.809,22906,0,,0.063,
283628,-0.951,22908,0,,0.063,
283628,-1,22910,0,,0.063,
283628,-0.951,22912,0,0,0.063,0
283628,-0.809,22914,0,,0.063,
283628,-0.587,22916,0,,0.063,
283628,-0.309,22918,0,,0.063,
283628,0,22920,0,,0.063,
283628,0.309,22922,0,,0.063,
283628,0.587,22924,0,,0.063,
283628,0.809,22926,0,,0.063,
283628,0.951,22928,0,,0.063,
283628,1,22930,0,,0.063,
283628,0.951,22932,0,0,0.063,0
283628,0.809,22934,0,,0.063,
283628,0.587,22936,0,,0.063,
283628,0.309,22938,0,,0.063,
283628,0,22940,0,,0.063,
283628,-0.309,22942,0,,0.063,
283628,-0.587,22944,0,,0.063,
283628,-0.809,22946,0,,0.063,
283628,-0.951,22948,0,,0.063,
283628,-1,22950,0,,0.063,
283628,-0.951,22952,0,0,0.063,0
283628,-0.809,22954,0,,0.063,
283628,-0.587,22956,0,,0.063,
283628,-0.309,22958,0,,0.063,
283628,0,22960,0,,0.063,
283628,0.309,22962,0,,0.063,
283628,0.587,22964,0,,0.063,
283628,0.809,22966,0,,0.063,
283628,0.951,22968,0,,0.063,
283628,1,22970,0,,0.063,
283628,0.951,22972,0,0,0.063,0
283628,0.809,22974,0,,0.063,
283628,0.587,22976,0,,0.063,
283628,0.309,22978,0,,0.063,
283628,0,22980,0,,0.063,
283628,-0.309,22982,0,,0.063,
283628,-0.587,22984,0,,0.063,
283628,-0.809,22986,0,,0.063,
283628,-0.951,22988,0,,0.063,
283628,-1,22990,0,,0.063,
283628,-0.951,22992,0,0,0.063,0
283628,-0.809,22994,0,,0.063,
283628,-0.587,22996,0,,0.063,
283628,-0.309,22998,0,,0.063,
283628,0,23000,0,,0.063,
283628,0.309,23002,0,,0.063,
283628,0.587,23004,0,,0.063,
283628,0.809,23006,0,,0.063,
283628,0.951,23008,0,,0.063,
283628,1,23010,0,,0.063,
283628,0.951,23012,0,0,0.063,0
283628,0.809,23014,0,,0.063,
283628,0.587,23016,0,,0.063,
283628,0.309,23018,0,,0.063,
283628,0,23020,0,,0.063,
283628,-0.309,23022,0,,0.063,
283628,-0.587,23024,0,,0.063,
283628,-0.809,23026,0,,0.063,
283628,-0.951,23028,0,,0.063,
283628,-1,23030,0,,0.063,
283628,-0.951,23032,0,0,0.063,0
283628,-0.809,23034,0,,0.063,
283628,-0.587,23036,0,,0.063,
283628,-0.309,23038,0,,0.063,
283628,0,23040,0,,0.063,
283628,0.309,23042,0,,0.063,
283628,0.587,23044,0,,0.063,
283628,0.809,23046,0,,0.063,
283628,0.951,23048,0,,0.063,
283628,1,23050,0,,0.063,
283628,0.951,23052,0,0,0.063,0
283628,0.809,23054,0,,0.063,
283628,0.587,23056,0,,0.063,
283628,0.309,23058,0,,0.063,
283628,0,23060,0,,0.063,
283628,-0.309,23062,0,,0.063,
283628,-0.587,23064,0,,0.063,
283628,-0.809,23066,0,,0.063,
283628,-0.951,23068,0,,0.063,
283628,-1,23070,0,,0.063,
283628,-0.951,23072,0,0,0.063,0
283628,-0.809,23074,0,,0.063,
283628,-0.587,23076,0,,0.063,
283628,-0.309,23078,0,,0.063,
283628,0,23080,0,,0.063,
283628,0.309,23082,0,,0.063,
283628,0.587,23084,0,,0.063,
283628,0.809,23086,0,,0.063,
283628,0.951,23088,0,,0.063,
283628,1,23090,0,,0.063,
283628,0.951,23092,0,0,0.063,0
283628,0.809,23094,0,,0.063,
283628,0.587,23096,0,,0.063,
283628,0.309,23098,0,,0.063,
283628,0,23100,0,,0.063,
283628,-0.309,23102,0,,0.063,
283628,-0.587,23104,0,,0.063,
283628,-0.809,23106,0,,0.063,
283628,-0.951,23108,0,,0.063,
283628,-1,23110,0,,0.063,
283628,-0.951,23112,0,0,0.063,0
283628,-0.809,23114,0,,0.063,
283628,-0.587,23116,0,,0.063,
283628,-0.309,23118,0,,0.063,
283628,0,23120,0,,0.063,
283628,0.309,23122,0,,0.063,
283628,0.587,23124,0,,0.063,
283628,0.809,23126,0,,0.063,
283628,0.951,23128,0,,0.063,
283628,1,23130,0,,0.063,
283628,0.951,23132,0,0,0.063,0
283628,0.809,23134,0,,0.063,
283628,0.587,23136,0,,0.063,
283628,0.309,23138,0,,0.063,
283628,0,23140,0,,0.063,
283628,-0.309,23142,0,,0.063,
283628,-0.587,23144,0,,0.063,
283628,-0.809,23146,0,,0.063,
283628,-0.951,23148,0,,0.063,
283628,-1,23150,0,,0.063,
283628,-0.951,23152,0,0,0.063,0
283628,-0.809,23154,0,,0.063,
283628,-0.587,23156,0,,0.063,
283628,-0.309,23158,0,,0.063,
283628,0,23160,0,,0.063,
283628,0.309,23162,0,,0.063,
283628,0.587,23164,0,,0.063,
283628,0.809,23166,0,,0.063,
283628,0.951,23168,0,,0.063,
283628,1,23170,0,,0.063,
283628,0.951,23172,0,0,0.063,0
283628,0.809,23174,0,,0.063,
283628,0.587,23176,0,,0.063,
283628,0.309,23178,0,,0.063,
283628,0,23180,0,,0.063,
283628,-0.309,23182,0,,0.063,
283628,-0.587,23184,0,,0.063,
283628,-0.809,23186,0,,0.063,
283628,-0.951,23188,0,,0.063,
283628,-1,23190,0,,0.063,
283628,-0.951,23192,0,0,0.063,0
283628,-0.809,23194,0,,0.063,
283628,-0.587,23196,0,,0.063,
283628,-0.309,23198,0,,0.063,
283628,0,23200,0,,0.063,
283628,0.309,23202,0,,0.063,
283628,0.587,23204,0,,0.063,
283628,0.809,23206,0,,0.063,
283628,0.951,23208,0,,0.063,
283628,1,23210,0,,0.063,
283628,0.951,23212,0,0,0.063,0
283628,0.809,23214,0,,0.063,
283628,0.587,23216,0,,0.063,
283628,0.309,23218,0,,0.063,
283628,0,23220,0,,0.063,
283628,-0.309,23222,0,,0.063,
283628,-0.587,23224,0,,0.063,
283628,-0.809,23226,0,,0.063,
283628,-0.951,23228,0,,0.063,
283628,-1,23230,0,,0.063,
283628,-0.951,23232,0,0,0.063,0
283628,-0.809,23234,0,,0.063,
283628,-0.587,23236,0,,0.063,
283628,-0.309,23238,0,,0.063,
283628,0,23240,0,,0.063,
283628,0.309,23242,0,,0.063,
283628,0.587,23244,0,,0.063,
283628,0.809,23246,0,,0.063,
283628,0.951,23248,0,,0.063,
283628,1,23250,0,,0.063,
283628,0.951,23252,0,0,0.063,0
283628,0.809,23254,0,,0.063,
283628,0.587,23256,0,,0.063,
283628,0.309,23258,0,,0.063,
283628,0,23260,0,,0.063,
283628,-0.309,23262,0,,0.063,
283628,-0.587,23264,0,,0.063,
283628,-0.809,23266,0,,0.063,
283628,-0.951,23268,0,,0.063,
283628,-1,23270,0,,0.063,
283628,-0.951,23272,0,0,0.063,0
283628,-0.809,23274,0,,0.063,
283628,-0.587,23276,0,,0.063,
283628,-0.309,23278,0,,0.063,
283628,0,23280,0,,0.063,
283628,0.309,23282,0,,0.063,
283628,0.587,23284,0,,0.063,
283628,0.809,23286,0,,0.063,
283628,0.951,23288,0,,0.063,
283628,1,23290,0,,0.063,
283628,0.951,23292,0,0,0.063,0
283628,0.809,23294,0,,0.063,
283628,0.587,23296,0,,0.063,
283628,0.309,23298,0,,0.063,
283628,0,23300,0,,0.063,
283628,-0.309,23302,0,,0.063,
283628,-0.587,23304,0,,0.063,
283628,-0.809,23306,0,,0.063,
283628,-0.951,23308,0,,0.063,
283628,-1,23310,0,,0.063,
283628,-0.951,23312,0,0,0.063,0
283628,-0.809,23314,0,,0.063,
283628,-0.587,23316,0,,0.063,
283628,-0.309,23318,0,,0.063,
283628,0,23320,0,,0.063,
283628,0.309,23322,0,,0.063,
283628,0.587,23324,0,,0.063,
283628,0.809,23326,0,,0.063,
283628,0.951,23328,0,,0.063,
283628,1,23330,0,,0.063,
283628,0.951,23332,0,0,0.063,0
283628,0.809,23334,0,,0.063,
283628,0.587,23336,0,,0.063,
283628,0.309,23338,0,,0.063,
283628,0,23340,0,,0.063,
283628,-0.309,23342,0,,0.063,
283628,-0.587,23344,0,,0.063,
283628,-0.809,23346,0,,0.063,
283628,-0.951,23348,0,,0.063,
283628,-1,23350,0,,0.063,
283628,-0.951,23352,0,0,0.063,0
283628,-0.809,23354,0,,0.063,
283628,-0.587,23356,0,,0.063,
283628,-0.309,23358,0,,0.063,
283628,0,23360,0,,0.063,
283628,0.309,23362,0,,0.063,
283628,0.587,23364,0,,0.063,
283628,0.809,23366,0,,0.063,
283628,0.951,23368,0,,0.063,
283628,1,23370,0,,0.063,
283628,0.951,23372,0,0,0.063,0
283628,0.809,23374,0,,0.063,
283628,0.587,23376,0,,0.063,
283628,0.309,23378,0,,0.063,
283628,0,23380,0,,0.063,
283628,-0.309,23382,0,,0.063,
283628,-0.587,23384,0,,0.063,
283628,-0.809,23386,0,,0.063,
283628,-0.951,23388,0,,0.063,
283628,-1,23390,0,,0.063,
283628,-0.951,23392,0,0,0.063,0
283628,-0.809,23394,0,,0.063,
283628,-0.587,23396,0,,0.063,
283628,-0.309,23398,0,,0.063,
283628,0,23400,0,,0.063,
283628,0.309,23402,0,,0.063,
283628,0.587,23404,0,,0.063,
283628,0.809,23406,0,,0.063,
283628,0.951,23408,0,,0.063,
283628,1,23410,0,,0.063,
283628,0.951,23412,0,0,0.063,0
283628,0.809,23414,0,,0.063,
283628,0.587,23416,0,,0.063,
283628,0.309,23418,0,,0.063,
283628,0,23420,0,,0.063,
283628,-0.309,23422,0,,0.063,
283628,-0.587,23424,0,,0.063,
283628,-0.809,23426,0,,0.063,
283628,-0.951,23428,0,,0.063,
283628,-1,23430,0,,0.063,
283628,-0.951,23432,0,0,0.063,0
283628,-0.809,23434,0,,0.063,
283628,-0.587,23436,0,,0.063,
283628,-0.309,23438,0,,0.063,
283628,0,23440,0,,0.063,
283628,0.309,23442,0,,0.063,
283628,0.587,23444,0,,0.063,
283628,0.809,23446,0,,0.063,
283628,0.951,23448,0,,0.063,
283628,1,23450,0,,0.063,
283628,0.951,23452,0,0,0.063,0
283628,0.809,23454,0,,0.063,
283628,0.587,23456,0,,0.063,
283628,0.309,23458,0,,0.063,
283628,0,23460,0,,0.063,
283628,-0.309,23462,0,,0.063,
283628,-0.587,23464,0,,0.063,
283628,-0.809,23466,0,,0.063,
283628,-0.951,23468,0,,0.063,
283628,-1,23470,0,,0.063,
283628,-0.951,23472,0,0,0.063,0
283628,-0.809,23474,0,,0.063,
283628,-0.587,23476,0,,0.063,
283628,-0.309,23478,0,,0.063,
283628,0,23480,0,,0.063,
283628,0.309,23482,0,,0.063,
283628,0.587,23484,0,,0.063,
283628,0.809,23486,0,,0.063,
283628,0.951,23488,0,,0.063,
283628,1,23490,0,,0.063,
283628,0.951,23492,0,0,0.063,0
283628,0.809,23494,0,,0.063,
283628,0.587,23496,0,,0.063,
283628,0.309,23498,0,,0.063,
283628,0,23500,0,,0.063,
283628,-0.309,23502,0,,0.063,
283628,-0.587,23504,0,,0.063,
283628,-0.809,23506,0,,0.063,
283628,-0.951,23508,0,,0.063,
283628,-1,23510,0,,0.063,
283628,-0.951,23512,0,0,0.063,0
283628,-0.809,23514,0,,0.063,
283628,-0.587,23516,0,,0.063,
283628,-0.309,23518,0,,0.063,
283628,0,23520,0,,0.063,
283628,0.309,23522,0,,0.063,
283628,0.587,23524,0,,0.063,
283628,0.809,23526,0,,0.063,
283628,0.951,23528,0,,0.063,
283628,1,23530,0,,0.063,
283628,0.951,23532,0,0,0.063,0
283628,0.809,23534,0,,0.063,
283628,0.587,23536,0,,0.063,
283628,0.309,23538,0,,0.063,
283628,0,23540,0,,0.063,
283628,-0.309,23542,0,,0.063,
283628,-0.587,23544,0,,0.063,
283628,-0.809,23546,0,,0.063,
283628,-0.951,23548,0,,0.063,
283628,-1,23550,0,,0.063,
283628,-0.951,23552,0,0,0.063,0
283628,-0.809,23554,0,,0.063,
283628,-0.587,23556,0,,0.063,
283628,-0.309,23558,0,,0.063,
283628,0,23560,0,,0.063,
283628,0.309,23562,0,,0.063,
283628,0.587,23564,0,,0.063,
283628,0.809,23566,0,,0.063,
283628,0.951,23568,0,,0.063,
283628,1,23570,0,,0.063,
283628,0.951,23572,0,0,0.063,0
283628,0.809,23574,0,,0.063,
283628,0.587,23576,0,,0.063,
283628,0.309,23578,0,,0.063,
283628,0,23580,0,,0.063,
283628,-0.309,23582,0,,0.063,
283628,-0.587,23584,0,,0.063,
283628,-0.809,23586,0,,0.063,
283628,-0.951,23588,0,,0.063,
283628,-1,23590,0,,0.063,
283628,-0.951,23592,0,0,0.063,0
283628,-0.809,23594,0,,0.063,
283628,-0.587,23596,0,,0.063,
283628,-0.309,23598,0,,0.063,
283628,0,23600,0,,0.063,
283628,0.309,23602,0,,0.063,
283628,0.587,23604,0,,0.063,
283628,0.809,23606,0,,0.063,
283628,0.951,23608,0,,0.063,
283628,1,23610,0,,0.063,
283628,0.951,23612,0,0,0.063,0
283628,0.809,23614,0,,0.063,
283628,0.587,23616,0,,0.063,
283628,0.309,23618,0,,0.063,
283628,0,23620,0,,0.063,
283628,-0.309,23622,0,,0.063,
283628,-0.587,23624,0,,0.063,
283628,-0.809,23626,0,,0.063,
283628,-0.951,23628,0,,0.063,
283628,-1,23630,0,,0.063,
283628,-0.951,23632,0,0,0.063,0
283628,-0.809,23634,0,,0.063,
283628,-0.587,23636,0,,0.063,
283628,-0.309,23638,0,,0.063,
283628,0,23640,0,,0.063,
283628,0.309,23642,0,,0.063,
283628,0.587,23644,0,,0.063,
283628,0.809,23646,0,,0.063,
283628,0.951,23648,0,,0.063,
283628,1,23650,0,,0.063,
283628,0.951,23652,0,0,0.063,0
283628,0.809,23654,0,,0.063,
283628,0.587,23656,0,,0.063,
283628,0.309,23658,0,,0.063,
283628,0,23660,0,,0.063,
283628,-0.309,23662,0,,0.063,
283628,-0.587,23664,0,,0.063,
283628,-0.809,23666,0,,0.063,
283628,-0.951,23668,0,,0.063,
283628,-1,23670,0,,0.063,
283628,-0.951,23672,0,0,0.063,0
283628,-0.809,23674,0,,0.063,
283628,-0.587,23676,0,,0.063,
283628,-0.309,23678,0,,0.063,
283628,0,23680,0,,0.063,
283628,0.309,23682,0,,0.063,
283628,0.587,23684,0,,0.063,
283628,0.809,23686,0,,0.063,
283628,0.951,23688,0,,0.063,
283628,1,23690,0,,0.063,
283628,0.951,23692,0,0,0.063,0
283628,0.809,23694,0,,0.063,
283628,0.587,23696,0,,0.063,
283628,0.309,23698,0,,0.063,
283628,0,23700,0,,0.063,
283628,-0.309,23702,0,,0.063,
283628,-0.587,23704,0,,0.063,
283628,-0.809,23706,0,,0.063,
283628,-0.951,23708,0,,0.063,
283628,-1,23710,0,,0.063,
283628,-0.951,23712,0,0,0.063,0
283628,-0.809,23714,0,,0.063,
283628,-0.587,23716,0,,0.063,
283628,-0.309,23718,0,,0.063,
283628,0,23720,0,,0.063,
283628,0.309,23722,0,,0.063,
283628,0.587,23724,0,,0.063,
283628,0.809,23726,0,,0.063,
283628,0.951,23728,0,,0.063,
283628,1,23730,0,,0.063,
283628,0.951,23732,0,0,0.063,0
283628,0.809,23734,0,,0.063,
283628,0.587,23736,0,,0.063,
283628,0.309,23738,0,,0.063,
283628,0,23740,0,,0.063,
283628,-0.309,23742,0,,0.063,
283628,-0.587,23744,0,,0.063,
283628,-0.809,23746,0,,0.063,
283628,-0.951,23748,0,,0.063,
283628,-1,23750,0,,0.063,
283628,-0.951,23752,0,0,0.063,0
283628,-0.809,23754,0,,0.063,
283628,-0.587,23756,0,,0.063,
283628,-0.309,23758,0,,0.063,
283628,0,23760,0,,0.063,
283628,0.309,23762,0,,0.063,
283628,0.587,23764,0,,0.063,
283628,0.809,23766,0,,0.063,
283628,0.951,23768,0,,0.063,
283628,1,23770,0,,0.063,
283628,0.951,23772,0,0,0.063,0
283628,0.809,23774,0,,0.063,
283628,0.587,23776,0,,0.063,
283628,0.309,23778,0,,0.063,
283628,0,23780,0,,0.063,
283628,-0.309,23782,0,,0.063,
283628,-0.587,23784,0,,0.063,
283628,-0.809,23786,0,,0.063,
283628,-0.951,23788,0,,0.063,
283628,-1,23790,0,,0.063,
283628,-0.951,23792,0,0,0.063,0
283628,-0.809,23794,0,,0.063,
283628,-0.587,23796,0,,0.063,
283628,-0.309,23798,0,,0.063,
283628,0,23800,0,,0.063,
283628,0.309,23802,0,,0.063,
283628,0.587,23804,0,,0.063,
283628,0.809,23806,0,,0.063,
283628,0.951,23808,0,,0.063,
283628,1,23810,0,,0.063,
283628,0.951,23812,0,0,0.063,0
283628,0.809,23814,0,,0.063,
283628,0.587,23816,0,,0.063,
283628,0.309,23818,0,,0.063,
283628,0,23820,0,,0.063,
283628,-0.309,23822,0,,0.063,
283628,-0.587,23824,0,,0.063,
283628,-0.809,23826,0,,0.063,
283628,-0.951,23828,0,,0.063,
283628,-1,23830,0,,0.063,
283628,-0.951,23832,0,0,0.063,0
283628,-0.809,23834,0,,0.063,
283628,-0.587,23836,0,,0.063,
283628,-0.309,23838,0,,0.063,
283628,0,23840,0,,0.063,
283628,0.309,23842,0,,0.063,
283628,0.587,23844,0,,0.063,
283628,0.809,23846,0,,0.063,
283628,0.951,23848,0,,0.063,
283628,1,23850,0,,0.063,
283628,0.951,23852,0,0,0.063,0
283628,0.809,23854,0,,0.063,
283628,0.587,23856,0,,0.063,
283628,0.309,23858,0,,0.063,
283628,0,23860,0,,0.063,
283628,-0.309,23862,0,,0.063,
283628,-0.587,23864,0,,0.063,
283628,-0.809,23866,0,,0.063,
283628,-0.951,23868,0,,0.063,
283628,-1,23870,0,,0.063,
283628,-0.951,23872,0,0,0.063,0
283628,-0.809,23874,0,,0.063,
283628,-0.587,23876,0,,0.063,
283628,-0.309,23878,0,,0.063,
283628,0,23880,0,,0.063,
283628,0.309,23882,0,,0.063,
283628,0.587,23884,0,,0.063,
283628,0.809,23886,0,,0.063,
283628,0.951,23888,0,,0.063,
283628,1,23890,0,,0.063,
283628,0.951,23892,0,0,0.063,0
283628,0.809,23894,0,,0.063,
283628,0.587,23896,0,,0.063,
283628,0.309,23898,0,,0.063,
283628,0,23900,0,,0.063,
283628,-0.309,23902,0,,0.063,
283628,-0.587,23904,0,,0.063,
283628,-0.809,23906,0,,0.063,
283628,-0.951,23908,0,,0.063,
283628,-1,23910,0,,0.063,
283628,-0.951,23912,0,0,0.063,0
283628,-0.809,23914,0,,0.063,
283628,-0.587,23916,0,,0.063,
283628,-0.309,23918,0,,0.063,
283628,0,23920,0,,0.063,
283628,0.309,23922,0,,0.063,
283628,0.587,23924,0,,0.063,
283628,0.809,23926,0,,0.063,
283628,0.951,23928,0,,0.063,
283628,1,23930,0,,0.063,
283628,0.951,23932,0,0,0.063,0
283628,0.809,23934,0,,0.063,
283628,0.587,23936,0,,0.063,
283628,0.309,23938,0,,0.063,
283628,0,23940,0,,0.063,
283628,-0.309,23942,0,,0.063,
283628,-0.587,23944,0,,0.063,
283628,-0.809,23946,0,,0.063,
283628,-0.951,23948,0,,0.063,
283628,-1,23950,0,,0.063,
283628,-0.951,23952,0,0,0.063,0
283628,-0.809,23954,0,,0.063,
283628,-0.587,23956,0,,0.063,
283628,-0.309,23958,0,,0.063,
283628,0,23960,0,,0.063,
283628,0.309,23962,0,,0.063,
283628,0.587,23964,0,,0.063,
283628,0.809,23966,0,,0.063,
283628,0.951,23968,0,,0.063,
283628,1,23970,0,,0.063,
283628,0.951,23972,0,0,0.063,0
283628,0.809,23974,0,,0.063,
283628,0.587,23976,0,,0.063,
283628,0.309,23978,0,,0.063,
283628,0,23980,0,,0.063,
283628,-0.309,23982,0,,0.063,
283628,-0.587,23984,0,,0.063,
283628,-0.809,23986,0,,0.063,
283628,-0.951,23988,0,,0.063,
283628,-1,23990,0,,0.063,
283628,-0.951,23992,0,0,0.063,0
283628,-0.809,23994,0,,0.063,
283628,-0.587,23996,0,,0.063,
283628,-0.309,23998,0,,0.063,
283628,0,24000,0,,0.063,
283628,0.309,24002,0,,0.063,
283628,0.587,24004,0,,0.063,
283628,0.809,24006,0,,0.063,
283628,0.951,24008,0,,0.063,
283628,1,24010,0,,0.063,
283628,0.951,24012,0,0,0.063,0
283628,0.809,24014,0,,0.063,
283628,0.587,24016,0,,0.063,
283628,0.309,24018,0,,0.063,
283628,0,24020,0,,0.063,
283628,-0.309,24022,0,,0.063,
283628,-0.587,24024,0,,0.063,
283628,-0.809,24026,0,,0.063,
283628,-0.951,24028,0,,0.063,
283628,-1,24030,0,,0.063,
283628,-0.951,24032,0,0,0.063,0
283628,-0.809,24034,0,,0.063,
283628,-0.587,24036,0,,0.063,
283628,-0.309,24038,0,,0.063,
283628,0,24040,0,,0.063,
283628,0.309,24042,0,,0.063,
283628,0.587,24044,0,,0.063,
283628,0.809,24046,0,,0.063,
283628,0.951,24048,0,,0.063,
283628,1,24050,0,,0.063,
283628,0.951,24052,0,0,0.063,0
283628,0.809,24054,0,,0.063,
283628,0.587,24056,0,,0.063,
283628,0.309,24058,0,,0.063,
283628,0,24060,0,,0.063,
283628,-0.309,24062,0,,0.063,
283628,-0.587,24064,0,,0.063,
283628,-0.809,24066,0,,0.063,
283628,-0.951,24068,0,,0.063,
283628,-1,24070,0,,0.063,
283628,-0.951,24072,0,0,0.063,0
283628,-0.809,24074,0,,0.063,
283628,-0.587,24076,0,,0.063,
283628,-0.309,24078,0,,0.063,
283628,0,24080,0,,0.063,
283628,0.309,24082,0,,0.063,
283628,0.587,24084,0,,0.063,
283628,0.809,24086,0,,0.063,
283628,0.951,24088,0,,0.063,
283628,1,24090,0,,0.063,
283628,0.951,24092,0,0,0.063,0
283628,0.809,24094,0,,0.063,
283628,0.587,24096,0,,0.063,
283628,0.309,24098,0,,0.063,
283628,0,24100,0,,0.063,
283628,-0.309,24102,0,,0.063,
283628,-0.587,24104,0,,0.063,
283628,-0.809,24106,0,,0.063,
283628,-0.951,24108,0,,0.063,
283628,-1,24110,0,,0.063,
283628,-0.951,24112,0,0,0.063,0
283628,-0.809,24114,0,,0.063,
283628,-0.587,24116,0,,0.063,
283628,-0.309,24118,0,,0.063,
283628,0,24120,0,,0.063,
283628,0.309,24122,0,,0.063,
283628,0.587,24124,0,,0.063,
283628,0.809,24126,0,,0.063,
283628,0.951,24128,0,,0.063,
283628,1,24130,0,,0.063,
283628,0.951,24132,0,0,0.063,0
283628,0.809,24134,0,,0.063,
283628,0.587,24136,0,,0.063,
283628,0.309,24138,0,,0.063,
283628,0,24140,0,,0.063,
283628,-0.309,24142,0,,0.063,
283628,-0.587,24144,0,,0.063,
283628,-0.809,24146,0,,0.063,
283628,-0.951,24148,0,,0.063,
283628,-1,24150,0,,0.063,
283628,-0.951,24152,0,0,0.063,0
283628,-0.809,24154,0,,0.063,
283628,-0.587,24156,0,,0.063,
283628,-0.309,24158,0,,0.063,
283628,0,24160,0,,0.063,
283628,0.309,24162,0,,0.063,
283628,0.587,24164,0,,0.063,
283628,0.809,24166,0,,0.063,
283628,0.951,24168,0,,0.063,
283628,1,24170,0,,0.063,
283628,0.951,24172,0,0,0.063,0
283628,0.809,24174,0,,0.063,
283628,0.587,24176,0,,0.063,
283628,0.309,24178,0,,0.063,
283628,0,24180,0,,0.063,
283628,-0.309,24182,0,,0.063,
283628,-0.587,24184,0,,0.063,
283628,-0.809,24186,0,,0.063,
283628,-0.951,24188,0,,0.063,
283628,-1,24190,0,,0.063,
283628,-0.951,24192,0,0,0.063,0
283628,-0.809,24194,0,,0.063,
283628,-0.587,24196,0,,0.063,
283628,-0.309,24198,0,,0.063,
283628,0,24200,0,,0.063,
283628,0.309,24202,0,,0.063,
283628,0.587,24204,0,,0.063,
283628,0.809,24206,0,,0.063,
283628,0.951,24208,0,,0.063,
283628,1,24210,0,,0.063,
283628,0.951,24212,0,0,0.063,0
283628,0.809,24214,0,,0.063,
283628,0.587,24216,0,,0.063,
283628,0.309,24218,0,,0.063,
283628,0,24220,0,,0.063,
283628,-0.309,24222,0,,0.063,
283628,-0.587,24224,0,,0.063,
283628,-0.809,24226,0,,0.063,
283628,-0.951,24228,0,,0.063,
283628,-1,24230,0,,0.063,
283628,-0.951,24232,0,0,0.063,0
283628,-0.809,24234,0,,0.063,
283628,-0.587,24236,0,,0.063,
283628,-0.309,24238,0,,0.063,
283628,0,24240,0,,0.063,
283628,0.309,24242,0,,0.063,
283628,0.587,24244,0,,0.063,
283628,0.809,24246,0,,0.063,
283628,0.951,24248,0,,0.063,
283628,1,24250,0,,0.063,
283628,0.951,24252,0,0,0.063,0
283628,0.809,24254,0,,0.063,
283628,0.587,24256,0,,0.063,
283628,0.309,24258,0,,0.063,
283628,0,24260,0,,0.063,
283628,-0.309,24262,0,,0.063,
283628,-0.587,24264,0,,0.063,
283628,-0.809,24266,0,,0.063,
283628,-0.951,24268,0,,0.063,
283628,-1,24270,0,,0.063,
283628,-0.951,24272,0,0,0.063,0
283628,-0.809,24274,0,,0.063,
283628,-0.587,24276,0,,0.063,
283628,-0.309,24278,0,,0.063,
283628,0,24280,0,,0.063,
283628,0.309,24282,0,,0.063,
283628,0.587,24284,0,,0.063,
283628,0.809,24286,0,,0.063,
283628,0.951,24288,0,,0.063,
283628,1,24290,0,,0.063,
283628,0.951,24292,0,0,0.063,0
283628,0.809,24294,0,,0.063,
283628,0.587,24296,0,,0.063,
283628,0.309,24298,0,,0.063,
283628,0,24300,0,,0.063,
283628,-0.309,24302,0,,0.063,
283628,-0.587,24304,0,,0.063,
283628,-0.809,24306,0,,0.063,
283628,-0.951,24308,0,,0.063,
283628,-1,24310,0,,0.063,
283628,-0.951,24312,0,0,0.063,0
283628,-0.809,24314,0,,0.063,
283628,-0.587,24316,0,,0.063,
283628,-0.309,24318,0,,0.063,
283628,0,24320,0,,0.063,
283628,0.309,24322,0,,0.063,
283628,0.587,24324,0,,0.063,
283628,0.809,24326,0,,0.063,
283628,0.951,24328,0,,0.063,
283628,1,24330,0,,0.063,
283628,0.951,24332,0,0,0.063,0
283628,0.809,24334,0,,0.063,
283628,0.587,24336,0,,0.063,
283628,0.309,24338,0,,0.063,
283628,0,24340,0,,0.063,
283628,-0.309,24342,0,,0.063,
283628,-0.587,24344,0,,0.063,
283628,-0.809,24346,0,,0.063,
283628,-0.951,24348,0,,0.063,
283628,-1,24350,0,,0.063,
283628,-0.951,24352,0,0,0.063,0
283628,-0.809,24354,0,,0.063,
283628,-0.587,24356,0,,0.063,
283628,-0.309,24358,0,,0.063,
283628,0,24360,0,,0.063,
283628,0.309,24362,0,,0.063,
283628,0.587,24364,0,,0.063,
283628,0.809,24366,0,,0.063,
283628,0.951,24368,0,,0.063,
283628,1,24370,0,,0.063,
283628,0.951,24372,0,0,0.063,0
283628,0.809,24374,0,,0.063,
283628,0.587,24376,0,,0.063,
283628,0.309,24378,0,,0.063,
283628,0,24380,0,,0.063,
283628,-0.309,24382,0,,0.063,
283628,-0.587,24384,0,,0.063,
283628,-0.809,24386,0,,0.063,
283628,-0.951,24388,0,,0.063,
283628,-1,24390,0,,0.063,
283628,-0.951,24392,0,0,0.063,0
283628,-0.809,24394,0,,0.063,
283628,-0.587,24396,0,,0.063,
283628,-0.309,24398,0,,0.063,
283628,0,24400,0,,0.063,
283628,0.309,24402,0,,0.063,
283628,0.587,24404,0,,0.063,
283628,0.809,24406,0,,0.063,
283628,0.951,24408,0,,0.063,
283628,1,24410,0,,0.063,
283628,0.951,24412,0,0,0.063,0
283628,0.809,24414,0,,0.063,
283628,0.587,24416,0,,0.063,
283628,0.309,24418,0,,0.063,
283628,0,24420,0,,0.063,
283628,-0.309,24422,0,,0.063,
283628,-0.587,24424,0,,0.063,
283628,-0.809,24426,0,,0.063,
283628,-0.951,24428,0,,0.063,
283628,-1,24430,0,,0.063,
283628,-0.951,24432,0,0,0.063,0
283628,-0.809,24434,0,,0.063,
283628,-0.587,24436,0,,0.063,
283628,-0.309,24438,0,,0.063,
283628,0,24440,0,,0.063,
283628,0.309,24442,0,,0.063,
283628,0.587,24444,0,,0.063,
283628,0.809,24446,0,,0.063,
283628,0.951,24448,0,,0.063,
283628,1,24450,0,,0.063,
283628,0.951,24452,0,0,0.063,0
283628,0.809,24454,0,,0.063,
283628,0.587,24456,0,,0.063,
283628,0.309,24458,0,,0.063,
283628,0,24460,0,,0.063,
283628,-0.309,24462,0,,0.063,
283628,-0.587,24464,0,,0.063,
283628,-0.809,24466,0,,0.063,
283628,-0.951,24468,0,,0.063,
283628,-1,24470,0,,0.063,
283628,-0.951,24472,0,0,0.063,0
283628,-0.809,24474,0,,0.063,
283628,-0.587,24476,0,,0.063,
283628,-0.309,24478,0,,0.063,
283628,0,24480,0,,0.063,
283628,0.309,24482,0,,0.063,
283628,0.587,24484,0,,0.063,
283628,0.809,24486,0,,0.063,
283628,0.951,24488,0,,0.063,
283628,1,24490,0,,0.063,
283628,0.951,24492,0,0,0.063,0
283628,0.809,24494,0,,0.063,
283628,0.587,24496,0,,0.063,
283628,0.309,24498,0,,0.063,
283628,0,24500,0,,0.063,
283628,-0.309,24502,0,,0.063,
283628,-0.587,24504,0,,0.063,
283628,-0.809,24506,0,,0.063,
283628,-0.951,24508,0,,0.063,
283628,-1,24510,0,,0.063,
283628,-0.951,24512,0,0,0.063,0
283628,-0.809,24514,0,,0.063,
283628,-0.587,24516,0,,0.063,
283628,-0.309,24518,0,,0.063,
283628,0,24520,0,,0.063,
283628,0.309,24522,0,,0.063,
283628,0.587,24524,0,,0.063,
283628,0.809,24526,0,,0.063,
283628,0.951,24528,0,,0.063,
283628,1,24530,0,,0.063,
283628,0.951,24532,0,0,0.063,0
283628,0.809,24534,0,,0.063,
283628,0.587,24536,0,,0.063,
283628,0.309,24538,0,,0.063,
283628,0,24540,0,,0.063,
283628,-0.309,24542,0,,0.063,
283628,-0.587,24544,0,,0.063,
283628,-0.809,24546,0,,0.063,
283628,-0.951,24548,0,,0.063,
283628,-1,24550,0,,0.063,
283628,-0.951,24552,0,0,0.063,0
283628,-0.809,24554,0,,0.063,
283628,-0.587,24556,0,,0.063,
283628,-0.309,24558,0,,0.063,
283628,0,24560,0,,0.063,
283628,0.309,24562,0,,0.063,
283628,0.587,24564,0,,0.063,
283628,0.809,24566,0,,0.063,
283628,0.951,24568,0,,0.063,
283628,1,24570,0,,0.063,
283628,0.951,24572,0,0,0.063,0
283628,0.809,24574,0,,0.063,
283628,0.587,24576,0,,0.063,
283628,0.309,24578,0,,0.063,
283628,0,24580,0,,0.063,
283628,-0.309,24582,0,,0.063,
283628,-0.587,24584,0,,0.063,
283628,-0.809,24586,0,,0.063,
283628,-0.951,24588,0,,0.063,
283628,-1,24590,0,,0.063,
283628,-0.951,24592,0,0,0.063,0
283628,-0.809,24594,0,,0.063,
283628,-0.587,24596,0,,0.063,
283628,-0.309,24598,0,,0.063,
283628,0,24600,0,,0.063,
283628,0.309,24602,0,,0.063,
283628,0.587,24604,0,,0.063,
283628,0.809,24606,0,,0.063,
283628,0.951,24608,0,,0.063,
283628,1,24610,0,,0.063,
283628,0.951,24612,0,0,0.063,0
283628,0.809,24614,0,,0.063,
283628,0.587,24616,0,,0.063,
283628,0.309,24618,0,,0.063,
283628,0,24620,0,,0.063,
283628,-0.309,24622,0,,0.063,
283628,-0.587,24624,0,,0.063,
283628,-0.809,24626,0,,0.063,
283628,-0.951,24628,0,,0.063,
283628,-1,24630,0,,0.063,
283628,-0.951,24632,0,0,0.063,0
283628,-0.809,24634,0,,0.063,
283628,-0.587,24636,0,,0.063,
283628,-0.309,24638,0,,0.063,
283628,0,24640,0,,0.063,
283628,0.309,24642,0,,0.063,
283628,0.587,24644,0,,0.063,
283628,0.809,24646,0,,0.063,
283628,0.951,24648,0,,0.063,
283628,1,24650,0,,0.063,
283628,0.951,24652,0,0,0.063,0
283628,0.809,24654,0,,0.063,
283628,0.587,24656,0,,0.063,
283628,0.309,24658,0,,0.063,
283628,0,24660,0,,0.063,
283628,-0.309,24662,0,,0.063,
283628,-0.587,24664,0,,0.063,
283628,-0.809,24666,0,,0.063,
283628,-0.951,24668,0,,0.063,
283628,-1,24670,0,,0.063,
283628,-0.951,24672,0,0,0.063,0
283628,-0.809,24674,0,,0.063,
283628,-0.587,24676,0,,0.063,
283628,-0.309,24678,0,,0.063,
283628,0,24680,0,,0.063,
283628,0.309,24682,0,,0.063,
283628,0.587,24684,0,,0.063,
283628,0.809,24686,0,,0.063,
283628,0.951,24688,0,,0.063,
283628,1,24690,0,,0.063,
283628,0.951,24692,0,0,0.063,0
283628,0.809,24694,0,,0.063,
283628,0.587,24696,0,,0.063,
283628,0.309,24698,0,,0.063,
283628,0,24700,0,,0.063,
283628,-0.309,24702,0,,0.063,
283628,-0.587,24704,0,,0.063,
283628,-0.809,24706,0,,0.063,
283628,-0.951,24708,0,,0.063,
283628,-1,24710,0,,0.063,
283628,-0.951,24712,0,0,0.063,0
283628,-0.809,24714,0,,0.063,
283628,-0.587,24716,0,,0.063,
283628,-0.309,24718,0,,0.063,
283628,0,24720,0,,0.063,
283628,0.309,24722,0,,0.063,
283628,0.587,24724,0,,0.063,
283628,0.809,24726,0,,0.063,
283628,0.951,24728,0,,0.063,
283628,1,24730,0,,0.063,
283628,0.951,24732,0,0,0.063,0
283628,0.809,24734,0,,0.063,
283628,0.587,24736,0,,0.063,
283628,0.309,24738,0,,0.063,
283628,0,24740,0,,0.063,
283628,-0.309,24742,0,,0.063,
283628,-0.587,24744,0,,0.063,
283628,-0.809,24746,0,,0.063,
283628,-0.951,24748,0,,0.063,
283628,-1,24750,0,,0.063,
283628,-0.951,24752,0,0,0.063,0
283628,-0.809,24754,0,,0.063,
283628,-0.587,24756,0,,0.063,
283628,-0.309,24758,0,,0.063,
283628,0,24760,0,,0.063,
283628,0.309,24762,0,,0.063,
283628,0.587,24764,0,,0.063,
283628,0.809,24766,0,,0.063,
283628,0.951,24768,0,,0.063,
283628,1,24770,0,,0.063,
283628,0.951,24772,0,0,0.063,0
283628,0.809,24774,0,,0.063,
283628,0.587,24776,0,,0.063,
283628,0.309,24778,0,,0.063,
283628,0,24780,0,,0.063,
283628,-0.309,24782,0,,0.063,
283628,-0.587,24784,0,,0.063,
283628,-0.809,24786,0,,0.063,
283628,-0.951,24788,0,,0.063,
283628,-1,24790,0,,0.063,
283628,-0.951,24792,0,0,0.063,0
283628,-0.809,24794,0,,0.063,
283628,-0.587,24796,0,,0.063,
283628,-0.309,24798,0,,0.063,
283628,0,24800,0,,0.063,
283628,0.309,24802,0,,0.063,
283628,0.587,24804,0,,0.063,
283628,0.809,24806,0,,0.063,
283628,0.951,24808,0,,0.063,
283628,1,24810,0,,0.063,
283628,0.951,24812,0,0,0.063,0
283628,0.809,24814,0,,0.063,
283628,0.587,24816,0,,0.063,
283628,0.309,24818,0,,0.063,
283628,0,24820,0,,0.063,
283628,-0.309,24822,0,,0.063,
283628,-0.587,24824,0,,0.063,
283628,-0.809,24826,0,,0.063,
283628,-0.951,24828,0,,0.063,
283628,-1,24830,0,,0.063,
283628,-0.951,24832,0,0,0.063,0
283628,-0.809,24834,0,,0.063,
283628,-0.587,24836,0,,0.063,
283628,-0.309,24838,0,,0.063,
283628,0,24840,0,,0.063,
283628,0.309,24842,0,,0.063,
283628,0.587,24844,0,,0.063,
283628,0.809,24846,0,,0.063,
283628,0.951,24848,0,,0.063,
283628,1,24850,0,,0.063,
283628,0.951,24852,0,0,0.063,0
283628,0.809,24854,0,,0.063,
283628,0.587,24856,0,,0.063,
283628,0.309,24858,0,,0.063,
283628,0,24860,0,,0.063,
283628,-0.309,24862,0,,0.063,
283628,-0.587,24864,0,,0.063,
283628,-0.809,24866,0,,0.063,
283628,-0.951,24868,0,,0.063,
283628,-1,24870,0,,0.063,
283628,-0.951,24872,0,0,0.063,0
283628,-0.809,24874,0,,0.063,
283628,-0.587,24876,0,,0.063,
283628,-0.309,24878,0,,0.063,
283628,0,24880,0,,0.063,
283628,0.309,24882,0,,0.063,
283628,0.587,24884,0,,0.063,
283628,0.809,24886,0,,0.063,
283628,0.951,24888,0,,0.063,
283628,1,24890,0,,0.063,
283628,0.951,24892,0,0,0.063,0
283628,0.809,24894,0,,0.063,
283628,0.587,24896,0,,0.063,
283628,0.309,24898,0,,0.063,
283628,0,24900,0,,0.063,
283628,-0.309,24902,0,,0.063,
283628,-0.587,24904,0,,0.063,
283628,-0.809,24906,0,,0.063,
283628,-0.951,24908,0,,0.063,
283628,-1,24910,0,,0.063,
283628,-0.951,24912,0,0,0.063,0
283628,-0.809,24914,0,,0.063,
283628,-0.587,24916,0,,0.063,
283628,-0.309,24918,0,,0.063,
283628,0,24920,0,,0.063,
283628,0.309,24922,0,,0.063,
283628,0.587,24924,0,,0.063,
283628,0.809,24926,0,,0.063,
283628,0.951,24928,0,,0.063,
283628,1,24930,0,,0.063,
283628,0.951,24932,0,0,0.063,0
283628,0.809,24934,0,,0.063,
283628,0.587,24936,0,,0.063,
283628,0.309,24938,0,,0.063,
283628,0,24940,0,,0.063,
283628,-0.309,24942,0,,0.063,
283628,-0.587,24944,0,,0.063,
283628,-0.809,24946,0,,0.063,
283628,-0.951,24948,0,,0.063,
283628,-1,24950,0,,0.063,
283628,-0.951,24952,0,0,0.063,0
283628,-0.809,24954,0,,0.063,
283628,-0.587,24956,0,,0.063,
283628,-0.309,24958,0,,0.063,
283628,0,24960,0,,0.063,
283628,0.309,24962,0,,0.063,
283628,0.587,24964,0,,0.063,
283628,0.809,24966,0,,0.063,
283628,0.951,24968,0,,0.063,
283628,1,24970,0,,0.063,
283628,0.951,24972,0,0,0.063,0
283628,0.809,24974,0,,0.063,
283628,0.587,24976,0,,0.063,
283628,0.309,24978,0,,0.063,
283628,0,24980,0,,0.063,
283628,-0.309,24982,0,,0.063,
283628,-0.587,24984,0,,0.063,
283628,-0.809,24986,0,,0.063,
283628,-0.951,24988,0,,0.063,
283628,-1,24990,0,,0.063,
283628,-0.951,24992,0,0,0.063,0
283628,-0.809,24994,0,,0.063,
283628,-0.587,24996,0,,0.063,
283628,-0.309,24998,0,,0.063,
283628,0,25000,0,,0.063,
283628,0.309,25002,0,,0.063,
283628,0.587,25004,0,,0.063,
283628,0.809,25006,0,,0.063,
283628,0.951,25008,0,,0.063,
283628,1,25010,0,,0.063,
283628,0.951,25012,0,0,0.063,0
283628,0.809,25014,0,,0.063,
283628,0.587,25016,0,,0.063,
283628,0.309,25018,0,,0.063,
283628,0,25020,0,,0.063,
283628,-0.309,25022,0,,0.063,
283628,-0.587,25024,0,,0.063,
283628,-0.809,25026,0,,0.063,
283628,-0.951,25028,0,,0.063,
283628,-1,25030,0,,0.063,
283628,-0.951,25032,0,0,0.063,0
283628,-0.809,25034,0,,0.063,
283628,-0.587,25036,0,,0.063,
283628,-0.309,25038,0,,0.063,
283628,0,25040,0,,0.063,
283628,0.309,25042,0,,0.063,
283628,0.587,25044,0,,0.063,
283628,0.809,25046,0,,0.063,
283628,0.951,25048,0,,0.063,
283628,1,25050,0,,0.063,
283628,0.951,25052,0,0,0.063,0
283628,0.809,25054,0,,0.063,
283628,0.587,25056,0,,0.063,
283628,0.309,25058,0,,0.063,
283628,0,25060,0,,0.063,
283628,-0.309,25062,0,,0.063,
283628,-0.587,25064,0,,0.063,
283628,-0.809,25066,0,,0.063,
283628,-0.951,25068,0,,0.063,
283628,-1,25070,0,,0.063,
283628,-0.951,25072,0,0,0.063,0
283628,-0.809,25074,0,,0.063,
283628,-0.587,25076,0,,0.063,
283628,-0.309,25078,0,,0.063,
283628,0,25080,0,,0.063,
283628,0.309,25082,0,,0.063,
283628,0.587,25084,0,,0.063,
283628,0.809,25086,0,,0.063,
283628,0.951,25088,0,,0.063,
283628,1,25090,0,,0.063,
283628,0.951,25092,0,0,0.063,0
283628,0.809,25094,0,,0.063,
283628,0.587,25096,0,,0.063,
283628,0.309,25098,0,,0.063,
283628,0,25100,0,,0.063,
283628,-0.309,25102,0,,0.063,
283628,-0.587,25104,0,,0.063,
283628,-0.809,25106,0,,0.063,
283628,-0.951,25108,0,,0.063,
283628,-1,25110,0,,0.063,
283628,-0.951,25112,0,0,0.063,0
283628,-0.809,25114,0,,0.063,
283628,-0.587,25116,0,,0.063,
283628,-0.309,25118,0,,0.063,
283628,0,25120,0,,0.063,
283628,0.309,25122,0,,0.063,
283628,0.587,25124,0,,0.063,
283628,0.809,25126,0,,0.063,
283628,0.951,25128,0,,0.063,
283628,1,25130,0,,0.063,
283628,0.951,25132,0,0,0.063,0
283628,0.809,25134,0,,0.063,
283628,0.587,25136,0,,0.063,
283628,0.309,25138,0,,0.063,
283628,0,25140,0,,0.063,
283628,-0.309,25142,0,,0.063,
283628,-0.587,25144,0,,0.063,
283628,-0.809,25146,0,,0.063,
283628,-0.951,25148,0,,0.063,
283628,-1,25150,0,,0.063,
283628,-0.951,25152,0,0,0.063,0
283628,-0.809,25154,0,,0.063,
283628,-0.587,25156,0,,0.063,
283628,-0.309,25158,0,,0.063,
283628,0,25160,0,,0.063,
283628,0.309,25162,0,,0.063,
283628,0.587,25164,0,,0.063,
283628,0.809,25166,0,,0.063,
283628,0.951,25168,0,,0.063,
283628,1,25170,0,,0.063,
283628,0.951,25172,0,0,0.063,0
283628,0.809,25174,0,,0.063,
283628,0.587,25176,0,,0.063,
283628,0.309,25178,0,,0.063,
283628,0,25180,0,,0.063,
283628,-0.309,25182,0,,0.063,
283628,-0.587,25184,0,,0.063,
283628,-0.809,25186,0,,0.063,
283628,-0.951,25188,0,,0.063,
283628,-1,25190,0,,0.063,
283628,-0.951,25192,0,0,0.063,0
283628,-0.809,25194,0,,0.063,
283628,-0.587,25196,0,,0.063,
283628,-0.309,25198,0,,0.063,
283628,0,25200,0,,0.063,
283628,0.309,25202,0,,0.063,
283628,0.587,25204,0,,0.063,
283628,0.809,25206,0,,0.063,
283628,0.951,25208,0,,0.063,
283628,1,25210,0,,0.063,
283628,0.951,25212,0,0,0.063,0
283628,0.809,25214,0,,0.063,
283628,0.587,25216,0,,0.063,
283628,0.309,25218,0,,0.063,
283628,0,25220,0,,0.063,
283628,-0.309,25222,0,,0.063,
283628,-0.587,25224,0,,0.063,
283628,-0.809,25226,0,,0.063,
283628,-0.951,25228,0,,0.063,
283628,-1,25230,0,,0.063,
283628,-0.951,25232,0,0,0.063,0
283628,-0.809,25234,0,,0.063,
283628,-0.587,25236,0,,0.063,
283628,-0.309,25238,0,,0.063,
283628,0,25240,0,,0.063,
283628,0.309,25242,0,,0.063,
283628,0.587,25244,0,,0.063,
283628,0.809,25246,0,,0.063,
283628,0.951,25248,0,,0.063,
283628,1,25250,0,,0.063,
283628,0.951,25252,0,0,0.063,0
283628,0.809,25254,0,,0.063,
283628,0.587,25256,0,,0.063,
283628,0.309,25258,0,,0.063,
283628,0,25260,0,,0.063,
283628,-0.309,25262,0,,0.063,
283628,-0.587,25264,0,,0.063,
283628,-0.809,25266,0,,0.063,
283628,-0.951,25268,0,,0.063,
283628,-1,25270,0,,0.063,
283628,-0.951,25272,0,0,0.063,0
283628,-0.809,25274,0,,0.063,
283628,-0.587,25276,0,,0.063,
283628,-0.309,25278,0,,0.063,
283628,0,25280,0,,0.063,
283628,0.309,25282,0,,0.063,
283628,0.587,25284,0,,0.063,
283628,0.809,25286,0,,0.063,
283628,0.951,25288,0,,0.063,
283628,1,25290,0,,0.063,
283628,0.951,25292,0,0,0.063,0
283628,0.809,25294,0,,0.063,
283628,0.587,25296,0,,0.063,
283628,0.309,25298,0,,0.063,
283628,0,25300,0,,0.063,
283628,-0.309,25302,0,,0.063,
283628,-0.587,25304,0,,0.063,
283628,-0.809,25306,0,,0.063,
283628,-0.951,25308,0,,0.063,
283628,-1,25310,0,,0.063,
283628,-0.951,25312,0,0,0.063,0
283628,-0.809,25314,0,,0.063,
283628,-0.587,25316,0,,0.063,
283628,-0.309,25318,0,,0.063,
283628,0,25320,0,,0.063,
283628,0.309,25322,0,,0.063,
283628,0.587,25324,0,,0.063,
283628,0.809,25326,0,,0.063,
283628,0.951,25328,0,,0.063,
283628,1,25330,0,,0.063,
283628,0.951,25332,0,0,0.063,0
283628,0.809,25334,0,,0.063,
283628,0.587,25336,0,,0.063,
283628,0.309,25338,0,,0.063,
283628,0,25340,0,,0.063,
283628,-0.309,25342,0,,0.063,
283628,-0.587,25344,0,,0.063,
283628,-0.809,25346,0,,0.063,
283628,-0.951,25348,0,,0.063,
283628,-1,25350,0,,0.063,
283628,-0.951,25352,0,0,0.063,0
283628,-0.809,25354,0,,0.063,
283628,-0.587,25356,0,,0.063,
283628,-0.309,25358,0,,0.063,
283628,0,25360,0,,0.063,
283628,0.309,25362,0,,0.063,
283628,0.587,25364,0,,0.063,
283628,0.809,25366,0,,0.063,
283628,0.951,25368,0,,0.063,
283628,1,25370,0,,0.063,
283628,0.951,25372,0,0,0.063,0
283628,0.809,25374,0,,0.063,
283628,0.587,25376,0,,0.063,
283628,0.309,25378,0,,0.063,
283628,0,25380,0,,0.063,
283628,-0.309,25382,0,,0.063,
283628,-0.587,25384,0,,0.063,
283628,-0.809,25386,0,,0.063,
283628,-0.951,25388,0,,0.063,
283628,-1,25390,0,,0.063,
283628,-0.951,25392,0,0,0.063,0
283628,-0.809,25394,0,,0.063,
283628,-0.587,25396,0,,0.063,
283628,-0.309,25398,0,,0.063,
283628,0,25400,0,,0.063,
283628,0.309,25402,0,,0.063,
283628,0.587,25404,0,,0.063,
283628,0.809,25406,0,,0.063,
283628,0.951,25408,0,,0.063,
283628,1,25410,0,,0.063,
283628,0.951,25412,0,0,0.063,0
283628,0.809,25414,0,,0.063,
283628,0.587,25416,0,,0.063,
283628,0.309,25418,0,,0.063,
283628,0,25420,0,,0.063,
283628,-0.309,25422,0,,0.063,
283628,-0.587,25424,0,,0.063,
283628,-0.809,25426,0,,0.063,
283628,-0.951,25428,0,,0.063,
283628,-1,25430,0,,0.063,
283628,-0.951,25432,0,0,0.063,0
283628,-0.809,25434,0,,0.063,
283628,-0.587,25436,0,,0.063,
283628,-0.309,25438,0,,0.063,
283628,0,25440,0,,0.063,
283628,0.309,25442,0,,0.063,
283628,0.587,25444,0,,0.063,
283628,0.809,25446,0,,0.063,
283628,0.951,25448,0,,0.063,
283628,1,25450,0,,0.063,
283628,0.951,25452,0,0,0.063,0
283628,0.809,25454,0,,0.063,
283628,0.587,25456,0,,0.063,
283628,0.309,25458,0,,0.063,
283628,0,25460,0,,0.063,
283628,-0.309,25462,0,,0.063,
283628,-0.587,25464,0,,0.063,
283628,-0.809,25466,0,,0.063,
283628,-0.951,25468,0,,0.063,
283628,-1,25470,0,,0.063,
283628,-0.951,25472,0,0,0.063,0
283628,-0.809,25474,0,,0.063,
283628,-0.587,25476,0,,0.063,
283628,-0.309,25478,0,,0.063,
283628,0,25480,0,,0.063,
283628,0.309,25482,0,,0.063,
283628,0.587,25484,0,,0.063,
283628,0.809,25486,0,,0.063,
283628,0.951,25488,0,,0.063,
283628,1,25490,0,,0.063,
283628,0.951,25492,0,0,0.063,0
283628,0.809,25494,0,,0.063,
283628,0.587,25496,0,,0.063,
283628,0.309,25498,0,,0.063,
283628,0,25500,0,,0.063,
283628,-0.309,25502,0,,0.063,
283628,-0.587,25504,0,,0.063,
283628,-0.809,25506,0,,0.063,
283628,-0.951,25508,0,,0.063,
283628,-1,25510,0,,0.063,
283628,-0.951,25512,0,0,0.063,0
283628,-0.809,25514,0,,0.063,
283628,-0.587,25516,0,,0.063,
283628,-0.309,25518,0,,0.063,
283628,0,25520,0,,0.063,
283628,0.309,25522,0,,0.063,
283628,0.587,25524,0,,0.063,
283628,0.809,25526,0,,0.063,
283628,0.951,25528,0,,0.063,
283628,1,25530,0,,0.063,
283628,0.951,25532,0,0,0.063,0
283628,0.809,25534,0,,0.063,
283628,0.587,25536,0,,0.063,
283628,0.309,25538,0,,0.063,
283628,0,25540,0,,0.063,
283628,-0.309,25542,0,,0.063,
283628,-0.587,25544,0,,0.063,
283628,-0.809,25546,0,,0.063,
283628,-0.951,25548,0,,0.063,
283628,-1,25550,0,,0.063,
283628,-0.951,25552,0,0,0.063,0
283628,-0.809,25554,0,,0.063,
283628,-0.587,25556,0,,0.063,
283628,-0.309,25558,0,,0.063,
283628,0,25560,0,,0.063,
283628,0.309,25562,0,,0.063,
283628,0.587,25564,0,,0.063,
283628,0.809,25566,0,,0.063,
283628,0.951,25568,0,,0.063,
283628,1,25570,0,,0.063,
283628,0.951,25572,0,0,0.063,0
283628,0.809,25574,0,,0.063,
283628,0.587,25576,0,,0.063,
283628,0.309,25578,0,,0.063,
283628,0,25580,0,,0.063,
283628,-0.309,25582,0,,0.063,
283628,-0.587,25584,0,,0.063,
283628,-0.809,25586,0,,0.063,
283628,-0.951,25588,0,,0.063,
283628,-1,25590,0,,0.063,
283628,-0.951,25592,0,0,0.063,0
283628,-0.809,25594,0,,0.063,
283628,-0.587,25596,0,,0.063,
283628,-0.309,25598,0,,0.063,
283628,0,25600,0,,0.063,
283628,0.309,25602,0,,0.063,
283628,0.587,25604,0,,0.063,
283628,0.809,25606,0,,0.063,
283628,0.951,25608,0,,0.063,
283628,1,25610,0,,0.063,
283628,0.951,25612,0,0,0.063,0
283628,0.809,25614,0,,0.063,
283628,0.587,25616,0,,0.063,
283628,0.309,25618,0,,0.063,
283628,0,25620,0,,0.063,
283628,-0.309,25622,0,,0.063,
283628,-0.587,25624,0,,0.063,
283628,-0.809,25626,0,,0.063,
283628,-0.951,25628,0,,0.063,
283628,-1,25630,0,,0.063,
283628,-0.951,25632,0,0,0.063,0
283628,-0.809,25634,0,,0.063,
283628,-0.587,25636,0,,0.063,
283628,-0.309,25638,0,,0.063,
283628,0,25640,0,,0.063,
283628,0.309,25642,0,,0.063,
283628,0.587,25644,0,,0.063,
283628,0.809,25646,0,,0.063,
283628,0.951,25648,0,,0.063,
283628,1,25650,0,,0.063,
283628,0.951,25652,0,0,0.063,0
283628,0.809,25654,0,,0.063,
283628,0.587,25656,0,,0.063,
283628,0.309,25658,0,,0.063,
283628,0,25660,0,,0.063,
283628,-0.309,25662,0,,0.063,
283628,-0.587,25664,0,,0.063,
283628,-0.809,25666,0,,0.063,
283628,-0.951,25668,0,,0.063,
283628,-1,25670,0,,0.063,
283628,-0.951,25672,0,0,0.063,0
283628,-0.809,25674,0,,0.063,
283628,-0.587,25676,0,,0.063,
283628,-0.309,25678,0,,0.063,
283628,0,25680,0,,0.063,
283628,0.309,25682,0,,0.063,
283628,0.587,25684,0,,0.063,
283628,0.809,25686,0,,0.063,
283628,0.951,25688,0,,0.063,
283628,1,25690,0,,0.063,
283628,0.951,25692,0,0,0.063,0
283628,0.809,25694,0,,0.063,
283628,0.587,25696,0,,0.063,
283628,0.309,25698,0,,0.063,
283628,0,25700,0,,0.063,
283628,-0.309,25702,0,,0.063,
283628,-0.587,25704,0,,0.063,
283628,-0.809,25706,0,,0.063,
283628,-0.951,25708,0,,0.063,
283628,-1,25710,0,,0.063,
283628,-0.951,25712,0,0,0.063,0
283628,-0.809,25714,0,,0.063,
283628,-0.587,25716,0,,0.063,
283628,-0.309,25718,0,,0.063,
283628,0,25720,0,,0.063,
283628,0.309,25722,0,,0.063,
283628,0.587,25724,0,,0.063,
283628,0.809,25726,0,,0.063,
283628,0.951,25728,0,,0.063,
283628,1,25730,0,,0.063,
283628,0.951,25732,0,0,0.063,0
283628,0.809,25734,0,,0.063,
283628,0.587,25736,0,,0.063,
283628,0.309,25738,0,,0.063,
283628,0,25740,0,,0.063,
283628,-0.309,25742,0,,0.063,
283628,-0.587,25744,0,,0.063,
283628,-0.809,25746,0,,0.063,
283628,-0.951,25748,0,,0.063,
283628,-1,25750,0,,0.063,
283628,-0.951,25752,0,0,0.063,0
283628,-0.809,25754,0,,0.063,
283628,-0.587,25756,0,,0.063,
283628,-0.309,25758,0,,0.063,
283628,0,25760,0,,0.063,
283628,0.309,25762,0,,0.063,
283628,0.587,25764,0,,0.063,
283628,0.809,25766,0,,0.063,
283628,0.951,25768,0,,0.063,
283628,1,25770,0,,0.063,
283628,0.951,25772,0,0,0.063,0
283628,0.809,25774,0,,0.063,
283628,0.587,25776,0,,0.063,
283628,0.309,25778,0,,0.063,
283628,0,25780,0,,0.063,
283628,-0.309,25782,0,,0.063,
283628,-0.587,25784,0,,0.063,
283628,-0.809,25786,0,,0.063,
283628,-0.951,25788,0,,0.063,
283628,-1,25790,0,,0.063,
283628,-0.951,25792,0,0,0.063,0
283628,-0.809,25794,0,,0.063,
283628,-0.587,25796,0,,0.063,
283628,-0.309,25798,0,,0.063,
283628,0,25800,0,,0.063,
283628,0.309,25802,0,,0.063,
283628,0.587,25804,0,,0.063,
283628,0.809,25806,0,,0.063,
283628,0.951,25808,0,,0.063,
283628,1,25810,0,,0.063,
283628,0.951,25812,0,0,0.063,0
283628,0.809,25814,0,,0.063,
283628,0.587,25816,0,,0.063,
283628,0.309,25818,0,,0.063,
283628,0,25820,0,,0.063,
283628,-0.309,25822,0,,0.063,
283628,-0.587,25824,0,,0.063,
283628,-0.809,25826,0,,0.063,
283628,-0.951,25828,0,,0.063,
283628,-1,25830,0,,0.063,
283628,-0.951,25832,0,0,0.063,0
283628,-0.809,25834,0,,0.063,
283628,-0.587,25836,0,,0.063,
283628,-0.309,25838,0,,0.063,
283628,0,25840,0,,0.063,
283628,0.309,25842,0,,0.063,
283628,0.587,25844,0,,0.063,
283628,0.809,25846,0,,0.063,
283628,0.951,25848,0,,0.063,
283628,1,25850,0,,0.063,
283628,0.951,25852,0,0,0.063,0
283628,0.809,25854,0,,0.063,
283628,0.587,25856,0,,0.063,
283628,0.309,25858,0,,0.063,
283628,0,25860,0,,0.063,
283628,-0.309,25862,0,,0.063,
283628,-0.587,25864,0,,0.063,
283628,-0.809,25866,0,,0.063,
283628,-0.951,25868,0,,0.063,
283628,-1,25870,0,,0.063,
283628,-0.951,25872,0,0,0.063,0
283628,-0.809,25874,0,,0.063,
283628,-0.587,25876,0,,0.063,
283628,-0.309,25878,0,,0.063,
283628,0,25880,0,,0.063,
283628,0.309,25882,0,,0.063,
283628,0.587,25884,0,,0.063,
283628,0.809,25886,0,,0.063,
283628,0.951,25888,0,,0.063,
283628,1,25890,0,,0.063,
283628,0.951,25892,0,0,0.063,0
283628,0.809,25894,0,,0.063,
283628,0.587,25896,0,,0.063,
283628,0.309,25898,0,,0.063,
283628,0,25900,0,,0.063,
283628,-0.309,25902,0,,0.063,
283628,-0.587,25904,0,,0.063,
283628,-0.809,25906,0,,0.063,
283628,-0.951,25908,0,,0.063,
283628,-1,25910,0,,0.063,
283628,-0.951,25912,0,0,0.063,0
283628,-0.809,25914,0,,0.063,
283628,-0.587,25916,0,,0.063,
283628,-0.309,25918,0,,0.063,
283628,0,25920,0,,0.063,
283628,0.309,25922,0,,0.063,
283628,0.587,25924,0,,0.063,
283628,0.809,25926,0,,0.063,
283628,0.951,25928,0,,0.063,
283628,1,25930,0,,0.063,
283628,0.951,25932,0,0,0.063,0
283628,0.809,25934,0,,0.063,
283628,0.587,25936,0,,0.063,
283628,0.309,25938,0,,0.063,
283628,0,25940,0,,0.063,
283628,-0.309,25942,0,,0.063,
283628,-0.587,25944,0,,0.063,
283628,-0.809,25946,0,,0.063,
283628,-0.951,25948,0,,0.063,
283628,-1,25950,0,,0.063,
283628,-0.951,25952,0,0,0.063,0
283628,-0.809,25954,0,,0.063,
283628,-0.587,25956,0,,0.063,
283628,-0.309,25958,0,,0.063,
283628,0,25960,0,,0.063,
283628,0.309,25962,0,,0.063,
283628,0.587,25964,0,,0.063,
283628,0.809,25966,0,,0.063,
283628,0.951,25968,0,,0.063,
283628,1,25970,0,,0.063,
283628,0.951,25972,0,0,0.063,0
283628,0.809,25974,0,,0.063,
283628,0.587,25976,0,,0.063,
283628,0.309,25978,0,,0.063,
283628,0,25980,0,,0.063,
283628,-0.309,25982,0,,0.063,
283628,-0.587,25984,0,,0.063,
283628,-0.809,25986,0,,0.063,
283628,-0.951,25988,0,,0.063,
283628,-1,25990,0,,0.063,
283628,-0.951,25992,0,0,0.063,0
283628,-0.809,25994,0,,0.063,
283628,-0.587,25996,0,,0.063,
283628,-0.309,25998,0,,0.063,
283628,0,26000,0,,0.063,
283628,0.309,26002,0,,0.063,
283628,0.587,26004,0,,0.063,
283628,0.809,26006,0,,0.063,
283628,0.951,26008,0,,0.063,
283628,1,26010,0,,0.063,
283628,0.951,26012,0,0,0.063,0
283628,0.809,26014,0,,0.063,
283628,0.587,26016,0,,0.063,
283628,0.309,26018,0,,0.063,
283628,0,26020,0,,0.063,
283628,-0.309,26022,0,,0.063,
283628,-0.587,26024,0,,0.063,
283628,-0.809,26026,0,,0.063,
283628,-0.951,26028,0,,0.063,
283628,-1,26030,0,,0.063,
283628,-0.951,26032,0,0,0.063,0
283628,-0.809,26034,0,,0.063,
283628,-0.587,26036,0,,0.063,
283628,-0.309,26038,0,,0.063,
283628,0,26040,0,,0.063,
283628,0.309,26042,0,,0.063,
283628,0.587,26044,0,,0.063,
283628,0.809,26046,0,,0.063,
283628,0.951,26048,0,,0.063,
283628,1,26050,0,,0.063,
283628,0.951,26052,0,0,0.063,0
283628,0.809,26054,0,,0.063,
283628,0.587,26056,0,,0.063,
283628,0.309,26058,0,,0.063,
283628,0,26060,0,,0.063,
283628,-0.309,26062,0,,0.063,
283628,-0.587,26064,0,,0.063,
283628,-0.809,26066,0,,0.063,
283628,-0.951,26068,0,,0.063,
283628,-1,26070,0,,0.063,
283628,-0.951,26072,0,0,0.063,0
283628,-0.809,26074,0,,0.063,
283628,-0.587,26076,0,,0.063,
283628,-0.309,26078,0,,0.063,
283628,0,26080,0,,0.063,
283628,0.309,26082,0,,0.063,
283628,0.587,26084,0,,0.063,
283628,0.809,26086,0,,0.063,
283628,0.951,26088,0,,0.063,
283628,1,26090,0,,0.063,
283628,0.951,26092,0,0,0.063,0
283628,0.809,26094,0,,0.063,
283628,0.587,26096,0,,0.063,
283628,0.309,26098,0,,0.063,
283628,0,26100,0,,0.063,
283628,-0.309,26102,0,,0.063,
283628,-0.587,26104,0,,0.063,
283628,-0.809,26106,0,,0.063,
283628,-0.951,26108,0,,0.063,
283628,-1,26110,0,,0.063,
283628,-0.951,26112,0,0,0.063,0
283628,-0.809,26114,0,,0.063,
283628,-0.587,26116,0,,0.063,
283628,-0.309,26118,0,,0.063,
283628,0,26120,0,,0.063,
283628,0.309,26122,0,,0.063,
283628,0.587,26124,0,,0.063,
283628,0.809,26126,0,,0.063,
283628,0.951,26128,0,,0.063,
283628,1,26130,0,,0.063,
283628,0.951,26132,0,0,0.063,0
283628,0.809,26134,0,,0.063,
283628,0.587,26136,0,,0.063,
283628,0.309,26138,0,,0.063,
283628,0,26140,0,,0.063,
283628,-0.309,26142,0,,0.063,
283628,-0.587,26144,0,,0.063,
283628,-0.809,26146,0,,0.063,
283628,-0.951,26148,0,,0.063,
283628,-1,26150,0,,0.063,
283628,-0.951,26152,0,0,0.063,0
283628,-0.809,26154,0,,0.063,
283628,-0.587,26156,0,,0.063,
283628,-0.309,26158,0,,0.063,
283628,0,26160,0,,0.063,
283628,0.309,26162,0,,0.063,
283628,0.587,26164,0,,0.063,
283628,0.809,26166,0,,0.063,
283628,0.951,26168,0,,0.063,
283628,1,26170,0,,0.063,
283628,0.951,26172,0,0,0.063,0
283628,0.809,26174,0,,0.063,
283628,0.587,26176,0,,0.063,
283628,0.309,26178,0,,0.063,
283628,0,26180,0,,0.063,
283628,-0.309,26182,0,,0.063,
283628,-0.587,26184,0,,0.063,
283628,-0.809,26186,0,,0.063,
283628,-0.951,26188,0,,0.063,
283628,-1,26190,0,,0.063,
283628,-0.951,26192,0,0,0.063,0
283628,-0.809,26194,0,,0.063,
283628,-0.587,26196,0,,0.063,
283628,-0.309,26198,0,,0.063,
283628,0,26200,0,,0.063,
283628,0.309,26202,0,,0.063,
283628,0.587,26204,0,,0.063,
283628,0.809,26206,0,,0.063,
283628,0.951,26208,0,,0.063,
283628,1,26210,0,,0.063,
283628,0.951,26212,0,0,0.063,0
283628,0.809,26214,0,,0.063,
283628,0.587,26216,0,,0.063,
283628,0.309,26218,0,,0.063,
283628,0,26220,0,,0.063,
283628,-0.309,26222,0,,0.063,
283628,-0.587,26224,0,,0.063,
283628,-0.809,26226,0,,0.063,
283628,-0.951,26228,0,,0.063,
283628,-1,26230,0,,0.063,
283628,-0.951,26232,0,0,0.063,0
283628,-0.809,26234,0,,0.063,
283628,-0.587,26236,0,,0.063,
283628,-0.309,26238,0,,0.063,
283628,0,26240,0,,0.063,
283628,0.309,26242,0,,0.063,
283628,0.587,26244,0,,0.063,
283628,0.809,26246,0,,0.063,
283628,0.951,26248,0,,0.063,
283628,1,26250,0,,0.063,
283628,0.951,26252,0,0,0.063,0
283628,0.809,26254,0,,0.063,
283628,0.587,26256,0,,0.063,
283628,0.309,26258,0,,0.063,
283628,0,26260,0,,0.063,
283628,-0.309,26262,0,,0.063,
283628,-0.587,26264,0,,0.063,
283628,-0.809,26266,0,,0.063,
283628,-0.951,26268,0,,0.063,
283628,-1,26270,0,,0.063,
283628,-0.951,26272,0,0,0.063,0
283628,-0.809,26274,0,,0.063,
283628,-0.587,26276,0,,0.063,
283628,-0.309,26278,0,,0.063,
283628,0,26280,0,,0.063,
283628,0.309,26282,0,,0.063,
283628,0.587,26284,0,,0.063,
283628,0.809,26286,0,,0.063,
283628,0.951,26288,0,,0.063,
283628,1,26290,0,,0.063,
283628,0.951,26292,0,0,0.063,0
283628,0.809,26294,0,,0.063,
283628,0.587,26296,0,,0.063,
283628,0.309,26298,0,,0.063,
283628,0,26300,0,,0.063,
283628,-0.309,26302,0,,0.063,
283628,-0.587,26304,0,,0.063,
283628,-0.809,26306,0,,0.063,
283628,-0.951,26308,0,,0.063,
283628,-1,26310,0,,0.063,
283628,-0.951,26312,0,0,0.063,0
283628,-0.809,26314,0,,0.063,
283628,-0.587,26316,0,,0.063,
283628,-0.309,26318,0,,0.063,
283628,0,26320,0,,0.063,
283628,0.309,26322,0,,0.063,
283628,0.587,26324,0,,0.063,
283628,0.809,26326,0,,0.063,
283628,0.951,26328,0,,0.063,
283628,1,26330,0,,0.063,
283628,0.951,26332,0,0,0.063,0
283628,0.809,26334,0,,0.063,
283628,0.587,26336,0,,0.063,
283628,0.309,26338,0,,0.063,
283628,0,26340,0,,0.063,
283628,-0.309,26342,0,,0.063,
283628,-0.587,26344,0,,0.063,
283628,-0.809,26346,0,,0.063,
283628,-0.951,26348,0,,0.063,
283628,-1,26350,0,,0.063,
283628,-0.951,26352,0,0,0.063,0
283628,-0.809,26354,0,,0.063,
283628,-0.587,26356,0,,0.063,
283628,-0.309,26358,0,,0.063,
283628,0,26360,0,,0.063,
283628,0.309,26362,0,,0.063,
283628,0.587,26364,0,,0.063,
283628,0.809,26366,0,,0.063,
283628,0.951,26368,0,,0.063,
283628,1,26370,0,,0.063,
283628,0.951,26372,0,0,0.063,0
283628,0.809,26374,0,,0.063,
283628,0.587,26376,0,,0.063,
283628,0.309,26378,0,,0.063,
283628,0,26380,0,,0.063,
283628,-0.309,26382,0,,0.063,
283628,-0.587,26384,0,,0.063,
283628,-0.809,26386,0,,0.063,
283628,-0.951,26388,0,,0.063,
283628,-1,26390,0,,0.063,
283628,-0.951,26392,0,0,0.063,0
283628,-0.809,26394,0,,0.063,
283628,-0.587,26396,0,,0.063,
283628,-0.309,26398,0,,0.063,
283628,0,26400,0,,0.063,
283628,0.309,26402,0,,0.063,
283628,0.587,26404,0,,0.063,
283628,0.809,26406,0,,0.063,
283628,0.951,26408,0,,0.063,
283628,1,26410,0,,0.063,
283628,0.951,26412,0,0,0.063,0
283628,0.809,26414,0,,0.063,
283628,0.587,26416,0,,0.063,
283628,0.309,26418,0,,0.063,
283628,0,26420,0,,0.063,
283628,-0.309,26422,0,,0.063,
283628,-0.587,26424,0,,0.063,
283628,-0.809,26426,0,,0.063,
283628,-0.951,26428,0,,0.063,
283628,-1,26430,0,,0.063,
283628,-0.951,26432,0,0,0.063,0
283628,-0.809,26434,0,,0.063,
283628,-0.587,26436,0,,0.063,
283628,-0.309,26438,0,,0.063,
283628,0,26440,0,,0.063,
283628,0.309,26442,0,,0.063,
283628,0.587,26444,0,,0.063,
283628,0.809,26446,0,,0.063,
283628,0.951,26448,0,,0.063,
283628,1,26450,0,,0.063,
283628,0.951,26452,0,0,0.063,0
283628,0.809,26454,0,,0.063,
283628,0.587,26456,0,,0.063,
283628,0.309,26458,0,,0.063,
283628,0,26460,0,,0.063,
283628,-0.309,26462,0,,0.063,
283628,-0.587,26464,0,,0.063,
283628,-0.809,26466,0,,0.063,
283628,-0.951,26468,0,,0.063,
283628,-1,26470,0,,0.063,
283628,-0.951,26472,0,0,0.063,0
283628,-0.809,26474,0,,0.063,
283628,-0.587,26476,0,,0.063,
283628,-0.309,26478,0,,0.063,
283628,0,26480,0,,0.063,
283628,0.309,26482,0,,0.063,
283628,0.587,26484,0,,0.063,
283628,0.809,26486,0,,0.063,
283628,0.951,26488,0,,0.063,
283628,1,26490,0,,0.063,
283628,0.951,26492,0,0,0.063,0
283628,0.809,26494,0,,0.063,
283628,0.587,26496,0,,0.063,
283628,0.309,26498,0,,0.063,
283628,0,26500,0,,0.063,
283628,-0.309,26502,0,,0.063,
283628,-0.587,26504,0,,0.063,
283628,-0.809,26506,0,,0.063,
283628,-0.951,26508,0,,0.063,
283628,-1,26510,0,,0.063,
283628,-0.951,26512,0,0,0.063,0
283628,-0.809,26514,0,,0.063,
283628,-0.587,26516,0,,0.063,
283628,-0.309,26518,0,,0.063,
283628,0,26520,0,,0.063,
283628,0.309,26522,0,,0.063,
283628,0.587,26524,0,,0.063,
283628,0.809,26526,0,,0.063,
283628,0.951,26528,0,,0.063,
283628,1,26530,0,,0.063,
283628,0.951,26532,0,0,0.063,0
283628,0.809,26534,0,,0.063,
283628,0.587,26536,0,,0.063,
283628,0.309,26538,0,,0.063,
283628,0,26540,0,,0.063,
283628,-0.309,26542,0,,0.063,
283628,-0.587,26544,0,,0.063,
283628,-0.809,26546,0,,0.063,
283628,-0.951,26548,0,,0.063,
283628,-1,26550,0,,0.063,
283628,-0.951,26552,0,0,0.063,0
283628,-0.809,26554,0,,0.063,
283628,-0.587,26556,0,,0.063,
283628,-0.309,26558,0,,0.063,
283628,0,26560,0,,0.063,
283628,0.309,26562,0,,0.063,
283628,0.587,26564,0,,0.063,
283628,0.809,26566,0,,0.063,
283628,0.951,26568,0,,0.063,
283628,1,26570,0,,0.063,
283628,0.951,26572,0,0,0.063,0
283628,0.809,26574,0,,0.063,
283628,0.587,26576,0,,0.063,
283628,0.309,26578,0,,0.063,
283628,0,26580,0,,0.063,
283628,-0.309,26582,0,,0.063,
283628,-0.587,26584,0,,0.063,
283628,-0.809,26586,0,,0.063,
283628,-0.951,26588,0,,0.063,
283628,-1,26590,0,,0.063,
283628,-0.951,26592,0,0,0.063,0
283628,-0.809,26594,0,,0.063,
283628,-0.587,26596,0,,0.063,
283628,-0.309,26598,0,,0.063,
283628,0,26600,0,,0.063,
283628,0.309,26602,0,,0.063,
283628,0.587,26604,0,,0.063,
283628,0.809,26606,0,,0.063,
283628,0.951,26608,0,,0.063,
283628,1,26610,0,,0.063,
283628,0.951,26612,0,0,0.063,0
283628,0.809,26614,0,,0.063,
283628,0.587,26616,0,,0.063,
283628,0.309,26618,0,,0.063,
283628,0,26620,0,,0.063,
283628,-0.309,26622,0,,0.063,
283628,-0.587,26624,0,,0.063,
283628,-0.809,26626,0,,0.063,
283628,-0.951,26628,0,,0.063,
283628,-1,26630,0,,0.063,
283628,-0.951,26632,0,0,0.063,0
283628,-0.809,26634,0,,0.063,
283628,-0.587,26636,0,,0.063,
283628,-0.309,26638,0,,0.063,
283628,0,26640,0,,0.063,
283628,0.309,26642,0,,0.063,
283628,0.587,26644,0,,0.063,
283628,0.809,26646,0,,0.063,
283628,0.951,26648,0,,0.063,
283628,1,26650,0,,0.063,
283628,0.951,26652,0,0,0.063,0
283628,0.809,26654,0,,0.063,
283628,0.587,26656,0,,0.063,
283628,0.309,26658,0,,0.063,
283628,0,26660,0,,0.063,
283628,-0.309,26662,0,,0.063,
283628,-0.587,26664,0,,0.063,
283628,-0.809,26666,0,,0.063,
283628,-0.951,26668,0,,0.063,
283628,-1,26670,0,,0.063,
283628,-0.951,26672,0,0,0.063,0
283628,-0.809,26674,0,,0.063,
283628,-0.587,26676,0,,0.063,
283628,-0.309,26678,0,,0.063,
283628,0,26680,0,,0.063,
283628,0.309,26682,0,,0.063,
283628,0.587,26684,0,,0.063,
283628,0.809,26686,0,,0.063,
283628,0.951,26688,0,,0.063,
283628,1,26690,0,,0.063,
283628,0.951,26692,0,0,0.063,0
283628,0.809,26694,0,,0.063,
283628,0.587,26696,0,,0.063,
283628,0.309,26698,0,,0.063,
283628,0,26700,0,,0.063,
283628,-0.309,26702,0,,0.063,
283628,-0.587,26704,0,,0.063,
283628,-0.809,26706,0,,0.063,
283628,-0.951,26708,0,,0.063,
283628,-1,26710,0,,0.063,
283628,-0.951,26712,0,0,0.063,0
283628,-0.809,26714,0,,0.063,
283628,-0.587,26716,0,,0.063,
283628,-0.309,26718,0,,0.063,
283628,0,26720,0,,0.063,
283628,0.309,26722,0,,0.063,
283628,0.587,26724,0,,0.063,
283628,0.809,26726,0,,0.063,
283628,0.951,26728,0,,0.063,
283628,1,26730,0,,0.063,
283628,0.951,26732,0,0,0.063,0
283628,0.809,26734,0,,0.063,
283628,0.587,26736,0,,0.063,
283628,0.309,26738,0,,0.063,
283628,0,26740,0,,0.063,
283628,-0.309,26742,0,,0.063,
283628,-0.587,26744,0,,0.063,
283628,-0.809,26746,0,,0.063,
283628,-0.951,26748,0,,0.063,
283628,-1,26750,0,,0.063,
283628,-0.951,26752,0,0,0.063,0
283628,-0.809,26754,0,,0.063,
283628,-0.587,26756,0,,0.063,
283628,-0.309,26758,0,,0.063,
283628,0,26760,0,,0.063,
283628,0.309,26762,0,,0.063,
283628,0.587,26764,0,,0.063,
283628,0.809,26766,0,,0.063,
283628,0.951,26768,0,,0.063,
283628,1,26770,0,,0.063,
283628,0.951,26772,0,0,0.063,0
283628,0.809,26774,0,,0.063,
283628,0.587,26776,0,,0.063,
283628,0.309,26778,0,,0.063,
283628,0,26780,0,,0.063,
283628,-0.309,26782,0,,0.063,
283628,-0.587,26784,0,,0.063,
283628,-0.809,26786,0,,0.063,
283628,-0.951,26788,0,,0.063,
283628,-1,26790,0,,0.063,
283628,-0.951,26792,0,0,0.063,0
283628,-0.809,26794,0,,0.063,
283628,-0.587,26796,0,,0.063,
283628,-0.309,26798,0,,0.063,
283628,0,26800,0,,0.063,
283628,0.309,26802,0,,0.063,
283628,0.587,26804,0,,0.063,
283628,0.809,26806,0,,0.063,
283628,0.951,26808,0,,0.063,
283628,1,26810,0,,0.063,
283628,0.951,26812,0,0,0.063,0
283628,0.809,26814,0,,0.063,
283628,0.587,26816,0,,0.063,
283628,0.309,26818,0,,0.063,
283628,0,26820,0,,0.063,
283628,-0.309,26822,0,,0.063,
283628,-0.587,26824,0,,0.063,
283628,-0.809,26826,0,,0.063,
283628,-0.951,26828,0,,0.063,
283628,-1,26830,0,,0.063,
283628,-0.951,26832,0,0,0.063,0
283628,-0.809,26834,0,,0.063,
283628,-0.587,26836,0,,0.063,
283628,-0.309,26838,0,,0.063,
283628,0,26840,0,,0.063,
283628,0.309,26842,0,,0.063,
283628,0.587,26844,0,,0.063,
283628,0.809,26846,0,,0.063,
283628,0.951,26848,0,,0.063,
283628,1,26850,0,,0.063,
283628,0.951,26852,0,0,0.063,0
283628,0.809,26854,0,,0.063,
283628,0.587,26856,0,,0.063,
283628,0.309,26858,0,,0.063,
283628,0,26860,0,,0.063,
283628,-0.309,26862,0,,0.063,
283628,-0.587,26864,0,,0.063,
283628,-0.809,26866,0,,0.063,
283628,-0.951,26868,0,,0.063,
283628,-1,26870,0,,0.063,
283628,-0.951,26872,0,0,0.063,0
283628,-0.809,26874,0,,0.063,
283628,-0.587,26876,0,,0.063,
283628,-0.309,26878,0,,0.063,
283628,0,26880,0,,0.063,
283628,0.309,26882,0,,0.063,
283628,0.587,26884,0,,0.063,
283628,0.809,26886,0,,0.063,
283628,0.951,26888,0,,0.063,
283628,1,26890,0,,0.063,
283628,0.951,26892,0,0,0.063,0
283628,0.809,26894,0,,0.063,
283628,0.587,26896,0,,0.063,
283628,0.309,26898,0,,0.063,
283628,0,26900,0,,0.063,
283628,-0.309,26902,0,,0.063,
283628,-0.587,26904,0,,0.063,
283628,-0.809,26906,0,,0.063,
283628,-0.951,26908,0,,0.063,
283628,-1,26910,0,,0.063,
283628,-0.951,26912,0,0,0.063,0
283628,-0.809,26914,0,,0.063,
283628,-0.587,26916,0,,0.063,
283628,-0.309,26918,0,,0.063,
283628,0,26920,0,,0.063,
283628,0.309,26922,0,,0.063,
283628,0.587,26924,0,,0.063,
283628,0.809,26926,0,,0.063,
283628,0.951,26928,0,,0.063,
283628,1,26930,0,,0.063,
283628,0.951,26932,0,0,0.063,0
283628,0.809,26934,0,,0.063,
283628,0.587,26936,0,,0.063,
283628,0.309,26938,0,,0.063,
283628,0,26940,0,,0.063,
283628,-0.309,26942,0,,0.063,
283628,-0.587,26944,0,,0.063,
283628,-0.809,26946,0,,0.063,
283628,-0.951,26948,0,,0.063,
283628,-1,26950,0,,0.063,
283628,-0.951,26952,0,0,0.063,0
283628,-0.809,26954,0,,0.063,
283628,-0.587,26956,0,,0.063,
283628,-0.309,26958,0,,0.063,
283628,0,26960,0,,0.063,
283628,0.309,26962,0,,0.063,
283628,0.587,26964,0,,0.063,
283628,0.809,26966,0,,0.063,
283628,0.951,26968,0,,0.063,
283628,1,26970,0,,0.063,
283628,0.951,26972,0,0,0.063,0
283628,0.809,26974,0,,0.063,
283628,0.587,26976,0,,0.063,
283628,0.309,26978,0,,0.063,
283628,0,26980,0,,0.063,
283628,-0.309,26982,0,,0.063,
283628,-0.587,26984,0,,0.063,
283628,-0.809,26986,0,,0.063,
283628,-0.951,26988,0,,0.063,
283628,-1,26990,0,,0.063,
283628,-0.951,26992,0,0,0.063,0
283628,-0.809,26994,0,,0.063,
283628,-0.587,26996,0,,0.063,
283628,-0.309,26998,0,,0.063,
283628,0,27000,0,,0.063,
283628,0.309,27002,0,,0.063,
283628,0.587,27004,0,,0.063,
283628,0.809,27006,0,,0.063,
283628,0.951,27008,0,,0.063,
283628,1,27010,0,,0.063,
283628,0.951,27012,0,0,0.063,0
283628,0.809,27014,0,,0.063,
283628,0.587,27016,0,,0.063,
283628,0.309,27018,0,,0.063,
283628,0,27020,0,,0.063,
283628,-0.309,27022,0,,0.063,
283628,-0.587,27024,0,,0.063,
283628,-0.809,27026,0,,0.063,
283628,-0.951,27028,0,,0.063,
283628,-1,27030,0,,0.063,
283628,-0.951,27032,0,0,0.063,0
283628,-0.809,27034,0,,0.063,
283628,-0.587,27036,0,,0.063,
283628,-0.309,27038,0,,0.063,
283628,0,27040,0,,0.063,
283628,0.309,27042,0,,0.063,
283628,0.587,27044,0,,0.063,
283628,0.809,27046,0,,0.063,
283628,0.951,27048,0,,0.063,
283628,1,27050,0,,0.063,
283628,0.951,27052,0,0,0.063,0
283628,0.809,27054,0,,0.063,
283628,0.587,27056,0,,0.063,
283628,0.309,27058,0,,0.063,
283628,0,27060,0,,0.063,
283628,-0.309,27062,0,,0.063,
283628,-0.587,27064,0,,0.063,
283628,-0.809,27066,0,,0.063,
283628,-0.951,27068,0,,0.063,
283628,-1,27070,0,,0.063,
283628,-0.951,27072,0,0,0.063,0
283628,-0.809,27074,0,,0.063,
283628,-0.587,27076,0,,0.063,
283628,-0.309,27078,0,,0.063,
283628,0,27080,0,,0.063,
283628,0.309,27082,0,,0.063,
283628,0.587,27084,0,,0.063,
283628,0.809,27086,0,,0.063,
283628,0.951,27088,0,,0.063,
283628,1,27090,0,,0.063,
283628,0.951,27092,0,0,0.063,0
283628,0.809,27094,0,,0.063,
283628,0.587,27096,0,,0.063,
283628,0.309,27098,0,,0.063,
283628,0,27100,0,,0.063,
283628,-0.309,27102,0,,0.063,
283628,-0.587,27104,0,,0.063,
283628,-0.809,27106,0,,0.063,
283628,-0.951,27108,0,,0.063,
283628,-1,27110,0,,0.063,
283628,-0.951,27112,0,0,0.063,0
283628,-0.809,27114,0,,0.063,
283628,-0.587,27116,0,,0.063,
283628,-0.309,27118,0,,0.063,
283628,0,27120,0,,0.063,
283628,0.309,27122,0,,0.063,
283628,0.587,27124,0,,0.063,
283628,0.809,27126,0,,0.063,
283628,0.951,27128,0,,0.063,
283628,1,27130,0,,0.063,
283628,0.951,27132,0,0,0.063,0
283628,0.809,27134,0,,0.063,
283628,0.587,27136,0,,0.063,
283628,0.309,27138,0,,0.063,
283628,0,27140,0,,0.063,
283628,-0.309,27142,0,,0.063,
283628,-0.587,27144,0,,0.063,
283628,-0.809,27146,0,,0.063,
283628,-0.951,27148,0,,0.063,
283628,-1,27150,0,,0.063,
283628,-0.951,27152,0,0,0.063,0
283628,-0.809,27154,0,,0.063,
283628,-0.587,27156,0,,0.063,
283628,-0.309,27158,0,,0.063,
283628,0,27160,0,,0.063,
283628,0.309,27162,0,,0.063,
283628,0.587,27164,0,,0.063,
283628,0.809,27166,0,,0.063,
283628,0.951,27168,0,,0.063,
283628,1,27170,0,,0.063,
283628,0.951,27172,0,0,0.063,0
283628,0.809,27174,0,,0.063,
283628,0.587,27176,0,,0.063,
283628,0.309,27178,0,,0.063,
283628,0,27180,0,,0.063,
283628,-0.309,27182,0,,0.063,
283628,-0.587,27184,0,,0.063,
283628,-0.809,27186,0,,0.063,
283628,-0.951,27188,0,,0.063,
283628,-1,27190,0,,0.063,
283628,-0.951,27192,0,0,0.063,0
283628,-0.809,27194,0,,0.063,
283628,-0.587,27196,0,,0.063,
283628,-0.309,27198,0,,0.063,
283628,0,27200,0,,0.063,
283628,0.309,27202,0,,0.063,
283628,0.587,27204,0,,0.063,
283628,0.809,27206,0,,0.063,
283628,0.951,27208,0,,0.063,
283628,1,27210,0,,0.063,
283628,0.951,27212,0,0,0.063,0
283628,0.809,27214,0,,0.063,
283628,0.587,27216,0,,0.063,
283628,0.309,27218,0,,0.063,
283628,0,27220,0,,0.063,
283628,-0.309,27222,0,,0.063,
283628,-0.587,27224,0,,0.063,
283628,-0.809,27226,0,,0.063,
283628,-0.951,27228,0,,0.063,
283628,-1,27230,0,,0.063,
283628,-0.951,27232,0,0,0.063,0
283628,-0.809,27234,0,,0.063,
283628,-0.587,27236,0,,0.063,
283628,-0.309,27238,0,,0.063,
283628,0,27240,0,,0.063,
283628,0.309,27242,0,,0.063,
283628,0.587,27244,0,,0.063,
283628,0.809,27246,0,,0.063,
283628,0.951,27248,0,,0.063,
283628,1,27250,0,,0.063,
283628,0.951,27252,0,0,0.063,0
283628,0.809,27254,0,,0.063,
283628,0.587,27256,0,,0.063,
283628,0.309,27258,0,,0.063,
283628,0,27260,0,,0.063,
283628,-0.309,27262,0,,0.063,
283628,-0.587,27264,0,,0.063,
283628,-0.809,27266,0,,0.063,
283628,-0.951,27268,0,,0.063,
283628,-1,27270,0,,0.063,
283628,-0.951,27272,0,0,0.063,0
283628,-0.809,27274,0,,0.063,
283628,-0.587,27276,0,,0.063,
283628,-0.309,27278,0,,0.063,
283628,0,27280,0,,0.063,
283628,0.309,27282,0,,0.063,
283628,0.587,27284,0,,0.063,
283628,0.809,27286,0,,0.063,
283628,0.951,27288,0,,0.063,
283628,1,27290,0,,0.063,
283628,0.951,27292,0,0,0.063,0
283628,0.809,27294,0,,0.063,
283628,0.587,27296,0,,0.063,
283628,0.309,27298,0,,0.063,
283628,0,27300,0,,0.063,
283628,-0.309,27302,0,,0.063,
283628,-0.587,27304,0,,0.063,
283628,-0.809,27306,0,,0.063,
283628,-0.951,27308,0,,0.063,
283628,-1,27310,0,,0.063,
283628,-0.951,27312,0,0,0.063,0
283628,-0.809,27314,0,,0.063,
283628,-0.587,27316,0,,0.063,
283628,-0.309,27318,0,,0.063,
283628,0,27320,0,,0.063,
283628,0.309,27322,0,,0.063,
283628,0.587,27324,0,,0.063,
283628,0.809,27326,0,,0.063,
283628,0.951,27328,0,,0.063,
283628,1,27330,0,,0.063,
283628,0.951,27332,0,0,0.063,0
283628,0.809,27334,0,,0.063,
283628,0.587,27336,0,,0.063,
283628,0.309,27338,0,,0.063,
283628,0,27340,0,,0.063,
283628,-0.309,27342,0,,0.063,
283628,-0.587,27344,0,,0.063,
283628,-0.809,27346,0,,0.063,
283628,-0.951,27348,0,,0.063,
283628,-1,27350,0,,0.063,
283628,-0.951,27352,0,0,0.063,0
283628,-0.809,27354,0,,0.063,
283628,-0.587,27356,0,,0.063,
283628,-0.309,27358,0,,0.063,
283628,0,27360,0,,0.063,
283628,0.309,27362,0,,0.063,
283628,0.587,27364,0,,0.063,
283628,0.809,27366,0,,0.063,
283628,0.951,27368,0,,0.063,
283628,1,27370,0,,0.063,
283628,0.951,27372,0,0,0.063,0
283628,0.809,27374,0,,0.063,
283628,0.587,27376,0,,0.063,
283628,0.309,27378,0,,0.063,
283628,0,27380,0,,0.063,
283628,-0.309,27382,0,,0.063,
283628,-0.587,27384,0,,0.063,
283628,-0.809,27386,0,,0.063,
283628,-0.951,27388,0,,0.063,
283628,-1,27390,0,,0.063,
283628,-0.951,27392,0,0,0.063,0
283628,-0.809,27394,0,,0.063,
283628,-0.587,27396,0,,0.063,
283628,-0.309,27398,0,,0.063,
283628,0,27400,0,,0.063,
283628,0.309,27402,0,,0.063,
283628,0.587,27404,0,,0.063,
283628,0.809,27406,0,,0.063,
283628,0.951,27408,0,,0.063,
283628,1,27410,0,,0.063,
283628,0.951,27412,0,0,0.063,0
283628,0.809,27414,0,,0.063,
283628,0.587,27416,0,,0.063,
283628,0.309,27418,0,,0.063,
283628,0,27420,0,,0.063,
283628,-0.309,27422,0,,0.063,
283628,-0.587,27424,0,,0.063,
283628,-0.809,27426,0,,0.063,
283628,-0.951,27428,0,,0.063,
283628,-1,27430,0,,0.063,
283628,-0.951,27432,0,0,0.063,0
283628,-0.809,27434,0,,0.063,
283628,-0.587,27436,0,,0.063,
283628,-0.309,27438,0,,0.063,
283628,0,27440,0,,0.063,
283628,0.309,27442,0,,0.063,
283628,0.587,27444,0,,0.063,
283628,0.809,27446,0,,0.063,
283628,0.951,27448,0,,0.063,
283628,1,27450,0,,0.063,
283628,0.951,27452,0,0,0.063,0
283628,0.809,27454,0,,0.063,
283628,0.587,27456,0,,0.063,
283628,0.309,27458,0,,0.063,
283628,0,27460,0,,0.063,
283628,-0.309,27462,0,,0.063,
283628,-0.587,27464,0,,0.063,
283628,-0.809,27466,0,,0.063,
283628,-0.951,27468,0,,0.063,
283628,-1,27470,0,,0.063,
283628,-0.951,27472,0,0,0.063,0
283628,-0.809,27474,0,,0.063,
283628,-0.587,27476,0,,0.063,
283628,-0.309,27478,0,,0.063,
283628,0,27480,0,,0.063,
283628,0.309,27482,0,,0.063,
283628,0.587,27484,0,,0.063,
283628,0.809,27486,0,,0.063,
283628,0.951,27488,0,,0.063,
283628,1,27490,0,,0.063,
283628,0.951,27492,0,0,0.063,0
283628,0.809,27494,0,,0.063,
283628,0.587,27496,0,,0.063,
283628,0.309,27498,0,,0.063,
283628,0,27500,0,,0.063,
283628,-0.309,27502,0,,0.063,
283628,-0.587,27504,0,,0.063,
283628,-0.809,27506,0,,0.063,
283628,-0.951,27508,0,,0.063,
283628,-1,27510,0,,0.063,
283628,-0.951,27512,0,0,0.063,0
283628,-0.809,27514,0,,0.063,
283628,-0.587,27516,0,,0.063,
283628,-0.309,27518,0,,0.063,
283628,0,27520,0,,0.063,
283628,0.309,27522,0,,0.063,
283628,0.587,27524,0,,0.063,
283628,0.809,27526,0,,0.063,
283628,0.951,27528,0,,0.063,
283628,1,27530,0,,0.063,
283628,0.951,27532,0,0,0.063,0
283628,0.809,27534,0,,0.063,
283628,0.587,27536,0,,0.063,
283628,0.309,27538,0,,0.063,
283628,0,27540,0,,0.063,
283628,-0.309,27542,0,,0.063,
283628,-0.587,27544,0,,0.063,
283628,-0.809,27546,0,,0.063,
283628,-0.951,27548,0,,0.063,
283628,-1,27550,0,,0.063,
283628,-0.951,27552,0,0,0.063,0
283628,-0.809,27554,0,,0.063,
283628,-0.587,27556,0,,0.063,
283628,-0.309,27558,0,,0.063,
283628,0,27560,0,,0.063,
283628,0.309,27562,0,,0.063,
283628,0.587,27564,0,,0.063,
283628,0.809,27566,0,,0.063,
283628,0.951,27568,0,,0.063,
283628,1,27570,0,,0.063,
283628,0.951,27572,0,0,0.063,0
283628,0.809,27574,0,,0.063,
283628,0.587,27576,0,,0.063,
283628,0.309,27578,0,,0.063,
283628,0,27580,0,,0.063,
283628,-0.309,27582,0,,0.063,
283628,-0.587,27584,0,,0.063,
283628,-0.809,27586,0,,0.063,
283628,-0.951,27588,0,,0.063,
283628,-1,27590,0,,0.063,
283628,-0.951,27592,0,0,0.063,0
283628,-0.809,27594,0,,0.063,
283628,-0.587,27596,0,,0.063,
283628,-0.309,27598,0,,0.063,
283628,0,27600,0,,0.063,
283628,0.309,27602,0,,0.063,
283628,0.587,27604,0,,0.063,
283628,0.809,27606,0,,0.063,
283628,0.951,27608,0,,0.063,
283628,1,27610,0,,0.063,
283628,0.951,27612,0,0,0.063,0
283628,0.809,27614,0,,0.063,
283628,0.587,27616,0,,0.063,
283628,0.309,27618,0,,0.063,
283628,0,27620,0,,0.063,
283628,-0.309,27622,0,,0.063,
283628,-0.587,27624,0,,0.063,
283628,-0.809,27626,0,,0.063,
283628,-0.951,27628,0,,0.063,
283628,-1,27630,0,,0.063,
283628,-0.951,27632,0,0,0.063,0
283628,-0.809,27634,0,,0.063,
283628,-0.587,27636,0,,0.063,
283628,-0.309,27638,0,,0.063,
283628,0,27640,0,,0.063,
283628,0.309,27642,0,,0.063,
283628,0.587,27644,0,,0.063,
283628,0.809,27646,0,,0.063,
283628,0.951,27648,0,,0.063,
283628,1,27650,0,,0.063,
283628,0.951,27652,0,0,0.063,0
283628,0.809,27654,0,,0.063,
283628,0.587,27656,0,,0.063,
283628,0.309,27658,0,,0.063,
283628,0,27660,0,,0.063,
283628,-0.309,27662,0,,0.063,
283628,-0.587,27664,0,,0.063,
283628,-0.809,27666,0,,0.063,
283628,-0.951,27668,0,,0.063,
283628,-1,27670,0,,0.063,
283628,-0.951,27672,0,0,0.063,0
283628,-0.809,27674,0,,0.063,
283628,-0.587,27676,0,,0.063,
283628,-0.309,27678,0,,0.063,
283628,0,27680,0,,0.063,
283628,0.309,27682,0,,0.063,
283628,0.587,27684,0,,0.063,
283628,0.809,27686,0,,0.063,
283628,0.951,27688,0,,0.063,
283628,1,27690,0,,0.063,
283628,0.951,27692,0,0,0.063,0
283628,0.809,27694,0,,0.063,
283628,0.587,27696,0,,0.063,
283628,0.309,27698,0,,0.063,
283628,0,27700,0,,0.063,
283628,-0.309,27702,0,,0.063,
283628,-0.587,27704,0,,0.063,
283628,-0.809,27706,0,,0.063,
283628,-0.951,27708,0,,0.063,
283628,-1,27710,0,,0.063,
283628,-0.951,27712,0,0,0.063,0
283628,-0.809,27714,0,,0.063,
283628,-0.587,27716,0,,0.063,
283628,-0.309,27718,0,,0.063,
283628,0,27720,0,,0.063,
283628,0.309,27722,0,,0.063,
283628,0.587,27724,0,,0.063,
283628,0.809,27726,0,,0.063,
283628,0.951,27728,0,,0.063,
283628,1,27730,0,,0.063,
283628,0.951,27732,0,0,0.063,0
283628,0.809,27734,0,,0.063,
283628,0.587,27736,0,,0.063,
283628,0.309,27738,0,,0.063,
283628,0,27740,0,,0.063,
283628,-0.309,27742,0,,0.063,
283628,-0.587,27744,0,,0.063,
283628,-0.809,27746,0,,0.063,
283628,-0.951,27748,0,,0.063,
283628,-1,27750,0,,0.063,
283628,-0.951,27752,0,0,0.063,0
283628,-0.809,27754,0,,0.063,
283628,-0.587,27756,0,,0.063,
283628,-0.309,27758,0,,0.063,
283628,0,27760,0,,0.063,
283628,0.309,27762,0,,0.063,
283628,0.587,27764,0,,0.063,
283628,0.809,27766,0,,0.063,
283628,0.951,27768,0,,0.063,
283628,1,27770,0,,0.063,
283628,0.951,27772,0,0,0.063,0
283628,0.809,27774,0,,0.063,
283628,0.587,27776,0,,0.063,
283628,0.309,27778,0,,0.063,
283628,0,27780,0,,0.063,
283628,-0.309,27782,0,,0.063,
283628,-0.587,27784,0,,0.063,
283628,-0.809,27786,0,,0.063,
283628,-0.951,27788,0,,0.063,
283628,-1,27790,0,,0.063,
283628,-0.951,27792,0,0,0.063,0
283628,-0.809,27794,0,,0.063,
283628,-0.587,27796,0,,0.063,
283628,-0.309,27798,0,,0.063,
283628,0,27800,0,,0.063,
283628,0.309,27802,0,,0.063,
283628,0.587,27804,0,,0.063,
283628,0.809,27806,0,,0.063,
283628,0.951,27808,0,,0.063,
283628,1,27810,0,,0.063,
283628,0.951,27812,0,0,0.063,0
283628,0.809,27814,0,,0.063,
283628,0.587,27816,0,,0.063,
283628,0.309,27818,0,,0.063,
283628,0,27820,0,,0.063,
283628,-0.309,27822,0,,0.063,
283628,-0.587,27824,0,,0.063,
283628,-0.809,27826,0,,0.063,
283628,-0.951,27828,0,,0.063,
283628,-1,27830,0,,0.063,
283628,-0.951,27832,0,0,0.063,0
283628,-0.809,27834,0,,0.063,
283628,-0.587,27836,0,,0.063,
283628,-0.309,27838,0,,0.063,
283628,0,27840,0,,0.063,
283628,0.309,27842,0,,0.063,
283628,0.587,27844,0,,0.063,
283628,0.809,27846,0,,0.063,
283628,0.951,27848,0,,0.063,
283628,1,27850,0,,0.063,
283628,0.951,27852,0,0,0.063,0
283628,0.809,27854,0,,0.063,
283628,0.587,27856,0,,0.063,
283628,0.309,27858,0,,0.063,
283628,0,27860,0,,0.063,
283628,-0.309,27862,0,,0.063,
283628,-0.587,27864,0,,0.063,
283628,-0.809,27866,0,,0.063,
283628,-0.951,27868,0,,0.063,
283628,-1,27870,0,,0.063,
283628,-0.951,27872,0,0,0.063,0
283628,-0.809,27874,0,,0.063,
283628,-0.587,27876,0,,0.063,
283628,-0.309,27878,0,,0.063,
283628,0,27880,0,,0.063,
283628,0.309,27882,0,,0.063,
283628,0.587,27884,0,,0.063,
283628,0.809,27886,0,,0.063,
283628,0.951,27888,0,,0.063,
283628,1,27890,0,,0.063,
283628,0.951,27892,0,0,0.063,0
283628,0.809,27894,0,,0.063,
283628,0.587,27896,0,,0.063,
283628,0.309,27898,0,,0.063,
283628,0,27900,0,,0.063,
283628,-0.309,27902,0,,0.063,
283628,-0.587,27904,0,,0.063,
283628,-0.809,27906,0,,0.063,
283628,-0.951,27908,0,,0.063,
283628,-1,27910,0,,0.063,
283628,-0.951,27912,0,0,0.063,0
283628,-0.809,27914,0,,0.063,
283628,-0.587,27916,0,,0.063,
283628,-0.309,27918,0,,0.063,
283628,0,27920,0,,0.063,
283628,0.309,27922,0,,0.063,
283628,0.587,27924,0,,0.063,
283628,0.809,27926,0,,0.063,
283628,0.951,27928,0,,0.063,
283628,1,27930,0,,0.063,
283628,0.951,27932,0,0,0.063,0
283628,0.809,27934,0,,0.063,
283628,0.587,27936,0,,0.063,
283628,0.309,27938,0,,0.063,
283628,0,27940,0,,0.063,
283628,-0.309,27942,0,,0.063,
283628,-0.587,27944,0,,0.063,
283628,-0.809,27946,0,,0.063,
283628,-0.951,27948,0,,0.063,
283628,-1,27950,0,,0.063,
283628,-0.951,27952,0,0,0.063,0
283628,-0.809,27954,0,,0.063,
283628,-0.587,27956,0,,0.063,
283628,-0.309,27958,0,,0.063,
283628,0,27960,0,,0.063,
283628,0.309,27962,0,,0.063,
283628,0.587,27964,0,,0.063,
283628,0.809,27966,0,,0.063,
283628,0.951,27968,0,,0.063,
283628,1,27970,0,,0.063,
283628,0.951,27972,0,0,0.063,0
283628,0.809,27974,0,,0.063,
283628,0.587,27976,0,,0.063,
283628,0.309,27978,0,,0.063,
283628,0,27980,0,,0.063,
283628,-0.309,27982,0,,0.063,
283628,-0.587,27984,0,,0.063,
283628,-0.809,27986,0,,0.063,
283628,-0.951,27988,0,,0.063,
283628,-1,27990,0,,0.063,
283628,-0.951,27992,0,0,0.063,0
283628,-0.809,27994,0,,0.063,
283628,-0.587,27996,0,,0.063,
283628,-0.309,27998,0,,0.063,
283628,0,28000,0,,0.063,
283628,0.309,28002,0,,0.063,
283628,0.587,28004,0,,0.063,
283628,0.809,28006,0,,0.063,
283628,0.951,28008,0,,0.063,
283628,1,28010,0,,0.063,
283628,0.951,28012,0,0,0.063,0
283628,0.809,28014,0,,0.063,
283628,0.587,28016,0,,0.063,
283628,0.309,28018,0,,0.063,
283628,0,28020,0,,0.063,
283628,-0.309,28022,0,,0.063,
283628,-0.587,28024,0,,0.063,
283628,-0.809,28026,0,,0.063,
283628,-0.951,28028,0,,0.063,
283628,-1,28030,0,,0.063,
283628,-0.951,28032,0,0,0.063,0
283628,-0.809,28034,0,,0.063,
283628,-0.587,28036,0,,0.063,
283628,-0.309,28038,0,,0.063,
283628,0,28040,0,,0.063,
283628,0.309,28042,0,,0.063,
283628,0.587,28044,0,,0.063,
283628,0.809,28046,0,,0.063,
283628,0.951,28048,0,,0.063,
283628,1,28050,0,,0.063,
283628,0.951,28052,0,0,0.063,0
283628,0.809,28054,0,,0.063,
283628,0.587,28056,0,,0.063,
283628,0.309,28058,0,,0.063,
283628,0,28060,0,,0.063,
283628,-0.309,28062,0,,0.063,
283628,-0.587,28064,0,,0.063,
283628,-0.809,28066,0,,0.063,
283628,-0.951,28068,0,,0.063,
283628,-1,28070,0,,0.063,
283628,-0.951,28072,0,0,0.063,0
283628,-0.809,28074,0,,0.063,
283628,-0.587,28076,0,,0.063,
283628,-0.309,28078,0,,0.063,
283628,0,28080,0,,0.063,
283628,0.309,28082,0,,0.063,
283628,0.587,28084,0,,0.063,
283628,0.809,28086,0,,0.063,
283628,0.951,28088,0,,0.063,
283628,1,28090,0,,0.063,
283628,0.951,28092,0,0,0.063,0
283628,0.809,28094,0,,0.063,
283628,0.587,28096,0,,0.063,
283628,0.309,28098,0,,0.063,
283628,0,28100,0,,0.063,
283628,-0.309,28102,0,,0.063,
283628,-0.587,28104,0,,0.063,
283628,-0.809,28106,0,,0.063,
283628,-0.951,28108,0,,0.063,
283628,-1,28110,0,,0.063,
283628,-0.951,28112,0,0,0.063,0
283628,-0.809,28114,0,,0.063,
283628,-0.587,28116,0,,0.063,
283628,-0.309,28118,0,,0.063,
283628,0,28120,0,,0.063,
283628,0.309,28122,0,,0.063,
283628,0.587,28124,0,,0.063,
283628,0.809,28126,0,,0.063,
283628,0.951,28128,0,,0.063,
283628,1,28130,0,,0.063,
283628,0.951,28132,0,0,0.063,0
283628,0.809,28134,0,,0.063,
283628,0.587,28136,0,,0.063,
283628,0.309,28138,0,,0.063,
283628,0,28140,0,,0.063,
283628,-0.309,28142,0,,0.063,
283628,-0.587,28144,0,,0.063,
283628,-0.809,28146,0,,0.063,
283628,-0.951,28148,0,,0.063,
283628,-1,28150,0,,0.063,
283628,-0.951,28152,0,0,0.063,0
283628,-0.809,28154,0,,0.063,
283628,-0.587,28156,0,,0.063,
283628,-0.309,28158,0,,0.063,
283628,0,28160,0,,0.063,
283628,0.309,28162,0,,0.063,
283628,0.587,28164,0,,0.063,
283628,0.809,28166,0,,0.063,
283628,0.951,28168,0,,0.063,
283628,1,28170,0,,0.063,
283628,0.951,28172,0,0,0.063,0
283628,0.809,28174,0,,0.063,
283628,0.587,28176,0,,0.063,
283628,0.309,28178,0,,0.063,
283628,0,28180,0,,0.063,
283628,-0.309,28182,0,,0.063,
283628,-0.587,28184,0,,0.063,
283628,-0.809,28186,0,,0.063,
283628,-0.951,28188,0,,0.063,
283628,-1,28190,0,,0.063,
283628,-0.951,28192,0,0,0.063,0
283628,-0.809,28194,0,,0.063,
283628,-0.587,28196,0,,0.063,
283628,-0.309,28198,0,,0.063,
283628,0,28200,0,,0.063,
283628,0.309,28202,0,,0.063,
283628,0.587,28204,0,,0.063,
283628,0.809,28206,0,,0.063,
283628,0.951,28208,0,,0.063,
283628,1,28210,0,,0.063,
283628,0.951,28212,0,0,0.063,0
283628,0.809,28214,0,,0.063,
283628,0.587,28216,0,,0.063,
283628,0.309,28218,0,,0.063,
283628,0,28220,0,,0.063,
283628,-0.309,28222,0,,0.063,
283628,-0.587,28224,0,,0.063,
283628,-0.809,28226,0,,0.063,
283628,-0.951,28228,0,,0.063,
283628,-1,28230,0,,0.063,
283628,-0.951,28232,0,0,0.063,0
283628,-0.809,28234,0,,0.063,
283628,-0.587,28236,0,,0.063,
283628,-0.309,28238,0,,0.063,
283628,0,28240,0,,0.063,
283628,0.309,28242,0,,0.063,
283628,0.587,28244,0,,0.063,
283628,0.809,28246,0,,0.063,
283628,0.951,28248,0,,0.063,
283628,1,28250,0,,0.063,
283628,0.951,28252,0,0,0.063,0
283628,0.809,28254,0,,0.063,
283628,0.587,28256,0,,0.063,
283628,0.309,28258,0,,0.063,
283628,0,28260,0,,0.063,
283628,-0.309,28262,0,,0.063,
283628,-0.587,28264,0,,0.063,
283628,-0.809,28266,0,,0.063,
283628,-0.951,28268,0,,0.063,
283628,-1,28270,0,,0.063,
283628,-0.951,28272,0,0,0.063,0
283628,-0.809,28274,0,,0.063,
283628,-0.587,28276,0,,0.063,
283628,-0.309,28278,0,,0.063,
283628,0,28280,0,,0.063,
283628,0.309,28282,0,,0.063,
283628,0.587,28284,0,,0.063,
283628,0.809,28286,0,,0.063,
283628,0.951,28288,0,,0.063,
283628,1,28290,0,,0.063,
283628,0.951,28292,0,0,0.063,0
283628,0.809,28294,0,,0.063,
283628,0.587,28296,0,,0.063,
283628,0.309,28298,0,,0.063,
283628,0,28300,0,,0.063,
283628,-0.309,28302,0,,0.063,
283628,-0.587,28304,0,,0.063,
283628,-0.809,28306,0,,0.063,
283628,-0.951,28308,0,,0.063,
283628,-1,28310,0,,0.063,
283628,-0.951,28312,0,0,0.063,0
283628,-0.809,28314,0,,0.063,
283628,-0.587,28316,0,,0.063,
283628,-0.309,28318,0,,0.063,
283628,0,28320,0,,0.063,
283628,0.309,28322,0,,0.063,
283628,0.587,28324,0,,0.063,
283628,0.809,28326,0,,0.063,
283628,0.951,28328,0,,0.063,
283628,1,28330,0,,0.063,
283628,0.951,28332,0,0,0.063,0
283628,0.809,28334,0,,0.063,
283628,0.587,28336,0,,0.063,
283628,0.309,28338,0,,0.063,
283628,0,28340,0,,0.063,
283628,-0.309,28342,0,,0.063,
283628,-0.587,28344,0,,0.063,
283628,-0.809,28346,0,,0.063,
283628,-0.951,28348,0,,0.063,
283628,-1,28350,0,,0.063,
283628,-0.951,28352,0,0,0.063,0
283628,-0.809,28354,0,,0.063,
283628,-0.587,28356,0,,0.063,
283628,-0.309,28358,0,,0.063,
283628,0,28360,0,,0.063,
283628,0.309,28362,0,,0.063,
283628,0.587,28364,0,,0.063,
283628,0.809,28366,0,,0.063,
283628,0.951,28368,0,,0.063,
283628,1,28370,0,,0.063,
283628,0.951,28372,0,0,0.063,0
283628,0.809,28374,0,,0.063,
283628,0.587,28376,0,,0.063,
283628,0.309,28378,0,,0.063,
283628,0,28380,0,,0.063,
283628,-0.309,28382,0,,0.063,
283628,-0.587,28384,0,,0.063,
283628,-0.809,28386,0,,0.063,
283628,-0.951,28388,0,,0.063,
283628,-1,28390,0,,0.063,
283628,-0.951,28392,0,0,0.063,0
283628,-0.809,28394,0,,0.063,
283628,-0.587,28396,0,,0.063,
283628,-0.309,28398,0,,0.063,
283628,0,28400,0,,0.063,
283628,0.309,28402,0,,0.063,
283628,0.587,28404,0,,0.063,
283628,0.809,28406,0,,0.063,
283628,0.951,28408,0,,0.063,
283628,1,28410,0,,0.063,
283628,0.951,28412,0,0,0.063,0
283628,0.809,28414,0,,0.063,
283628,0.587,28416,0,,0.063,
283628,0.309,28418,0,,0.063,
283628,0,28420,0,,0.063,
283628,-0.309,28422,0,,0.063,
283628,-0.587,28424,0,,0.063,
283628,-0.809,28426,0,,0.063,
283628,-0.951,28428,0,,0.063,
283628,-1,28430,0,,0.063,
283628,-0.951,28432,0,0,0.063,0
283628,-0.809,28434,0,,0.063,
283628,-0.587,28436,0,,0.063,
283628,-0.309,28438,0,,0.063,
283628,0,28440,0,,0.063,
283628,0.309,28442,0,,0.063,
283628,0.587,28444,0,,0.063,
283628,0.809,28446,0,,0.063,
283628,0.951,28448,0,,0.063,
283628,1,28450,0,,0.063,
283628,0.951,28452,0,0,0.063,0
283628,0.809,28454,0,,0.063,
283628,0.587,28456,0,,0.063,
283628,0.309,28458,0,,0.063,
283628,0,28460,0,,0.063,
283628,-0.309,28462,0,,0.063,
283628,-0.587,28464,0,,0.063,
283628,-0.809,28466,0,,0.063,
283628,-0.951,28468,0,,0.063,
283628,-1,28470,0,,0.063,
283628,-0.951,28472,0,0,0.063,0
283628,-0.809,28474,0,,0.063,
283628,-0.587,28476,0,,0.063,
283628,-0.309,28478,0,,0.063,
283628,0,28480,0,,0.063,
283628,0.309,28482,0,,0.063,
283628,0.587,28484,0,,0.063,
283628,0.809,28486,0,,0.063,
283628,0.951,28488,0,,0.063,
283628,1,28490,0,,0.063,
283628,0.951,28492,0,0,0.063,0
283628,0.809,28494,0,,0.063,
283628,0.587,28496,0,,0.063,
283628,0.309,28498,0,,0.063,
283628,0,28500,0,,0.063,
283628,-0.309,28502,0,,0.063,
283628,-0.587,28504,0,,0.063,
283628,-0.809,28506,0,,0.063,
283628,-0.951,28508,0,,0.063,
283628,-1,28510,0,,0.063,
283628,-0.951,28512,0,0,0.063,0
283628,-0.809,28514,0,,0.063,
283628,-0.587,28516,0,,0.063,
283628,-0.309,28518,0,,0.063,
283628,0,28520,0,,0.063,
283628,0.309,28522,0,,0.063,
283628,0.587,28524,0,,0.063,
283628,0.809,28526,0,,0.063,
283628,0.951,28528,0,,0.063,
283628,1,28530,0,,0.063,
283628,0.951,28532,0,0,0.063,0
283628,0.809,28534,0,,0.063,
283628,0.587,28536,0,,0.063,
283628,0.309,28538,0,,0.063,
283628,0,28540,0,,0.063,
283628,-0.309,28542,0,,0.063,
283628,-0.587,28544,0,,0.063,
283628,-0.809,28546,0,,0.063,
283628,-0.951,28548,0,,0.063,
283628,-1,28550,0,,0.063,
283628,-0.951,28552,0,0,0.063,0
283628,-0.809,28554,0,,0.063,
283628,-0.587,28556,0,,0.063,
283628,-0.309,28558,0,,0.063,
283628,0,28560,0,,0.063,
283628,0.309,28562,0,,0.063,
283628,0.587,28564,0,,0.063,
283628,0.809,28566,0,,0.063,
283628,0.951,28568,0,,0.063,
283628,1,28570,0,,0.063,
283628,0.951,28572,0,0,0.063,0
283628,0.809,28574,0,,0.063,
283628,0.587,28576,0,,0.063,
283628,0.309,28578,0,,0.063,
283628,0,28580,0,,0.063,
283628,-0.309,28582,0,,0.063,
283628,-0.587,28584,0,,0.063,
283628,-0.809,28586,0,,0.063,
283628,-0.951,28588,0,,0.063,
283628,-1,28590,0,,0.063,
283628,-0.951,28592,0,0,0.063,0
283628,-0.809,28594,0,,0.063,
283628,-0.587,28596,0,,0.063,
283628,-0.309,28598,0,,0.063,
283628,0,28600,0,,0.063,
283628,0.309,28602,0,,0.063,
283628,0.587,28604,0,,0.063,
283628,0.809,28606,0,,0.063,
283628,0.951,28608,0,,0.063,
283628,1,28610,0,,0.063,
283628,0.951,28612,0,0,0.063,0
283628,0.809,28614,0,,0.063,
283628,0.587,28616,0,,0.063,
283628,0.309,28618,0,,0.063,
283628,0,28620,0,,0.063,
283628,-0.309,28622,0,,0.063,
283628,-0.587,28624,0,,0.063,
283628,-0.809,28626,0,,0.063,
283628,-0.951,28628,0,,0.063,
283628,-1,28630,0,,0.063,
283628,-0.951,28632,0,0,0.063,0
283628,-0.809,28634,0,,0.063,
283628,-0.587,28636,0,,0.063,
283628,-0.309,28638,0,,0.063,
283628,0,28640,0,,0.063,
283628,0.309,28642,0,,0.063,
283628,0.587,28644,0,,0.063,
283628,0.809,28646,0,,0.063,
283628,0.951,28648,0,,0.063,
283628,1,28650,0,,0.063,
283628,0.951,28652,0,0,0.063,0
283628,0.809,28654,0,,0.063,
283628,0.587,28656,0,,0.063,
283628,0.309,28658,0,,0.063,
283628,0,28660,0,,0.063,
283628,-0.309,28662,0,,0.063,
283628,-0.587,28664,0,,0.063,
283628,-0.809,28666,0,,0.063,
283628,-0.951,28668,0,,0.063,
283628,-1,28670,0,,0.063,
283628,-0.951,28672,0,0,0.063,0
283628,-0.809,28674,0,,0.063,
283628,-0.587,28676,0,,0.063,
283628,-0.309,28678,0,,0.063,
283628,0,28680,0,,0.063,
283628,0.309,28682,0,,0.063,
283628,0.587,28684,0,,0.063,
283628,0.809,28686,0,,0.063,
283628,0.951,28688,0,,0.063,
283628,1,28690,0,,0.063,
283628,0.951,28692,0,0,0.063,0
283628,0.809,28694,0,,0.063,
283628,0.587,28696,0,,0.063,
283628,0.309,28698,0,,0.063,
283628,0,28700,0,,0.063,
283628,-0.309,28702,0,,0.063,
283628,-0.587,28704,0,,0.063,
283628,-0.809,28706,0,,0.063,
283628,-0.951,28708,0,,0.063,
283628,-1,28710,0,,0.063,
283628,-0.951,28712,0,0,0.063,0
283628,-0.809,28714,0,,0.063,
283628,-0.587,28716,0,,0.063,
283628,-0.309,28718,0,,0.063,
283628,0,28720,0,,0.063,
283628,0.309,28722,0,,0.063,
283628,0.587,28724,0,,0.063,
283628,0.809,28726,0,,0.063,
283628,0.951,28728,0,,0.063,
283628,1,28730,0,,0.063,
283628,0.951,28732,0,0,0.063,0
283628,0.809,28734,0,,0.063,
283628,0.587,28736,0,,0.063,
283628,0.309,28738,0,,0.063,
283628,0,28740,0,,0.063,
283628,-0.309,28742,0,,0.063,
283628,-0.587,28744,0,,0.063,
283628,-0.809,28746,0,,0.063,
283628,-0.951,28748,0,,0.063,
283628,-1,28750,0,,0.063,
283628,-0.951,28752,0,0,0.063,0
283628,-0.809,28754,0,,0.063,
283628,-0.587,28756,0,,0.063,
283628,-0.309,28758,0,,0.063,
283628,0,28760,0,,0.063,
283628,0.309,28762,0,,0.063,
283628,0.587,28764,0,,0.063,
283628,0.809,28766,0,,0.063,
283628,0.951,28768,0,,0.063,
283628,1,28770,0,,0.063,
283628,0.951,28772,0,0,0.063,0
283628,0.809,28774,0,,0.063,
283628,0.587,28776,0,,0.063,
283628,0.309,28778,0,,0.063,
283628,0,28780,0,,0.063,
283628,-0.309,28782,0,,0.063,
283628,-0.587,28784,0,,0.063,
283628,-0.809,28786,0,,0.063,
283628,-0.951,28788,0,,0.063,
283628,-1,28790,0,,0.063,
283628,-0.951,28792,0,0,0.063,0
283628,-0.809,28794,0,,0.063,
283628,-0.587,28796,0,,0.063,
283628,-0.309,28798,0,,0.063,
283628,0,28800,0,,0.063,
283628,0.309,28802,0,,0.063,
283628,0.587,28804,0,,0.063,
283628,0.809,28806,0,,0.063,
283628,0.951,28808,0,,0.063,
283628,1,28810,0,,0.063,
283628,0.951,28812,0,0,0.063,0
283628,0.809,28814,0,,0.063,
283628,0.587,28816,0,,0.063,
283628,0.309,28818,0,,0.063,
283628,0,28820,0,,0.063,
283628,-0.309,28822,0,,0.063,
283628,-0.587,28824,0,,0.063,
283628,-0.809,28826,0,,0.063,
283628,-0.951,28828,0,,0.063,
283628,-1,28830,0,,0.063,
283628,-0.951,28832,0,0,0.063,0
283628,-0.809,28834,0,,0.063,
283628,-0.587,28836,0,,0.063,
283628,-0.309,28838,0,,0.063,
283628,0,28840,0,,0.063,
283628,0.309,28842,0,,0.063,
283628,0.587,28844,0,,0.063,
283628,0.809,28846,0,,0.063,
283628,0.951,28848,0,,0.063,
283628,1,28850,0,,0.063,
283628,0.951,28852,0,0,0.063,0
283628,0.809,28854,0,,0.063,
283628,0.587,28856,0,,0.063,
283628,0.309,28858,0,,0.063,
283628,0,28860,0,,0.063,
283628,-0.309,28862,0,,0.063,
283628,-0.587,28864,0,,0.063,
283628,-0.809,28866,0,,0.063,
283628,-0.951,28868,0,,0.063,
283628,-1,28870,0,,0.063,
283628,-0.951,28872,0,0,0.063,0
283628,-0.809,28874,0,,0.063,
283628,-0.587,28876,0,,0.063,
283628,-0.309,28878,0,,0.063,
283628,0,28880,0,,0.063,
283628,0.309,28882,0,,0.063,
283628,0.587,28884,0,,0.063,
283628,0.809,28886,0,,0.063,
283628,0.951,28888,0,,0.063,
283628,1,28890,0,,0.063,
283628,0.951,28892,0,0,0.063,0
283628,0.809,28894,0,,0.063,
283628,0.587,28896,0,,0.063,
283628,0.309,28898,0,,0.063,
283628,0,28900,0,,0.063,
283628,-0.309,28902,0,,0.063,
283628,-0.587,28904,0,,0.063,
283628,-0.809,28906,0,,0.063,
283628,-0.951,28908,0,,0.063,
283628,-1,28910,0,,0.063,
283628,-0.951,28912,0,0,0.063,0
283628,-0.809,28914,0,,0.063,
283628,-0.587,28916,0,,0.063,
283628,-0.309,28918,0,,0.063,
283628,0,28920,0,,0.063,
283628,0.309,28922,0,,0.063,
283628,0.587,28924,0,,0.063,
283628,0.809,28926,0,,0.063,
283628,0.951,28928,0,,0.063,
283628,1,28930,0,,0.063,
283628,0.951,28932,0,0,0.063,0
283628,0.809,28934,0,,0.063,
283628,0.587,28936,0,,0.063,
283628,0.309,28938,0,,0.063,
283628,0,28940,0,,0.063,
283628,-0.309,28942,0,,0.063,
283628,-0.587,28944,0,,0.063,
283628,-0.809,28946,0,,0.063,
283628,-0.951,28948,0,,0.063,
283628,-1,28950,0,,0.063,
283628,-0.951,28952,0,0,0.063,0
283628,-0.809,28954,0,,0.063,
283628,-0.587,28956,0,,0.063,
283628,-0.309,28958,0,,0.063,
283628,0,28960,0,,0.063,
283628,0.309,28962,0,,0.063,
283628,0.587,28964,0,,0.063,
283628,0.809,28966,0,,0.063,
283628,0.951,28968,0,,0.063,
283628,1,28970,0,,0.063,
283628,0.951,28972,0,0,0.063,0
283628,0.809,28974,0,,0.063,
283628,0.587,28976,0,,0.063,
283628,0.309,28978,0,,0.063,
283628,0,28980,0,,0.063,
283628,-0.309,28982,0,,0.063,
283628,-0.587,28984,0,,0.063,
283628,-0.809,28986,0,,0.063,
283628,-0.951,28988,0,,0.063,
283628,-1,28990,0,,0.063,
283628,-0.951,28992,0,0,0.063,0
283628,-0.809,28994,0,,0.063,
283628,-0.587,28996,0,,0.063,
283628,-0.309,28998,0,,0.063,
283628,0,29000,0,,0.063,
283628,0.309,29002,0,,0.063,
283628,0.587,29004,0,,0.063,
283628,0.809,29006,0,,0.063,
283628,0.951,29008,0,,0.063,
283628,1,29010,0,,0.063,
283628,0.951,29012,0,0,0.063,0
283628,0.809,29014,0,,0.063,
283628,0.587,29016,0,,0.063,
283628,0.309,29018,0,,0.063,
283628,0,29020,0,,0.063,
283628,-0.309,29022,0,,0.063,
283628,-0.587,29024,0,,0.063,
283628,-0.809,29026,0,,0.063,
283628,-0.951,29028,0,,0.063,
283628,-1,29030,0,,0.063,
283628,-0.951,29032,0,0,0.063,0
283628,-0.809,29034,0,,0.063,
283628,-0.587,29036,0,,0.063,
283628,-0.309,29038,0,,0.063,
283628,0,29040,0,,0.063,
283628,0.309,29042,0,,0.063,
283628,0.587,29044,0,,0.063,
283628,0.809,29046,0,,0.063,
283628,0.951,29048,0,,0.063,
283628,1,29050,0,,0.063,
283628,0.951,29052,0,0,0.063,0
283628,0.809,29054,0,,0.063,
283628,0.587,29056,0,,0.063,
283628,0.309,29058,0,,0.063,
283628,0,29060,0,,0.063,
283628,-0.309,29062,0,,0.063,
283628,-0.587,29064,0,,0.063,
283628,-0.809,29066,0,,0.063,
283628,-0.951,29068,0,,0.063,
283628,-1,29070,0,,0.063,
283628,-0.951,29072,0,0,0.063,0
283628,-0.809,29074,0,,0.063,
283628,-0.587,29076,0,,0.063,
283628,-0.309,29078,0,,0.063,
283628,0,29080,0,,0.063,
283628,0.309,29082,0,,0.063,
283628,0.587,29084,0,,0.063,
283628,0.809,29086,0,,0.063,
283628,0.951,29088,0,,0.063,
283628,1,29090,0,,0.063,
283628,0.951,29092,0,0,0.063,0
283628,0.809,29094,0,,0.063,
283628,0.587,29096,0,,0.063,
283628,0.309,29098,0,,0.063,
283628,0,29100,0,,0.063,
283628,-0.309,29102,0,,0.063,
283628,-0.587,29104,0,,0.063,
283628,-0.809,29106,0,,0.063,
283628,-0.951,29108,0,,0.063,
283628,-1,29110,0,,0.063,
283628,-0.951,29112,0,0,0.063,0
283628,-0.809,29114,0,,0.063,
283628,-0.587,29116,0,,0.063,
283628,-0.309,29118,0,,0.063,
283628,0,29120,0,,0.063,
283628,0.309,29122,0,,0.063,
283628,0.587,29124,0,,0.063,
283628,0.809,29126,0,,0.063,
283628,0.951,29128,0,,0.063,
283628,1,29130,0,,0.063,
283628,0.951,29132,0,0,0.063,0
283628,0.809,29134,0,,0.063,
283628,0.587,29136,0,,0.063,
283628,0.309,29138,0,,0.063,
283628,0,29140,0,,0.063,
283628,-0.309,29142,0,,0.063,
283628,-0.587,29144,0,,0.063,
283628,-0.809,29146,0,,0.063,
283628,-0.951,29148,0,,0.063,
283628,-1,29150,0,,0.063,
283628,-0.951,29152,0,0,0.063,0
283628,-0.809,29154,0,,0.063,
283628,-0.587,29156,0,,0.063,
283628,-0.309,29158,0,,0.063,
283628,0,29160,0,,0.063,
283628,0.309,29162,0,,0.063,
283628,0.587,29164,0,,0.063,
283628,0.809,29166,0,,0.063,
283628,0.951,29168,0,,0.063,
283628,1,29170,0,,0.063,
283628,0.951,29172,0,0,0.063,0
283628,0.809,29174,0,,0.063,
283628,0.587,29176,0,,0.063,
283628,0.309,29178,0,,0.063,
283628,0,29180,0,,0.063,
283628,-0.309,29182,0,,0.063,
283628,-0.587,29184,0,,0.063,
283628,-0.809,29186,0,,0.063,
283628,-0.951,29188,0,,0.063,
283628,-1,29190,0,,0.063,
283628,-0.951,29192,0,0,0.063,0
283628,-0.809,29194,0,,0.063,
283628,-0.587,29196,0,,0.063,
283628,-0.309,29198,0,,0.063,
283628,0,29200,0,,0.063,
283628,0.309,29202,0,,0.063,
283628,0.587,29204,0,,0.063,
283628,0.809,29206,0,,0.063,
283628,0.951,29208,0,,0.063,
283628,1,29210,0,,0.063,
283628,0.951,29212,0,0,0.063,0
283628,0.809,29214,0,,0.063,
283628,0.587,29216,0,,0.063,
283628,0.309,29218,0,,0.063,
283628,0,29220,0,,0.063,
283628,-0.309,29222,0,,0.063,
283628,-0.587,29224,0,,0.063,
283628,-0.809,29226,0,,0.063,
283628,-0.951,29228,0,,0.063,
283628,-1,29230,0,,0.063,
283628,-0.951,29232,0,0,0.063,0
283628,-0.809,29234,0,,0.063,
283628,-0.587,29236,0,,0.063,
283628,-0.309,29238,0,,0.063,
283628,0,29240,0,,0.063,
283628,0.309,29242,0,,0.063,
283628,0.587,29244,0,,0.063,
283628,0.809,29246,0,,0.063,
283628,0.951,29248,0,,0.063,
283628,1,29250,0,,0.063,
283628,0.951,29252,0,0,0.063,0
283628,0.809,29254,0,,0.063,
283628,0.587,29256,0,,0.063,
283628,0.309,29258,0,,0.063,
283628,0,29260,0,,0.063,
283628,-0.309,29262,0,,0.063,
283628,-0.587,29264,0,,0.063,
283628,-0.809,29266,0,,0.063,
283628,-0.951,29268,0,,0.063,
283628,-1,29270,0,,0.063,
283628,-0.951,29272,0,0,0.063,0
283628,-0.809,29274,0,,0.063,
283628,-0.587,29276,0,,0.063,
283628,-0.309,29278,0,,0.063,
283628,0,29280,0,,0.063,
283628,0.309,29282,0,,0.063,
283628,0.587,29284,0,,0.063,
283628,0.809,29286,0,,0.063,
283628,0.951,29288,0,,0.063,
283628,1,29290,0,,0.063,
283628,0.951,29292,0,0,0.063,0
283628,0.809,29294,0,,0.063,
283628,0.587,29296,0,,0.063,
283628,0.309,29298,0,,0.063,
283628,0,29300,0,,0.063,
283628,-0.309,29302,0,,0.063,
283628,-0.587,29304,0,,0.063,
283628,-0.809,29306,0,,0.063,
283628,-0.951,29308,0,,0.063,
283628,-1,29310,0,,0.063,
283628,-0.951,29312,0,0,0.063,0
283628,-0.809,29314,0,,0.063,
283628,-0.587,29316,0,,0.063,
283628,-0.309,29318,0,,0.063,
283628,0,29320,0,,0.063,
283628,0.309,29322,0,,0.063,
283628,0.587,29324,0,,0.063,
283628,0.809,29326,0,,0.063,
283628,0.951,29328,0,,0.063,
283628,1,29330,0,,0.063,
283628,0.951,29332,0,0,0.063,0
283628,0.809,29334,0,,0.063,
283628,0.587,29336,0,,0.063,
283628,0.309,29338,0,,0.063,
283628,0,29340,0,,0.063,
283628,-0.309,29342,0,,0.063,
283628,-0.587,29344,0,,0.063,
283628,-0.809,29346,0,,0.063,
283628,-0.951,29348,0,,0.063,
283628,-1,29350,0,,0.063,
283628,-0.951,29352,0,0,0.063,0
283628,-0.809,29354,0,,0.063,
283628,-0.587,29356,0,,0.063,
283628,-0.309,29358,0,,0.063,
283628,0,29360,0,,0.063,
283628,0.309,29362,0,,0.063,
283628,0.587,29364,0,,0.063,
283628,0.809,29366,0,,0.063,
283628,0.951,29368,0,,0.063,
283628,1,29370,0,,0.063,
283628,0.951,29372,0,0,0.063,0
283628,0.809,29374,0,,0.063,
283628,0.587,29376,0,,0.063,
283628,0.309,29378,0,,0.063,
283628,0,29380,0,,0.063,
283628,-0.309,29382,0,,0.063,
283628,-0.587,29384,0,,0.063,
283628,-0.809,29386,0,,0.063,
283628,-0.951,29388,0,,0.063,
283628,-1,29390,0,,0.063,
283628,-0.951,29392,0,0,0.063,0
283628,-0.809,29394,0,,0.063,
283628,-0.587,29396,0,,0.063,
283628,-0.309,29398,0,,0.063,
283628,0,29400,0,,0.063,
283628,0.309,29402,0,,0.063,
283628,0.587,29404,0,,0.063,
283628,0.809,29406,0,,0.063,
283628,0.951,29408,0,,0.063,
283628,1,29410,0,,0.063,
283628,0.951,29412,0,0,0.063,0
283628,0.809,29414,0,,0.063,
283628,0.587,29416,0,,0.063,
283628,0.309,29418,0,,0.063,
283628,0,29420,0,,0.063,
283628,-0.309,29422,0,,0.063,
283628,-0.587,29424,0,,0.063,
283628,-0.809,29426,0,,0.063,
283628,-0.951,29428,0,,0.063,
283628,-1,29430,0,,0.063,
283628,-0.951,29432,0,0,0.063,0
283628,-0.809,29434,0,,0.063,
283628,-0.587,29436,0,,0.063,
283628,-0.309,29438,0,,0.063,
283628,0,29440,0,,0.063,
283628,0.309,29442,0,,0.063,
283628,0.587,29444,0,,0.063,
283628,0.809,29446,0,,0.063,
283628,0.951,29448,0,,0.063,
283628,1,29450,0,,0.063,
283628,0.951,29452,0,0,0.063,0
283628,0.809,29454,0,,0.063,
283628,0.587,29456,0,,0.063,
283628,0.309,29458,0,,0.063,
283628,0,29460,0,,0.063,
283628,-0.309,29462,0,,0.063,
283628,-0.587,29464,0,,0.063,
283628,-0.809,29466,0,,0.063,
283628,-0.951,29468,0,,0.063,
283628,-1,29470,0,,0.063,
283628,-0.951,29472,0,0,0.063,0
283628,-0.809,29474,0,,0.063,
283628,-0.587,29476,0,,0.063,
283628,-0.309,29478,0,,0.063,
283628,0,29480,0,,0.063,
283628,0.309,29482,0,,0.063,
283628,0.587,29484,0,,0.063,
283628,0.809,29486,0,,0.063,
283628,0.951,29488,0,,0.063,
283628,1,29490,0,,0.063,
283628,0.951,29492,0,0,0.063,0
283628,0.809,29494,0,,0.063,
283628,0.587,29496,0,,0.063,
283628,0.309,29498,0,,0.063,
283628,0,29500,0,,0.063,
283628,-0.309,29502,0,,0.063,
283628,-0.587,29504,0,,0.063,
283628,-0.809,29506,0,,0.063,
283628,-0.951,29508,0,,0.063,
283628,-1,29510,0,,0.063,
283628,-0.951,29512,0,0,0.063,0
283628,-0.809,29514,0,,0.063,
283628,-0.587,29516,0,,0.063,
283628,-0.309,29518,0,,0.063,
283628,0,29520,0,,0.063,
283628,0.309,29522,0,,0.063,
283628,0.587,29524,0,,0.063,
283628,0.809,29526,0,,0.063,
283628,0.951,29528,0,,0.063,
283628,1,29530,0,,0.063,
283628,0.951,29532,0,0,0.063,0
283628,0.809,29534,0,,0.063,
283628,0.587,29536,0,,0.063,
283628,0.309,29538,0,,0.063,
283628,0,29540,0,,0.063,
283628,-0.309,29542,0,,0.063,
283628,-0.587,29544,0,,0.063,
283628,-0.809,29546,0,,0.063,
283628,-0.951,29548,0,,0.063,
283628,-1,29550,0,,0.063,
283628,-0.951,29552,0,0,0.063,0
283628,-0.809,29554,0,,0.063,
283628,-0.587,29556,0,,0.063,
283628,-0.309,29558,0,,0.063,
283628,0,29560,0,,0.063,
283628,0.309,29562,0,,0.063,
283628,0.587,29564,0,,0.063,
283628,0.809,29566,0,,0.063,
283628,0.951,29568,0,,0.063,
283628,1,29570,0,,0.063,
283628,0.951,29572,0,0,0.063,0
283628,0.809,29574,0,,0.063,
283628,0.587,29576,0,,0.063,
283628,0.309,29578,0,,0.063,
283628,0,29580,0,,0.063,
283628,-0.309,29582,0,,0.063,
283628,-0.587,29584,0,,0.063,
283628,-0.809,29586,0,,0.063,
283628,-0.951,29588,0,,0.063,
283628,-1,29590,0,,0.063,
283628,-0.951,29592,0,0,0.063,0
283628,-0.809,29594,0,,0.063,
283628,-0.587,29596,0,,0.063,
283628,-0.309,29598,0,,0.063,
283628,0,29600,0,,0.063,
283628,0.309,29602,0,,0.063,
283628,0.587,29604,0,,0.063,
283628,0.809,29606,0,,0.063,
283628,0.951,29608,0,,0.063,
283628,1,29610,0,,0.063,
283628,0.951,29612,0,0,0.063,0
283628,0.809,29614,0,,0.063,
283628,0.587,29616,0,,0.063,
283628,0.309,29618,0,,0.063,
283628,0,29620,0,,0.063,
283628,-0.309,29622,0,,0.063,
283628,-0.587,29624,0,,0.063,
283628,-0.809,29626,0,,0.063,
283628,-0.951,29628,0,,0.063,
283628,-1,29630,0,,0.063,
283628,-0.951,29632,0,0,0.063,0
283628,-0.809,29634,0,,0.063,
283628,-0.587,29636,0,,0.063,
283628,-0.309,29638,0,,0.063,
283628,0,29640,0,,0.063,
283628,0.309,29642,0,,0.063,
283628,0.587,29644,0,,0.063,
283628,0.809,29646,0,,0.063,
283628,0.951,29648,0,,0.063,
283628,1,29650,0,,0.063,
283628,0.951,29652,0,0,0.063,0
283628,0.809,29654,0,,0.063,
283628,0.587,29656,0,,0.063,
283628,0.309,29658,0,,0.063,
283628,0,29660,0,,0.063,
283628,-0.309,29662,0,,0.063,
283628,-0.587,29664,0,,0.063,
283628,-0.809,29666,0,,0.063,
283628,-0.951,29668,0,,0.063,
283628,-1,29670,0,,0.063,
283628,-0.951,29672,0,0,0.063,0
283628,-0.809,29674,0,,0.063,
283628,-0.587,29676,0,,0.063,
283628,-0.309,29678,0,,0.063,
283628,0,29680,0,,0.063,
283628,0.309,29682,0,,0.063,
283628,0.587,29684,0,,0.063,
283628,0.809,29686,0,,0.063,
283628,0.951,29688,0,,0.063,
283628,1,29690,0,,0.063,
283628,0.951,29692,0,0,0.063,0
283628,0.809,29694,0,,0.063,
283628,0.587,29696,0,,0.063,
283628,0.309,29698,0,,0.063,
283628,0,29700,0,,0.063,
283628,-0.309,29702,0,,0.063,
283628,-0.587,29704,0,,0.063,
283628,-0.809,29706,0,,0.063,
283628,-0.951,29708,0,,0.063,
283628,-1,29710,0,,0.063,
283628,-0.951,29712,0,0,0.063,0
283628,-0.809,29714,0,,0.063,
283628,-0.587,29716,0,,0.063,
283628,-0.309,29718,0,,0.063,
283628,0,29720,0,,0.063,
283628,0.309,29722,0,,0.063,
283628,0.587,29724,0,,0.063,
283628,0.809,29726,0,,0.063,
283628,0.951,29728,0,,0.063,
283628,1,29730,0,,0.063,
283628,0.951,29732,0,0,0.063,0
283628,0.809,29734,0,,0.063,
283628,0.587,29736,0,,0.063,
283628,0.309,29738,0,,0.063,
283628,0,29740,0,,0.063,
283628,-0.309,29742,0,,0.063,
283628,-0.587,29744,0,,0.063,
283628,-0.809,29746,0,,0.063,
283628,-0.951,29748,0,,0.063,
283628,-1,29750,0,,0.063,
283628,-0.951,29752,0,0,0.063,0
283628,-0.809,29754,0,,0.063,
283628,-0.587,29756,0,,0.063,
283628,-0.309,29758,0,,0.063,
283628,0,29760,0,,0.063,
283628,0.309,29762,0,,0.063,
283628,0.587,29764,0,,0.063,
283628,0.809,29766,0,,0.063,
283628,0.951,29768,0,,0.063,
283628,1,29770,0,,0.063,
283628,0.951,29772,0,0,0.063,0
283628,0.809,29774,0,,0.063,
283628,0.587,29776,0,,0.063,
283628,0.309,29778,0,,0.063,
283628,0,29780,0,,0.063,
283628,-0.309,29782,0,,0.063,
283628,-0.587,29784,0,,0.063,
283628,-0.809,29786,0,,0.063,
283628,-0.951,29788,0,,0.063,
283628,-1,29790,0,,0.063,
283628,-0.951,29792,0,0,0.063,0
283628,-0.809,29794,0,,0.063,
283628,-0.587,29796,0,,0.063,
283628,-0.309,29798,0,,0.063,
283628,0,29800,0,,0.063,
283628,0.309,29802,0,,0.063,
283628,0.587,29804,0,,0.063,
283628,0.809,29806,0,,0.063,
283628,0.951,29808,0,,0.063,
283628,1,29810,0,,0.063,
283628,0.951,29812,0,0,0.063,0
283628,0.809,29814,0,,0.063,
283628,0.587,29816,0,,0.063,
283628,0.309,29818,0,,0.063,
283628,0,29820,0,,0.063,
283628,-0.309,29822,0,,0.063,
283628,-0.587,29824,0,,0.063,
283628,-0.809,29826,0,,0.063,
283628,-0.951,29828,0,,0.063,
283628,-1,29830,0,,0.063,
283628,-0.951,29832,0,0,0.063,0
283628,-0.809,29834,0,,0.063,
283628,-0.587,29836,0,,0.063,
283628,-0.309,29838,0,,0.063,
283628,0,29840,0,,0.063,
283628,0.309,29842,0,,0.063,
283628,0.587,29844,0,,0.063,
283628,0.809,29846,0,,0.063,
283628,0.951,29848,0,,0.063,
283628,1,29850,0,,0.063,
283628,0.951,29852,0,0,0.063,0
283628,0.809,29854,0,,0.063,
283628,0.587,29856,0,,0.063,
283628,0.309,29858,0,,0.063,
283628,0,29860,0,,0.063,
283628,-0.309,29862,0,,0.063,
283628,-0.587,29864,0,,0.063,
283628,-0.809,29866,0,,0.063,
283628,-0.951,29868,0,,0.063,
283628,-1,29870,0,,0.063,
283628,-0.951,29872,0,0,0.063,0
283628,-0.809,29874,0,,0.063,
283628,-0.587,29876,0,,0.063,
283628,-0.309,29878,0,,0.063,
283628,0,29880,0,,0.063,
283628,0.309,29882,0,,0.063,
283628,0.587,29884,0,,0.063,
283628,0.809,29886,0,,0.063,
283628,0.951,29888,0,,0.063,
283628,1,29890,0,,0.063,
283628,0.951,29892,0,0,0.063,0
283628,0.809,29894,0,,0.063,
283628,0.587,29896,0,,0.063,
283628,0.309,29898,0,,0.063,
283628,0,29900,0,,0.063,
283628,-0.309,29902,0,,0.063,
283628,-0.587,29904,0,,0.063,
283628,-0.809,29906,0,,0.063,
283628,-0.951,29908,0,,0.063,
283628,-1,29910,0,,0.063,
283628,-0.951,29912,0,0,0.063,0
283628,-0.809,29914,0,,0.063,
283628,-0.587,29916,0,,0.063,
283628,-0.309,29918,0,,0.063,
283628,0,29920,0,,0.063,
283628,0.309,29922,0,,0.063,
283628,0.587,29924,0,,0.063,
283628,0.809,29926,0,,0.063,
283628,0.951,29928,0,,0.063,
283628,1,29930,0,,0.063,
283628,0.951,29932,0,0,0.063,0
283628,0.809,29934,0,,0.063,
283628,0.587,29936,0,,0.063,
283628,0.309,29938,0,,0.063,
283628,0,29940,0,,0.063,
283628,-0.309,29942,0,,0.063,
283628,-0.587,29944,0,,0.063,
283628,-0.809,29946,0,,0.063,
283628,-0.951,29948,0,,0.063,
283628,-1,29950,0,,0.063,
283628,-0.951,29952,0,0,0.063,0
283628,-0.809,29954,0,,0.063,
283628,-0.587,29956,0,,0.063,
283628,-0.309,29958,0,,0.063,
283628,0,29960,0,,0.063,
283628,0.309,29962,0,,0.063,
283628,0.587,29964,0,,0.063,
283628,0.809,29966,0,,0.063,
283628,0.951,29968,0,,0.063,
283628,1,29970,0,,0.063,
283628,0.951,29972,0,0,0.063,0
283628,0.809,29974,0,,0.063,
283628,0.587,29976,0,,0.063,
283628,0.309,29978,0,,0.063,
283628,0,29980,0,,0.063,
283628,-0.309,29982,0,,0.063,
283628,-0.587,29984,0,,0.063,
283628,-0.809,29986,0,,0.063,
283628,-0.951,29988,0,,0.063,
283628,-1,29990,0,,0.063,
283628,-0.951,29992,0,0,0.063,0
283628,-0.809,29994,0,,0.063,
283628,-0.587,29996,0,,0.063,
283628,-0.309,29998,0,,0.063,
283628,0,0,0,,0.063,
283628,0.309,2,0,,0.063,
283628,0.587,4,0,,0.063,
283628,0.809,6,0,,0.063,
283628,0.951,8,0,,0.063,
283628,1,10,0,,0.063,
283628,0.951,12,0,0,0.063,0
283628,0.809,14,0,,0.063,
283628,0.587,16,0,,0.063,
283628,0.309,18,0,,0.063,
283628,0,20,0,,0.063,
283628,-0.309,22,0,,0.063,
283628,-0.587,24,0,,0.063,
283628,-0.809,26,0,,0.063,
283628,-0.951,28,0,,0.063,
283628,-1,30,0,,0.063,
283628,-0.951,32,0,0,0.063,0
283628,-0.809,34,0,,0.063,
283628,-0.587,36,0,,0.063,
283628,-0.309,38,0,,0.063,
283628,0,40,0,,0.063,
283628,0.309,42,0,,0.063,
283628,0.587,44,0,,0.063,
283628,0.809,46,0,,0.063,
283628,0.951,48,0,,0.063,
283628,1,50,0,,0.063,
283628,0.951,52,0,0,0.063,0
283628,0.809,54,0,,0.063,
283628,0.587,56,0,,0.063,
283628,0.309,58,0,,0.063,
283628,0,60,0,,0.063,
283628,-0.309,62,0,,0.063,
283628,-0.587,64,0,,0.063,
283628,-0.809,66,0,,0.063,
283628,-0.951,68,0,,0.063,
283628,-1,70,0,,0.063,
283628,-0.951,72,0,0,0.063,0
283628,-0.809,74,0,,0.063,
283628,-0.587,76,0,,0.063,
283628,-0.309,78,0,,0.063,
283628,0,80,0,,0.063,
283628,0.309,82,0,,0.063,
283628,0.587,84,0,,0.063,
283628,0.809,86,0,,0.063,
283628,0.951,88,0,,0.063,
283628,1,90,0,,0.063,
283628,0.951,92,0,0,0.063,0
283628,0.809,94,0,,0.063,
283628,0.587,96,0,,0.063,
283628,0.309,98,0,,0.063,
283628,0,100,0,,0.063,
283628,-0.309,102,0,,0.063,
283628,-0.587,104,0,,0.063,
283628,-0.809,106,0,,0.063,
283628,-0.951,108,0,,0.063,
283628,-1,110,0,,0.063,
283628,-0.951,112,0,0,0.063,0
283628,-0.809,114,0,,0.063,
283628,-0.587,116,0,,0.063,
283628,-0.309,118,0,,0.063,
283628,0,120,0,,0.063,
283628,0.309,122,0,,0.063,
283628,0.587,124,0,,0.063,
283628,0.809,126,0,,0.063,
283628,0.951,128,0,,0.063,
283628,1,130,0,,0.063,
283628,0.951,132,0,0,0.063,0
283628,0.809,134,0,,0.063,
283628,0.587,136,0,,0.063,
283628,0.309,138,0,,0.063,
283628,0,140,0,,0.063,
283628,-0.309,142,0,,0.063,
283628,-0.587,144,0,,0.063,
283628,-0.809,146,0,,0.063,
283628,-0.951,148,0,,0.063,
283628,-1,150,0,,0.063,
283628,-0.951,152,0,0,0.063,0
283628,-0.809,154,0,,0.063,
283628,-0.587,156,0,,0.063,
283628,-0.309,158,0,,0.063,
283628,0,160,0,,0.063,
283628,0.309,162,0,,0.063,
283628,0.587,164,0,,0.063,
283628,0.809,166,0,,0.063,
283628,0.951,168,0,,0.063,
283628,1,170,0,,0.063,
283628,0.951,172,0,0,0.063,0
283628,0.809,174,0,,0.063,
283628,0.587,176,0,,0.063,
283628,0.309,178,0,,0.063,
283628,0,180,0,,0.063,
283628,-0.309,182,0,,0.063,
283628,-0.587,184,0,,0.063,
283628,-0.809,186,0,,0.063,
283628,-0.951,188,0,,0.063,
283628,-1,190,0,,0.063,
283628,-0.951,192,0,0,0.063,0
283628,-0.809,194,0,,0.063,
283628,-0.587,196,0,,0.063,
283628,-0.309,198,0,,0.063,
283628,0,200,0,,0.063,
283628,0.309,202,0,,0.063,
283628,0.587,204,0,,0.063,
283628,0.809,206,0,,0.063,
283628,0.951,208,0,,0.063,
283628,1,210,0,,0.063,
283628,0.951,212,0,0,0.063,0
283628,0.809,214,0,,0.063,
283628,0.587,216,0,,0.063,
283628,0.309,218,0,,0.063,
283628,0,220,0,,0.063,
283628,-0.309,222,0,,0.063,
283628,-0.587,224,0,,0.063,
283628,-0.809,226,0,,0.063,
283628,-0.951,228,0,,0.063,
283628,-1,230,0,,0.063,
283628,-0.951,232,0,0,0.063,0
283628,-0.809,234,0,,0.063,
283628,-0.587,236,0,,0.063,
283628,-0.309,238,0,,0.063,
283628,0,240,0,,0.063,
283628,0.309,242,0,,0.063,
283628,0.587,244,0,,0.063,
283628,0.809,246,0,,0.063,
283628,0.951,248,0,,0.063,
283628,1,250,0,,0.063,
283628,0.951,252,0,0,0.063,0
283628,0.809,254,0,,0.063,
283628,0.587,256,0,,0.063,
283628,0.309,258,0,,0.063,
283628,0,260,0,,0.063,
283628,-0.309,262,0,,0.063,
283628,-0.587,264,0,,0.063,
283628,-0.809,266,0,,0.063,
283628,-0.951,268,0,,0.063,
283628,-1,270,0,,0.063,
283628,-0.951,272,0,0,0.063,0
283628,-0.809,274,0,,0.063,
283628,-0.587,276,0,,0.063,
283628,-0.309,278,0,,0.063,
283628,0,280,0,,0.063,
283628,0.309,282,0,,0.063,
283628,0.587,284,0,,0.063,
283628,0.809,286,0,,0.063,
283628,0.951,288,0,,0.063,
283628,1,290,0,,0.063,
283628,0.951,292,0,0,0.063,0
283628,0.809,294,0,,0.063,
283628,0.587,296,0,,0.063,
283628,0.309,298,0,,0.063,
283628,0,300,0,,0.063,
283628,-0.309,302,0,,0.063,
283628,-0.587,304,0,,0.063,
283628,-0.809,306,0,,0.063,
283628,-0.951,308,0,,0.063,
283628,-1,310,0,,0.063,
283628,-0.951,312,0,0,0.063,0
283628,-0.809,314,0,,0.063,
283628,-0.587,316,0,,0.063,
283628,-0.309,318,0,,0.063,
283628,0,320,0,,0.063,
283628,0.309,322,0,,0.063,
283628,0.587,324,0,,0.063,
283628,0.809,326,0,,0.063,
283628,0.951,328,0,,0.063,
283628,1,330,0,,0.063,
283628,0.951,332,0,0,0.063,0
283628,0.809,334,0,,0.063,
283628,0.587,336,0,,0.063,
283628,0.309,338,0,,0.063,
283628,0,340,0,,0.063,
283628,-0.309,342,0,,0.063,
283628,-0.587,344,0,,0.063,
283628,-0.809,346,0,,0.063,
283628,-0.951,348,0,,0.063,
283628,-1,350,0,,0.063,
283628,-0.951,352,0,0,0.063,0
283628,-0.809,354,0,,0.063,
283628,-0.587,356,0,,0.063,
283628,-0.309,358,0,,0.063,
283628,0,360,0,,0.063,
283628,0.309,362,0,,0.063,
283628,0.587,364,0,,0.063,
283628,0.809,366,0,,0.063,
283628,0.951,368,0,,0.063,
283628,1,370,0,,0.063,
283628,0.951,372,0,0,0.063,0
283628,0.809,374,0,,0.063,
283628,0.587,376,0,,0.063,
283628,0.309,378,0,,0.063,
283628,0,380,0,,0.063,
283628,-0.309,382,0,,0.063,
283628,-0.587,384,0,,0.063,
283628,-0.809,386,0,,0.063,
283628,-0.951,388,0,,0.063,
283628,-1,390,0,,0.063,
283628,-0.951,392,0,0,0.063,0
283628,-0.809,394,0,,0.063,
283628,-0.587,396,0,,0.063,
283628,-0.309,398,0,,0.063,
283628,0,400,0,,0.063,
283628,0.309,402,0,,0.063,
283628,0.587,404,0,,0.063,
283628,0.809,406,0,,0.063,
283628,0.951,408,0,,0.063,
283628,1,410,0,,0.063,
283628,0.951,412,0,0,0.063,0
283628,0.809,414,0,,0.063,
283628,0.587,416,0,,0.063,
283628,0.309,418,0,,0.063,
283628,0,420,0,,0.063,
283628,-0.309,422,0,,0.063,
283628,-0.587,424,0,,0.063,
283628,-0.809,426,0,,0.063,
283628,-0.951,428,0,,0.063,
283628,-1,430,0,,0.063,
283628,-0.951,432,0,0,0.063,0
283628,-0.809,434,0,,0.063,
283628,-0.587,436,0,,0.063,
283628,-0.309,438,0,,0.063,
283628,0,440,0,,0.063,
283628,0.309,442,0,,0.063,
283628,0.587,444,0,,0.063,
283628,0.809,446,0,,0.063,
283628,0.951,448,0,,0.063,
283628,1,450,0,,0.063,
283628,0.951,452,0,0,0.063,0
283628,0.809,454,0,,0.063,
283628,0.587,456,0,,0.063,
283628,0.309,458,0,,0.063,
283628,0,460,0,,0.063,
283628,-0.309,462,0,,0.063,
283628,-0.587,464,0,,0.063,
283628,-0.809,466,0,,0.063,
283628,-0.951,468,0,,0.063,
283628,-1,470,0,,0.063,
283628,-0.951,472,0,0,0.063,0
283628,-0.809,474,0,,0.063,
283628,-0.587,476,0,,0.063,
283628,-0.309,478,0,,0.063,
283628,0,480,0,,0.063,
283628,0.309,482,0,,0.063,
283628,0.587,484,0,,0.063,
283628,0.809,486,0,,0.063,
283628,0.951,488,0,,0.063,
283628,1,490,0,,0.063,
283628,0.951,492,0,0,0.063,0
283628,0.809,494,0,,0.063,
283628,0.587,496,0,,0.063,
283628,0.309,498,0,,0.063,
283628,0,500,0,,0.063,
283628,-0.309,502,0,,0.063,
283628,-0.587,504,0,,0.063,
283628,-0.809,506,0,,0.063,
283628,-0.951,508,0,,0.063,
283628,-1,510,0,,0.063,
283628,-0.951,512,0,0,0.063,0
283628,-0.809,514,0,,0.063,
283628,-0.587,516,0,,0.063,
283628,-0.309,518,0,,0.063,
283628,0,520,0,,0.063,
283628,0.309,522,0,,0.063,
283628,0.587,524,0,,0.063,
283628,0.809,526,0,,0.063,
283628,0.951,528,0,,0.063,
283628,1,530,0,,0.063,
283628,0.951,532,0,0,0.063,0
283628,0.809,534,0,,0.063,
283628,0.587,536,0,,0.063,
283628,0.309,538,0,,0.063,
283628,0,540,0,,0.063,
283628,-0.309,542,0,,0.063,
283628,-0.587,544,0,,0.063,
283628,-0.809,546,0,,0.063,
283628,-0.951,548,0,,0.063,
283628,-1,550,0,,0.063,
283628,-0.951,552,0,0,0.063,0
283628,-0.809,554,0,,0.063,
283628,-0.587,556,0,,0.063,
283628,-0.309,558,0,,0.063,
283628,0,560,0,,0.063,
283628,0.309,562,0,,0.063,
283628,0.587,564,0,,0.063,
283628,0.809,566,0,,0.063,
283628,0.951,568,0,,0.063,
283628,1,570,0,,0.063,
283628,0.951,572,0,0,0.063,0
283628,0.809,574,0,,0.063,
283628,0.587,576,0,,0.063,
283628,0.309,578,0,,0.063,
283628,0,580,0,,0.063,
283628,-0.309,582,0,,0.063,
283628,-0.587,584,0,,0.063,
283628,-0.809,586,0,,0.063,
283628,-0.951,588,0,,0.063,
283628,-1,590,0,,0.063,
283628,-0.951,592,0,0,0.063,0
283628,-0.809,594,0,,0.063,
283628,-0.587,596,0,,0.063,
283628,-0.309,598,0,,0.063,
283628,0,600,0,,0.063,
283628,0.309,602,0,,0.063,
283628,0.587,604,0,,0.063,
283628,0.809,606,0,,0.063,
283628,0.951,608,0,,0.063,
283628,1,610,0,,0.063,
283628,0.951,612,0,0,0.063,0
283628,0.809,614,0,,0.063,
283628,0.587,616,0,,0.063,
283628,0.309,618,0,,0.063,
283628,0,620,0,,0.063,
283628,-0.309,622,0,,0.063,
283628,-0.587,624,0,,0.063,
283628,-0.809,626,0,,0.063,
283628,-0.951,628,0,,0.063,
283628,-1,630,0,,0.063,
283628,-0.951,632,0,0,0.063,0
283628,-0.809,634,0,,0.063,
283628,-0.587,636,0,,0.063,
283628,-0.309,638,0,,0.063,
283628,0,640,0,,0.063,
283628,0.309,642,0,,0.063,
283628,0.587,644,0,,0.063,
283628,0.809,646,0,,0.063,
283628,0.951,648,0,,0.063,
283628,1,650,0,,0.063,
283628,0.951,652,0,0,0.063,0
283628,0.809,654,0,,0.063,
283628,0.587,656,0,,0.063,
283628,0.309,658,0,,0.063,
283628,0,660,0,,0.063,
283628,-0.309,662,0,,0.063,
283628,-0.587,664,0,,0.063,
283628,-0.809,666,0,,0.063,
283628,-0.951,668,0,,0.063,
283628,-1,670,0,,0.063,
283628,-0.951,672,0,0,0.063,0
283628,-0.809,674,0,,0.063,
283628,-0.587,676,0,,0.063,
283628,-0.309,678,0,,0.063,
283628,0,680,0,,0.063,
283628,0.309,682,0,,0.063,
283628,0.587,684,0,,0.063,
283628,0.809,686,0,,0.063,
283628,0.951,688,0,,0.063,
283628,1,690,0,,0.063,
283628,0.951,692,0,0,0.063,0
283628,0.809,694,0,,0.063,
283628,0.587,696,0,,0.063,
283628,0.309,698,0,,0.063,
283628,0,700,0,,0.063,
283628,-0.309,702,0,,0.063,
283628,-0.587,704,0,,0.063,
283628,-0.809,706,0,,0.063,
283628,-0.951,708,0,,0.063,
283628,-1,710,0,,0.063,
283628,-0.951,712,0,0,0.063,0
283628,-0.809,714,0,,0.063,
283628,-0.587,716,0,,0.063,
283628,-0.309,718,0,,0.063,
283628,0,720,0,,0.063,
283628,0.309,722,0,,0.063,
283628,0.587,724,0,,0.063,
283628,0.809,726,0,,0.063,
283628,0.951,728,0,,0.063,
283628,1,730,0,,0.063,
283628,0.951,732,0,0,0.063,0
283628,0.809,734,0,,0.063,
283628,0.587,736,0,,0.063,
283628,0.309,738,0,,0.063,
283628,0,740,0,,0.063,
283628,-0.309,742,0,,0.063,
283628,-0.587,744,0,,0.063,
283628,-0.809,746,0,,0.063,
283628,-0.951,748,0,,0.063,
283628,-1,750,0,,0.063,
283628,-0.951,752,0,0,0.063,0
283628,-0.809,754,0,,0.063,
283628,-0.587,756,0,,0.063,
283628,-0.309,758,0,,0.063,
283628,0,760,0,,0.063,
283628,0.309,762,0,,0.063,
283628,0.587,764,0,,0.063,
283628,0.809,766,0,,0.063,
283628,0.951,768,0,,0.063,
283628,1,770,0,,0.063,
283628,0.951,772,0,0,0.063,0
283628,0.809,774,0,,0.063,
283628,0.587,776,0,,0.063,
283628,0.309,778,0,,0.063,
283628,0,780,0,,0.063,
283628,-0.309,782,0,,0.063,
283628,-0.587,784,0,,0.063,
283628,-0.809,786,0,,0.063,
283628,-0.951,788,0,,0.063,
283628,-1,790,0,,0.063,
283628,-0.951,792,0,0,0.063,0
283628,-0.809,794,0,,0.063,
283628,-0.587,796,0,,0.063,
283628,-0.309,798,0,,0.063,
283628,0,800,0,,0.063,
283628,0.309,802,0,,0.063,
283628,0.587,804,0,,0.063,
283628,0.809,806,0,,0.063,
283628,0.951,808,0,,0.063,
283628,1,810,0,,0.063,
283628,0.951,812,0,0,0.063,0
283628,0.809,814,0,,0.063,
283628,0.587,816,0,,0.063,
283628,0.309,818,0,,0.063,
283628,0,820,0,,0.063,
283628,-0.309,822,0,,0.063,
283628,-0.587,824,0,,0.063,
283628,-0.809,826,0,,0.063,
283628,-0.951,828,0,,0.063,
283628,-1,830,0,,0.063,
283628,-0.951,832,0,0,0.063,0
283628,-0.809,834,0,,0.063,
283628,-0.587,836,0,,0.063,
283628,-0.309,838,0,,0.063,
283628,0,840,0,,0.063,
283628,0.309,842,0,,0.063,
283628,0.587,844,0,,0.063,
283628,0.809,846,0,,0.063,
283628,0.951,848,0,,0.063,
283628,1,850,0,,0.063,
283628,0.951,852,0,0,0.063,0
283628,0.809,854,0,,0.063,
283628,0.587,856,0,,0.063,
283628,0.309,858,0,,0.063,
283628,0,860,0,,0.063,
283628,-0.309,862,0,,0.063,
283628,-0.587,864,0,,0.063,
283628,-0.809,866,0,,0.063,
283628,-0.951,868,0,,0.063,
283628,-1,870,0,,0.063,
283628,-0.951,872,0,0,0.063,0
283628,-0.809,874,0,,0.063,
283628,-0.587,876,0,,0.063,
283628,-0.309,878,0,,0.063,
283628,0,880,0,,0.063,
283628,0.309,882,0,,0.063,
283628,0.587,884,0,,0.063,
283628,0.809,886,0,,0.063,
283628,0.951,888,0,,0.063,
283628,1,890,0,,0.063,
283628,0.951,892,0,0,0.063,0
283628,0.809,894,0,,0.063,
283628,0.587,896,0,,0.063,
283628,0.309,898,0,,0.063,
283628,0,900,0,,0.063,
283628,-0.309,902,0,,0.063,
283628,-0.587,904,0,,0.063,
283628,-0.809,906,0,,0.063,
283628,-0.951,908,0,,0.063,
283628,-1,910,0,,0.063,
283628,-0.951,912,0,0,0.063,0
283628,-0.809,914,0,,0.063,
283628,-0.587,916,0,,0.063,
283628,-0.309,918,0,,0.063,
283628,0,920,0,,0.063,
283628,0.309,922,0,,0.063,
283628,0.587,924,0,,0.063,
283628,0.809,926,0,,0.063,
283628,0.951,928,0,,0.063,
283628,1,930,0,,0.063,
283628,0.951,932,0,0,0.063,0
283628,0.809,934,0,,0.063,
283628,0.587,936,0,,0.063,
283628,0.309,938,0,,0.063,
283628,0,940,0,,0.063,
283628,-0.309,942,0,,0.063,
283628,-0.587,944,0,,0.063,
283628,-0.809,946,0,,0.063,
283628,-0.951,948,0,,0.063,
283628,-1,950,0,,0.063,
283628,-0.951,952,0,0,0.063,0
283628,-0.809,954,0,,0.063,
283628,-0.587,956,0,,0.063,
283628,-0.309,958,0,,0.063,
283628,0,960,0,,0.063,
283628,0.309,962,0,,0.063,
283628,0.587,964,0,,0.063,
283628,0.809,966,0,,0.063,
283628,0.951,968,0,,0.063,
283628,1,970,0,,0.063,
283628,0.951,972,0,0,0.063,0
283628,0.809,974,0,,0.063,
283628,0.587,976,0,,0.063,
283628,0.309,978,0,,0.063,
283628,0,980,0,,0.063,
283628,-0.309,982,0,,0.063,
283628,-0.587,984,0,,0.063,
283628,-0.809,986,0,,0.063,
283628,-0.951,988,0,,0.063,
283628,-1,990,0,,0.063,
283628,-0.951,992,0,0,0.063,0
283628,-0.809,994,0,,0.063,
283628,-0.587,996,0,,0.063,
283628,-0.309,998,0,,0.063,
283628,0,1000,0,,0.063,
283628,0.309,1002,0,,0.063,
283628,0.587,1004,0,,0.063,
283628,0.809,1006,0,,0.063,
283628,0.951,1008,0,,0.063,
283628,1,1010,0,,0.063,
283628,0.951,1012,0,0,0.063,0
283628,0.809,1014,0,,0.063,
283628,0.587,1016,0,,0.063,
283628,0.309,1018,0,,0.063,
283628,0,1020,0,,0.063,
283628,-0.309,1022,0,,0.063,
283628,-0.587,1024,0,,0.063,
283628,-0.809,1026,0,,0.063,
283628,-0.951,1028,0,,0.063,
283628,-1,1030,0,,0.063,
283628,-0.951,1032,0,0,0.063,0
283628,-0.809,1034,0,,0.063,
283628,-0.587,1036,0,,0.063,
283628,-0.309,1038,0,,0.063,
283628,0,1040,0,,0.063,
283628,0.309,1042,0,,0.063,
283628,0.587,1044,0,,0.063,
283628,0.809,1046,0,,0.063,
283628,0.951,1048,0,,0.063,
283628,1,1050,0,,0.063,
283628,0.951,1052,0,0,0.063,0
283628,0.809,1054,0,,0.063,
283628,0.587,1056,0,,0.063,
283628,0.309,1058,0,,0.063,
283628,0,1060,0,,0.063,
283628,-0.309,1062,0,,0.063,
283628,-0.587,1064,0,,0.063,
283628,-0.809,1066,0,,0.063,
283628,-0.951,1068,0,,0.063,
283628,-1,1070,0,,0.063,
283628,-0.951,1072,0,0,0.063,0
283628,-0.809,1074,0,,0.063,
283628,-0.587,1076,0,,0.063,
283628,-0.309,1078,0,,0.063,
283628,0,1080,0,,0.063,
283628,0.309,1082,0,,0.063,
283628,0.587,1084,0,,0.063,
283628,0.809,1086,0,,0.063,
283628,0.951,1088,0,,0.063,
283628,1,1090,0,,0.063,
283628,0.951,1092,0,0,0.063,0
283628,0.809,1094,0,,0.063,
283628,0.587,1096,0,,0.063,
283628,0.309,1098,0,,0.063,
283628,0,1100,0,,0.063,
283628,-0.309,1102,0,,0.063,
283628,-0.587,1104,0,,0.063,
283628,-0.809,1106,0,,0.063,
283628,-0.951,1108,0,,0.063,
283628,-1,1110,0,,0.063,
283628,-0.951,1112,0,0,0.063,0
283628,-0.809,1114,0,,0.063,
283628,-0.587,1116,0,,0.063,
283628,-0.309,1118,0,,0.063,
283628,0,1120,0,,0.063,
283628,0.309,1122,0,,0.063,
283628,0.587,1124,0,,0.063,
283628,0.809,1126,0,,0.063,
283628,0.951,1128,0,,0.063,
283628,1,1130,0,,0.063,
283628,0.951,1132,0,0,0.063,0
283628,0.809,1134,0,,0.063,
283628,0.587,1136,0,,0.063,
283628,0.309,1138,0,,0.063,
283628,0,1140,0,,0.063,
283628,-0.309,1142,0,,0.063,
283628,-0.587,1144,0,,0.063,
283628,-0.809,1146,0,,0.063,
283628,-0.951,1148,0,,0.063,
283628,-1,1150,0,,0.063,
283628,-0.951,1152,0,0,0.063,0
283628,-0.809,1154,0,,0.063,
283628,-0.587,1156,0,,0.063,
283628,-0.309,1158,0,,0.063,
283628,0,1160,0,,0.063,
283628,0.309,1162,0,,0.063,
283628,0.587,1164,0,,0.063,
283628,0.809,1166,0,,0.063,
283628,0.951,1168,0,,0.063,
283628,1,1170,0,,0.063,
283628,0.951,1172,0,0,0.063,0
283628,0.809,1174,0,,0.063,
283628,0.587,1176,0,,0.063,
283628,0.309,1178,0,,0.063,
283628,0,1180,0,,0.063,
283628,-0.309,1182,0,,0.063,
283628,-0.587,1184,0,,0.063,
283628,-0.809,1186,0,,0.063,
283628,-0.951,1188,0,,0.063,
283628,-1,1190,0,,0.063,
283628,-0.951,1192,0,0,0.063,0
283628,-0.809,1194,0,,0.063,
283628,-0.587,1196,0,,0.063,
283628,-0.309,1198,0,,0.063,
283628,0,1200,0,,0.063,
283628,0.309,1202,0,,0.063,
283628,0.587,1204,0,,0.063,
283628,0.809,1206,0,,0.063,
283628,0.951,1208,0,,0.063,
283628,1,1210,0,,0.063,
283628,0.951,1212,0,0,0.063,0
283628,0.809,1214,0,,0.063,
283628,0.587,1216,0,,0.063,
283628,0.309,1218,0,,0.063,
283628,0,1220,0,,0.063,
283628,-0.309,1222,0,,0.063,
283628,-0.587,1224,0,,0.063,
283628,-0.809,1226,0,,0.063,
283628,-0.951,1228,0,,0.063,
283628,-1,1230,0,,0.063,
283628,-0.951,1232,0,0,0.063,0
283628,-0.809,1234,0,,0.063,
283628,-0.587,1236,0,,0.063,
283628,-0.309,1238,0,,0.063,
283628,0,1240,0,,0.063,
283628,0.309,1242,0,,0.063,
283628,0.587,1244,0,,0.063,
283628,0.809,1246,0,,0.063,
283628,0.951,1248,0,,0.063,
283628,1,1250,0,,0.063,
283628,0.951,1252,0,0,0.063,0
283628,0.809,1254,0,,0.063,
283628,0.587,1256,0,,0.063,
283628,0.309,1258,0,,0.063,
283628,0,1260,0,,0.063,
283628,-0.309,1262,0,,0.063,
283628,-0.587,1264,0,,0.063,
283628,-0.809,1266,0,,0.063,
283628,-0.951,1268,0,,0.063,
283628,-1,1270,0,,0.063,
283628,-0.951,1272,0,0,0.063,0
283628,-0.809,1274,0,,0.063,
283628,-0.587,1276,0,,0.063,
283628,-0.309,1278,0,,0.063,
283628,0,1280,0,,0.063,
283628,0.309,1282,0,,0.063,
283628,0.587,1284,0,,0.063,
283628,0.809,1286,0,,0.063,
283628,0.951,1288,0,,0.063,
283628,1,1290,0,,0.063,
283628,0.951,1292,0,0,0.063,0
283628,0.809,1294,0,,0.063,
283628,0.587,1296,0,,0.063,
283628,0.309,1298,0,,0.063,
283628,0,1300,0,,0.063,
283628,-0.309,1302,0,,0.063,
283628,-0.587,1304,0,,0.063,
283628,-0.809,1306,0,,0.063,
283628,-0.951,1308,0,,0.063,
283628,-1,1310,0,,0.063,
283628,-0.951,1312,0,0,0.063,0
283628,-0.809,1314,0,,0.063,
283628,-0.587,1316,0,,0.063,
283628,-0.309,1318,0,,0.063,
283628,0,1320,0,,0.063,
283628,0.309,1322,0,,0.063,
283628,0.587,1324,0,,0.063,
283628,0.809,1326,0,,0.063,
283628,0.951,1328,0,,0.063,
283628,1,1330,0,,0.063,
283628,0.951,1332,0,0,0.063,0
283628,0.809,1334,0,,0.063,
283628,0.587,1336,0,,0.063,
283628,0.309,1338,0,,0.063,
283628,0,1340,0,,0.063,
283628,-0.309,1342,0,,0.063,
283628,-0.587,1344,0,,0.063,
283628,-0.809,1346,0,,0.063,
283628,-0.951,1348,0,,0.063,
283628,-1,1350,0,,0.063,
283628,-0.951,1352,0,0,0.063,0
283628,-0.809,1354,0,,0.063,
283628,-0.587,1356,0,,0.063,
283628,-0.309,1358,0,,0.063,
283628,0,1360,0,,0.063,
283628,0.309,1362,0,,0.063,
283628,0.587,1364,0,,0.063,
283628,0.809,1366,0,,0.063,
283628,0.951,1368,0,,0.063,
283628,1,1370,0,,0.063,
283628,0.951,1372,0,0,0.063,0
283628,0.809,1374,0,,0.063,
283628,0.587,1376,0,,0.063,
283628,0.309,1378,0,,0.063,
283628,0,1380,0,,0.063,
283628,-0.309,1382,0,,0.063,
283628,-0.587,1384,0,,0.063,
283628,-0.809,1386,0,,0.063,
283628,-0.951,1388,0,,0.063,
283628,-1,1390,0,,0.063,
283628,-0.951,1392,0,0,0.063,0
283628,-0.809,1394,0,,0.063,
283628,-0.587,1396,0,,0.063,
283628,-0.309,1398,0,,0.063,
283628,0,1400,0,,0.063,
283628,0.309,1402,0,,0.063,
283628,0.587,1404,0,,0.063,
283628,0.809,1406,0,,0.063,
283628,0.951,1408,0,,0.063,
283628,1,1410,0,,0.063,
283628,0.951,1412,0,0,0.063,0
283628,0.809,1414,0,,0.063,
283628,0.587,1416,0,,0.063,
283628,0.309,1418,0,,0.063,
283628,0,1420,0,,0.063,
283628,-0.309,1422,0,,0.063,
283628,-0.587,1424,0,,0.063,
283628,-0.809,1426,0,,0.063,
283628,-0.951,1428,0,,0.063,
283628,-1,1430,0,,0.063,
283628,-0.951,1432,0,0,0.063,0
283628,-0.809,1434,0,,0.063,
283628,-0.587,1436,0,,0.063,
283628,-0.309,1438,0,,0.063,
283628,0,1440,0,,0.063,
283628,0.309,1442,0,,0.063,
283628,0.587,1444,0,,0.063,
283628,0.809,1446,0,,0.063,
283628,0.951,1448,0,,0.063,
283628,1,1450,0,,0.063,
283628,0.951,1452,0,0,0.063,0
283628,0.809,1454,0,,0.063,
283628,0.587,1456,0,,0.063,
283628,0.309,1458,0,,0.063,
283628,0,1460,0,,0.063,
283628,-0.309,1462,0,,0.063,
283628,-0.587,1464,0,,0.063,
283628,-0.809,1466,0,,0.063,
283628,-0.951,1468,0,,0.063,
283628,-1,1470,0,,0.063,
283628,-0.951,1472,0,0,0.063,0
283628,-0.809,1474,0,,0.063,
283628,-0.587,1476,0,,0.063,
283628,-0.309,1478,0,,0.063,
283628,0,1480,0,,0.063,
283628,0.309,1482,0,,0.063,
283628,0.587,1484,0,,0.063,
283628,0.809,1486,0,,0.063,
283628,0.951,1488,0,,0.063,
283628,1,1490,0,,0.063,
283628,0.951,1492,0,0,0.063,0
283628,0.809,1494,0,,0.063,
283628,0.587,1496,0,,0.063,
283628,0.309,1498,0,,0.063,
283628,0,1500,0,,0.063,
283628,-0.309,1502,0,,0.063,
283628,-0.587,1504,0,,0.063,
283628,-0.809,1506,0,,0.063,
283628,-0.951,1508,0,,0.063,
283628,-1,1510,0,,0.063,
283628,-0.951,1512,0,0,0.063,0
283628,-0.809,1514,0,,0.063,
283628,-0.587,1516,0,,0.063,
283628,-0.309,1518,0,,0.063,
283628,0,1520,0,,0.063,
283628,0.309,1522,0,,0.063,
283628,0.587,1524,0,,0.063,
283628,0.809,1526,0,,0.063,
283628,0.951,1528,0,,0.063,
283628,1,1530,0,,0.063,
283628,0.951,1532,0,0,0.063,0
283628,0.809,1534,0,,0.063,
283628,0.587,1536,0,,0.063,
283628,0.309,1538,0,,0.063,
283628,0,1540,0,,0.063,
283628,-0.309,1542,0,,0.063,
283628,-0.587,1544,0,,0.063,
283628,-0.809,1546,0,,0.063,
283628,-0.951,1548,0,,0.063,
283628,-1,1550,0,,0.063,
283628,-0.951,1552,0,0,0.063,0
283628,-0.809,1554,0,,0.063,
283628,-0.587,1556,0,,0.063,
283628,-0.309,1558,0,,0.063,
283628,0,1560,0,,0.063,
283628,0.309,1562,0,,0.063,
283628,0.587,1564,0,,0.063,
283628,0.809,1566,0,,0.063,
283628,0.951,1568,0,,0.063,
283628,1,1570,0,,0.063,
283628,0.951,1572,0,0,0.063,0
283628,0.809,1574,0,,0.063,
283628,0.587,1576,0,,0.063,
283628,0.309,1578,0,,0.063,
283628,0,1580,0,,0.063,
283628,-0.309,1582,0,,0.063,
283628,-0.587,1584,0,,0.063,
283628,-0.809,1586,0,,0.063,
283628,-0.951,1588,0,,0.063,
283628,-1,1590,0,,0.063,
283628,-0.951,1592,0,0,0.063,0
283628,-0.809,1594,0,,0.063,
283628,-0.587,1596,0,,0.063,
283628,-0.309,1598,0,,0.063,
283628,0,1600,0,,0.063,
283628,0.309,1602,0,,0.063,
283628,0.587,1604,0,,0.063,
283628,0.809,1606,0,,0.063,
283628,0.951,1608,0,,0.063,
283628,1,1610,0,,0.063,
283628,0.951,1612,0,0,0.063,0
283628,0.809,1614,0,,0.063,
283628,0.587,1616,0,,0.063,
283628,0.309,1618,0,,0.063,
283628,0,1620,0,,0.063,
283628,-0.309,1622,0,,0.063,
283628,-0.587,1624,0,,0.063,
283628,-0.809,1626,0,,0.063,
283628,-0.951,1628,0,,0.063,
283628,-1,1630,0,,0.063,
283628,-0.951,1632,0,0,0.063,0
283628,-0.809,1634,0,,0.063,
283628,-0.587,1636,0,,0.063,
283628,-0.309,1638,0,,0.063,
283628,0,1640,0,,0.063,
283628,0.309,1642,0,,0.063,
283628,0.587,1644,0,,0.063,
283628,0.809,1646,0,,0.063,
283628,0.951,1648,0,,0.063,
283628,1,1650,0,,0.063,
283628,0.951,1652,0,0,0.063,0
283628,0.809,1654,0,,0.063,
283628,0.587,1656,0,,0.063,
283628,0.309,1658,0,,0.063,
283628,0,1660,0,,0.063,
283628,-0.309,1662,0,,0.063,
283628,-0.587,1664,0,,0.063,
283628,-0.809,1666,0,,0.063,
283628,-0.951,1668,0,,0.063,
283628,-1,1670,0,,0.063,
283628,-0.951,1672,0,0,0.063,0
283628,-0.809,1674,0,,0.063,
283628,-0.587,1676,0,,0.063,
283628,-0.309,1678,0,,0.063,
283628,0,1680,0,,0.063,
283628,0.309,1682,0,,0.063,
283628,0.587,1684,0,,0.063,
283628,0.809,1686,0,,0.063,
283628,0.951,1688,0,,0.063,
283628,1,1690,0,,0.063,
283628,0.951,1692,0,0,0.063,0
283628,0.809,1694,0,,0.063,
283628,0.587,1696,0,,0.063,
283628,0.309,1698,0,,0.063,
283628,0,1700,0,,0.063,
283628,-0.309,1702,0,,0.063,
283628,-0.587,1704,0,,0.063,
283628,-0.809,1706,0,,0.063,
283628,-0.951,1708,0,,0.063,
283628,-1,1710,0,,0.063,
283628,-0.951,1712,0,0,0.063,0
283628,-0.809,1714,0,,0.063,
283628,-0.587,1716,0,,0.063,
283628,-0.309,1718,0,,0.063,
283628,0,1720,0,,0.063,
283628,0.309,1722,0,,0.063,
283628,0.587,1724,0,,0.063,
283628,0.809,1726,0,,0.063,
283628,0.951,1728,0,,0.063,
283628,1,1730,0,,0.063,
283628,0.951,1732,0,0,0.063,0
283628,0.809,1734,0,,0.063,
283628,0.587,1736,0,,0.063,
283628,0.309,1738,0,,0.063,
283628,0,1740,0,,0.063,
283628,-0.309,1742,0,,0.063,
283628,-0.587,1744,0,,0.063,
283628,-0.809,1746,0,,0.063,
283628,-0.951,1748,0,,0.063,
283628,-1,1750,0,,0.063,
283628,-0.951,1752,0,0,0.063,0
283628,-0.809,1754,0,,0.063,
283628,-0.587,1756,0,,0.063,
283628,-0.309,1758,0,,0.063,
283628,0,1760,0,,0.063,
283628,0.309,1762,0,,0.063,
283628,0.587,1764,0,,0.063,
283628,0.809,1766,0,,0.063,
283628,0.951,1768,0,,0.063,
283628,1,1770,0,,0.063,
283628,0.951,1772,0,0,0.063,0
283628,0.809,1774,0,,0.063,
283628,0.587,1776,0,,0.063,
283628,0.309,1778,0,,0.063,
283628,0,1780,0,,0.063,
283628,-0.309,1782,0,,0.063,
283628,-0.587,1784,0,,0.063,
283628,-0.809,1786,0,,0.063,
283628,-0.951,1788,0,,0.063,
283628,-1,1790,0,,0.063,
283628,-0.951,1792,0,0,0.063,0
283628,-0.809,1794,0,,0.063,
283628,-0.587,1796,0,,0.063,
283628,-0.309,1798,0,,0.063,
283628,0,1800,0,,0.063,
283628,0.309,1802,0,,0.063,
283628,0.587,1804,0,,0.063,
283628,0.809,1806,0,,0.063,
283628,0.951,1808,0,,0.063,
283628,1,1810,0,,0.063,
283628,0.951,1812,0,0,0.063,0
283628,0.809,1814,0,,0.063,
283628,0.587,1816,0,,0.063,
283628,0.309,1818,0,,0.063,
283628,0,1820,0,,0.063,
283628,-0.309,1822,0,,0.063,
283628,-0.587,1824,0,,0.063,
283628,-0.809,1826,0,,0.063,
283628,-0.951,1828,0,,0.063,
283628,-1,1830,0,,0.063,
283628,-0.951,1832,0,0,0.063,0
283628,-0.809,1834,0,,0.063,
283628,-0.587,1836,0,,0.063,
283628,-0.309,1838,0,,0.063,
283628,0,1840,0,,0.063,
283628,0.309,1842,0,,0.063,
283628,0.587,1844,0,,0.063,
283628,0.809,1846,0,,0.063,
283628,0.951,1848,0,,0.063,
283628,1,1850,0,,0.063,
283628,0.951,1852,0,0,0.063,0
283628,0.809,1854,0,,0.063,
283628,0.587,1856,0,,0.063,
283628,0.309,1858,0,,0.063,
283628,0,1860,0,,0.063,
283628,-0.309,1862,0,,0.063,
283628,-0.587,1864,0,,0.063,
283628,-0.809,1866,0,,0.063,
283628,-0.951,1868,0,,0.063,
283628,-1,1870,0,,0.063,
283628,-0.951,1872,0,0,0.063,0
283628,-0.809,1874,0,,0.063,
283628,-0.587,1876,0,,0.063,
283628,-0.309,1878,0,,0.063,
283628,0,1880,0,,0.063,
283628,0.309,1882,0,,0.063,
283628,0.587,1884,0,,0.063,
283628,0.809,1886,0,,0.063,
283628,0.951,1888,0,,0.063,
283628,1,1890,0,,0.063,
283628,0.951,1892,0,0,0.063,0
283628,0.809,1894,0,,0.063,
283628,0.587,1896,0,,0.063,
283628,0.309,1898,0,,0.063,
283628,0,1900,0,,0.063,
283628,-0.309,1902,0,,0.063,
283628,-0.587,1904,0,,0.063,
283628,-0.809,1906,0,,0.063,
283628,-0.951,1908,0,,0.063,
283628,-1,1910,0,,0.063,
283628,-0.951,1912,0,0,0.063,0
283628,-0.809,1914,0,,0.063,
283628,-0.587,1916,0,,0.063,
283628,-0.309,1918,0,,0.063,
283628,0,1920,0,,0.063,
283628,0.309,1922,0,,0.063,
283628,0.587,1924,0,,0.063,
283628,0.809,1926,0,,0.063,
283628,0.951,1928,0,,0.063,
283628,1,1930,0,,0.063,
283628,0.951,1932,0,0,0.063,0
283628,0.809,1934,0,,0.063,
283628,0.587,1936,0,,0.063,
283628,0.309,1938,0,,0.063,
283628,0,1940,0,,0.063,
283628,-0.309,1942,0,,0.063,
283628,-0.587,1944,0,,0.063,
283628,-0.809,1946,0,,0.063,
283628,-0.951,1948,0,,0.063,
283628,-1,1950,0,,0.063,
283628,-0.951,1952,0,0,0.063,0
283628,-0.809,1954,0,,0.063,
283628,-0.587,1956,0,,0.063,
283628,-0.309,1958,0,,0.063,
283628,0,1960,0,,0.063,
283628,0.309,1962,0,,0.063,
283628,0.587,1964,0,,0.063,
283628,0.809,1966,0,,0.063,
283628,0.951,1968,0,,0.063,
283628,1,1970,0,,0.063,
283628,0.951,1972,0,0,0.063,0
283628,0.809,1974,0,,0.063,
283628,0.587,1976,0,,0.063,
283628,0.309,1978,0,,0.063,
283628,0,1980,0,,0.063,
283628,-0.309,1982,0,,0.063,
283628,-0.587,1984,0,,0.063,
283628,-0.809,1986,0,,0.063,
283628,-0.951,1988,0,,0.063,
283628,-1,1990,0,,0.063,
283628,-0.951,1992,0,0,0.063,0
283628,-0.809,1994,0,,0.063,
283628,-0.587,1996,0,,0.063,
283628,-0.309,1998,0,,0.063,
283628,0,2000,0,,0.063,
283628,0.309,2002,0,,0.063,
283628,0.587,2004,0,,0.063,
283628,0.809,2006,0,,0.063,
283628,0.951,2008,0,,0.063,
283628,1,2010,0,,0.063,
283628,0.951,2012,0,0,0.063,0
283628,0.809,2014,0,,0.063,
283628,0.587,2016,0,,0.063,
283628,0.309,2018,0,,0.063,
283628,0,2020,0,,0.063,
283628,-0.309,2022,0,,0.063,
283628,-0.587,2024,0,,0.063,
283628,-0.809,2026,0,,0.063,
283628,-0.951,2028,0,,0.063,
283628,-1,2030,0,,0.063,
283628,-0.951,2032,0,0,0.063,0
283628,-0.809,2034,0,,0.063,
283628,-0.587,2036,0,,0.063,
283628,-0.309,2038,0,,0.063,
283628,0,2040,0,,0.063,
283628,0.309,2042,0,,0.063,
283628,0.587,2044,0,,0.063,
283628,0.809,2046,0,,0.063,
283628,0.951,2048,0,,0.063,
283628,1,2050,0,,0.063,
283628,0.951,2052,0,0,0.063,0
283628,0.809,2054,0,,0.063,
283628,0.587,2056,0,,0.063,
283628,0.309,2058,0,,0.063,
283628,0,2060,0,,0.063,
283628,-0.309,2062,0,,0.063,
283628,-0.587,2064,0,,0.063,
283628,-0.809,2066,0,,0.063,
283628,-0.951,2068,0,,0.063,
283628,-1,2070,0,,0.063,
283628,-0.951,2072,0,0,0.063,0
283628,-0.809,2074,0,,0.063,
283628,-0.587,2076,0,,0.063,
283628,-0.309,2078,0,,0.063,
283628,0,2080,0,,0.063,
283628,0.309,2082,0,,0.063,
283628,0.587,2084,0,,0.063,
283628,0.809,2086,0,,0.063,
283628,0.951,2088,0,,0.063,
283628,1,2090,0,,0.063,
283628,0.951,2092,0,0,0.063,0
283628,0.809,2094,0,,0.063,
283628,0.587,2096,0,,0.063,
283628,0.309,2098,0,,0.063,
283628,0,2100,0,,0.063,
283628,-0.309,2102,0,,0.063,
283628,-0.587,2104,0,,0.063,
283628,-0.809,2106,0,,0.063,
283628,-0.951,2108,0,,0.063,
283628,-1,2110,0,,0.063,
283628,-0.951,2112,0,0,0.063,0
283628,-0.809,2114,0,,0.063,
283628,-0.587,2116,0,,0.063,
283628,-0.309,2118,0,,0.063,
283628,0,2120,0,,0.063,
283628,0.309,2122,0,,0.063,
283628,0.587,2124,0,,0.063,
283628,0.809,2126,0,,0.063,
283628,0.951,2128,0,,0.063,
283628,1,2130,0,,0.063,
283628,0.951,2132,0,0,0.063,0
283628,0.809,2134,0,,0.063,
283628,0.587,2136,0,,0.063,
283628,0.309,2138,0,,0.063,
283628,0,2140,0,,0.063,
283628,-0.309,2142,0,,0.063,
283628,-0.587,2144,0,,0.063,
283628,-0.809,2146,0,,0.063,
283628,-0.951,2148,0,,0.063,
283628,-1,2150,0,,0.063,
283628,-0.951,2152,0,0,0.063,0
283628,-0.809,2154,0,,0.063,
283628,-0.587,2156,0,,0.063,
283628,-0.309,2158,0,,0.063,
283628,0,2160,0,,0.063,
283628,0.309,2162,0,,0.063,
283628,0.587,2164,0,,0.063,
283628,0.809,2166,0,,0.063,
283628,0.951,2168,0,,0.063,
283628,1,2170,0,,0.063,
283628,0.951,2172,0,0,0.063,0
283628,0.809,2174,0,,0.063,
283628,0.587,2176,0,,0.063,
283628,0.309,2178,0,,0.063,
283628,0,2180,0,,0.063,
283628,-0.309,2182,0,,0.063,
283628,-0.587,2184,0,,0.063,
283628,-0.809,2186,0,,0.063,
283628,-0.951,2188,0,,0.063,
283628,-1,2190,0,,0.063,
283628,-0.951,2192,0,0,0.063,0
283628,-0.809,2194,0,,0.063,
283628,-0.587,2196,0,,0.063,
283628,-0.309,2198,0,,0.063,
283628,0,2200,0,,0.063,
283628,0.309,2202,0,,0.063,
283628,0.587,2204,0,,0.063,
283628,0.809,2206,0,,0.063,
283628,0.951,2208,0,,0.063,
283628,1,2210,0,,0.063,
283628,0.951,2212,0,0,0.063,0
283628,0.809,2214,0,,0.063,
283628,0.587,2216,0,,0.063,
283628,0.309,2218,0,,0.063,
283628,0,2220,0,,0.063,
283628,-0.309,2222,0,,0.063,
283628,-0.587,2224,0,,0.063,
283628,-0.809,2226,0,,0.063,
283628,-0.951,2228,0,,0.063,
283628,-1,2230,0,,0.063,
283628,-0.951,2232,0,0,0.063,0
283628,-0.809,2234,0,,0.063,
283628,-0.587,2236,0,,0.063,
283628,-0.309,2238,0,,0.063,
283628,0,2240,0,,0.063,
283628,0.309,2242,0,,0.063,
283628,0.587,2244,0,,0.063,
283628,0.809,2246,0,,0.063,
283628,0.951,2248,0,,0.063,
283628,1,2250,0,,0.063,
283628,0.951,2252,0,0,0.063,0
283628,0.809,2254,0,,0.063,
283628,0.587,2256,0,,0.063,
283628,0.309,2258,0,,0.063,
283628,0,2260,0,,0.063,
283628,-0.309,2262,0,,0.063,
283628,-0.587,2264,0,,0.063,
283628,-0.809,2266,0,,0.063,
283628,-0.951,2268,0,,0.063,
283628,-1,2270,0,,0.063,
283628,-0.951,2272,0,0,0.063,0
283628,-0.809,2274,0,,0.063,
283628,-0.587,2276,0,,0.063,
283628,-0.309,2278,0,,0.063,
283628,0,2280,0,,0.063,
283628,0.309,2282,0,,0.063,
283628,0.587,2284,0,,0.063,
283628,0.809,2286,0,,0.063,
283628,0.951,2288,0,,0.063,
283628,1,2290,0,,0.063,
283628,0.951,2292,0,0,0.063,0
283628,0.809,2294,0,,0.063,
283628,0.587,2296,0,,0.063,
283628,0.309,2298,0,,0.063,
283628,0,2300,0,,0.063,
283628,-0.309,2302,0,,0.063,
283628,-0.587,2304,0,,0.063,
283628,-0.809,2306,0,,0.063,
283628,-0.951,2308,0,,0.063,
283628,-1,2310,0,,0.063,
283628,-0.951,2312,0,0,0.063,0
283628,-0.809,2314,0,,0.063,
283628,-0.587,2316,0,,0.063,
283628,-0.309,2318,0,,0.063,
283628,0,2320,0,,0.063,
283628,0.309,2322,0,,0.063,
283628,0.587,2324,0,,0.063,
283628,0.809,2326,0,,0.063,
283628,0.951,2328,0,,0.063,
283628,1,2330,0,,0.063,
283628,0.951,2332,0,0,0.063,0
283628,0.809,2334,0,,0.063,
283628,0.587,2336,0,,0.063,
283628,0.309,2338,0,,0.063,
283628,0,2340,0,,0.063,
283628,-0.309,2342,0,,0.063,
283628,-0.587,2344,0,,0.063,
283628,-0.809,2346,0,,0.063,
283628,-0.951,2348,0,,0.063,
283628,-1,2350,0,,0.063,
283628,-0.951,2352,0,0,0.063,0
283628,-0.809,2354,0,,0.063,
283628,-0.587,2356,0,,0.063,
283628,-0.309,2358,0,,0.063,
283628,0,2360,0,,0.063,
283628,0.309,2362,0,,0.063,
283628,0.587,2364,0,,0.063,
283628,0.809,2366,0,,0.063,
283628,0.951,2368,0,,0.063,
283628,1,2370,0,,0.063,
283628,0.951,2372,0,0,0.063,0
283628,0.809,2374,0,,0.063,
283628,0.587,2376,0,,0.063,
283628,0.309,2378,0,,0.063,
283628,0,2380,0,,0.063,
283628,-0.309,2382,0,,0.063,
283628,-0.587,2384,0,,0.063,
283628,-0.809,2386,0,,0.063,
283628,-0.951,2388,0,,0.063,
283628,-1,2390,0,,0.063,
283628,-0.951,2392,0,0,0.063,0
283628,-0.809,2394,0,,0.063,
283628,-0.587,2396,0,,0.063,
283628,-0.309,2398,0,,0.063,
283628,0,2400,0,,0.063,
283628,0.309,2402,0,,0.063,
283628,0.587,2404,0,,0.063,
283628,0.809,2406,0,,0.063,
283628,0.951,2408,0,,0.063,
283628,1,2410,0,,0.063,
283628,0.951,2412,0,0,0.063,0
283628,0.809,2414,0,,0.063,
283628,0.587,2416,0,,0.063,
283628,0.309,2418,0,,0.063,
283628,0,2420,0,,0.063,
283628,-0.309,2422,0,,0.063,
283628,-0.587,2424,0,,0.063,
283628,-0.809,2426,0,,0.063,
283628,-0.951,2428,0,,0.063,
283628,-1,2430,0,,0.063,
283628,-0.951,2432,0,0,0.063,0
283628,-0.809,2434,0,,0.063,
283628,-0.587,2436,0,,0.063,
283628,-0.309,2438,0,,0.063,
283628,0,2440,0,,0.063,
283628,0.309,2442,0,,0.063,
283628,0.587,2444,0,,0.063,
283628,0.809,2446,0,,0.063,
283628,0.951,2448,0,,0.063,
283628,1,2450,0,,0.063,
283628,0.951,2452,0,0,0.063,0
283628,0.809,2454,0,,0.063,
283628,0.587,2456,0,,0.063,
283628,0.309,2458,0,,0.063,
283628,0,2460,0,,0.063,
283628,-0.309,2462,0,,0.063,
283628,-0.587,2464,0,,0.063,
283628,-0.809,2466,0,,0.063,
283628,-0.951,2468,0,,0.063,
283628,-1,2470,0,,0.063,
283628,-0.951,2472,0,0,0.063,0
283628,-0.809,2474,0,,0.063,
283628,-0.587,2476,0,,0.063,
283628,-0.309,2478,0,,0.063,
283628,0,2480,0,,0.063,
283628,0.309,2482,0,,0.063,
283628,0.587,2484,0,,0.063,
283628,0.809,2486,0,,0.063,
283628,0.951,2488,0,,0.063,
283628,1,2490,0,,0.063,
283628,0.951,2492,0,0,0.063,0
283628,0.809,2494,0,,0.063,
283628,0.587,2496,0,,0.063,
283628,0.309,2498,0,,0.063,
283628,0,2500,0,,0.063,
283628,-0.309,2502,0,,0.063,
283628,-0.587,2504,0,,0.063,
283628,-0.809,2506,0,,0.063,
283628,-0.951,2508,0,,0.063,
283628,-1,2510,0,,0.063,
283628,-0.951,2512,0,0,0.063,0
283628,-0.809,2514,0,,0.063,
283628,-0.587,2516,0,,0.063,
283628,-0.309,2518,0,,0.063,
283628,0,2520,0,,0.063,
283628,0.309,2522,0,,0.063,
283628,0.587,2524,0,,0.063,
283628,0.809,2526,0,,0.063,
283628,0.951,2528,0,,0.063,
283628,1,2530,0,,0.063,
283628,0.951,2532,0,0,0.063,0
283628,0.809,2534,0,,0.063,
283628,0.587,2536,0,,0.063,
283628,0.309,2538,0,,0.063,
283628,0,2540,0,,0.063,
283628,-0.309,2542,0,,0.063,
283628,-0.587,2544,0,,0.063,
283628,-0.809,2546,0,,0.063,
283628,-0.951,2548,0,,0.063,
283628,-1,2550,0,,0.063,
283628,-0.951,2552,0,0,0.063,0
283628,-0.809,2554,0,,0.063,
283628,-0.587,2556,0,,0.063,
283628,-0.309,2558,0,,0.063,
283628,0,2560,0,,0.063,
283628,0.309,2562,0,,0.063,
283628,0.587,2564,0,,0.063,
283628,0.809,2566,0,,0.063,
283628,0.951,2568,0,,0.063,
283628,1,2570,0,,0.063,
283628,0.951,2572,0,0,0.063,0
283628,0.809,2574,0,,0.063,
283628,0.587,2576,0,,0.063,
283628,0.309,2578,0,,0.063,
283628,0,2580,0,,0.063,
283628,-0.309,2582,0,,0.063,
283628,-0.587,2584,0,,0.063,
283628,-0.809,2586,0,,0.063,
283628,-0.951,2588,0,,0.063,
283628,-1,2590,0,,0.063,
283628,-0.951,2592,0,0,0.063,0
283628,-0.809,2594,0,,0.063,
283628,-0.587,2596,0,,0.063,
283628,-0.309,2598,0,,0.063,
283628,0,2600,0,,0.063,
283628,0.309,2602,0,,0.063,
283628,0.587,2604,0,,0.063,
283628,0.809,2606,0,,0.063,
283628,0.951,2608,0,,0.063,
283628,1,2610,0,,0.063,
283628,0.951,2612,0,0,0.063,0
283628,0.809,2614,0,,0.063,
283628,0.587,2616,0,,0.063,
283628,0.309,2618,0,,0.063,
283628,0,2620,0,,0.063,
283628,-0.309,2622,0,,0.063,
283628,-0.587,2624,0,,0.063,
283628,-0.809,2626,0,,0.063,
283628,-0.951,2628,0,,0.063,
283628,-1,2630,0,,0.063,
283628,-0.951,2632,0,0,0.063,0
283628,-0.809,2634,0,,0.063,
283628,-0.587,2636,0,,0.063,
283628,-0.309,2638,0,,0.063,
283628,0,2640,0,,0.063,
283628,0.309,2642,0,,0.063,
283628,0.587,2644,0,,0.063,
283628,0.809,2646,0,,0.063,
283628,0.951,2648,0,,0.063,
283628,1,2650,0,,0.063,
283628,0.951,2652,0,0,0.063,0
283628,0.809,2654,0,,0.063,
283628,0.587,2656,0,,0.063,
283628,0.309,2658,0,,0.063,
283628,0,2660,0,,0.063,
283628,-0.309,2662,0,,0.063,
283628,-0.587,2664,0,,0.063,
283628,-0.809,2666,0,,0.063,
283628,-0.951,2668,0,,0.063,
283628,-1,2670,0,,0.063,
283628,-0.951,2672,0,0,0.063,0
283628,-0.809,2674,0,,0.063,
283628,-0.587,2676,0,,0.063,
283628,-0.309,2678,0,,0.063,
283628,0,2680,0,,0.063,
283628,0.309,2682,0,,0.063,
283628,0.587,2684,0,,0.063,
283628,0.809,2686,0,,0.063,
283628,0.951,2688,0,,0.063,
283628,1,2690,0,,0.063,
283628,0.951,2692,0,0,0.063,0
283628,0.809,2694,0,,0.063,
283628,0.587,2696,0,,0.063,
283628,0.309,2698,0,,0.063,
283628,0,2700,0,,0.063,
283628,-0.309,2702,0,,0.063,
283628,-0.587,2704,0,,0.063,
283628,-0.809,2706,0,,0.063,
283628,-0.951,2708,0,,0.063,
283628,-1,2710,0,,0.063,
283628,-0.951,2712,0,0,0.063,0
283628,-0.809,2714,0,,0.063,
283628,-0.587,2716,0,,0.063,
283628,-0.309,2718,0,,0.063,
283628,0,2720,0,,0.063,
283628,0.309,2722,0,,0.063,
283628,0.587,2724,0,,0.063,
283628,0.809,2726,0,,0.063,
283628,0.951,2728,0,,0.063,
283628,1,2730,0,,0.063,
283628,0.951,2732,0,0,0.063,0
283628,0.809,2734,0,,0.063,
283628,0.587,2736,0,,0.063,
283628,0.309,2738,0,,0.063,
283628,0,2740,0,,0.063,
283628,-0.309,2742,0,,0.063,
283628,-0.587,2744,0,,0.063,
283628,-0.809,2746,0,,0.063,
283628,-0.951,2748,0,,0.063,
283628,-1,2750,0,,0.063,
283628,-0.951,2752,0,0,0.063,0
283628,-0.809,2754,0,,0.063,
283628,-0.587,2756,0,,0.063,
283628,-0.309,2758,0,,0.063,
283628,0,2760,0,,0.063,
283628,0.309,2762,0,,0.063,
283628,0.587,2764,0,,0.063,
283628,0.809,2766,0,,0.063,
283628,0.951,2768,0,,0.063,
283628,1,2770,0,,0.063,
283628,0.951,2772,0,0,0.063,0
283628,0.809,2774,0,,0.063,
283628,0.587,2776,0,,0.063,
283628,0.309,2778,0,,0.063,
283628,0,2780,0,,0.063,
283628,-0.309,2782,0,,0.063,
283628,-0.587,2784,0,,0.063,
283628,-0.809,2786,0,,0.063,
283628,-0.951,2788,0,,0.063,
283628,-1,2790,0,,0.063,
283628,-0.951,2792,0,0,0.063,0
283628,-0.809,2794,0,,0.063,
283628,-0.587,2796,0,,0.063,
283628,-0.309,2798,0,,0.063,
283628,0,2800,0,,0.063,
283628,0.309,2802,0,,0.063,
283628,0.587,2804,0,,0.063,
283628,0.809,2806,0,,0.063,
283628,0.951,2808,0,,0.063,
283628,1,2810,0,,0.063,
283628,0.951,2812,0,0,0.063,0
283628,0.809,2814,0,,0.063,
283628,0.587,2816,0,,0.063,
283628,0.309,2818,0,,0.063,
283628,0,2820,0,,0.063,
283628,-0.309,2822,0,,0.063,
283628,-0.587,2824,0,,0.063,
283628,-0.809,2826,0,,0.063,
283628,-0.951,2828,0,,0.063,
283628,-1,2830,0,,0.063,
283628,-0.951,2832,0,0,0.063,0
283628,-0.809,2834,0,,0.063,
283628,-0.587,2836,0,,0.063,
283628,-0.309,2838,0,,0.063,
283628,0,2840,0,,0.063,
283628,0.309,2842,0,,0.063,
283628,0.587,2844,0,,0.063,
283628,0.809,2846,0,,0.063,
283628,0.951,2848,0,,0.063,
283628,1,2850,0,,0.063,
283628,0.951,2852,0,0,0.063,0
283628,0.809,2854,0,,0.063,
283628,0.587,2856,0,,0.063,
283628,0.309,2858,0,,0.063,
283628,0,2860,0,,0.063,
283628,-0.309,2862,0,,0.063,
283628,-0.587,2864,0,,0.063,
283628,-0.809,2866,0,,0.063,
283628,-0.951,2868,0,,0.063,
283628,-1,2870,0,,0.063,
283628,-0.951,2872,0,0,0.063,0
283628,-0.809,2874,0,,0.063,
283628,-0.587,2876,0,,0.063,
283628,-0.309,2878,0,,0.063,
283628,0,2880,0,,0.063,
283628,0.309,2882,0,,0.063,
283628,0.587,2884,0,,0.063,
283628,0.809,2886,0,,0.063,
283628,0.951,2888,0,,0.063,
283628,1,2890,0,,0.063,
283628,0.951,2892,0,0,0.063,0
283628,0.809,2894,0,,0.063,
283628,0.587,2896,0,,0.063,
283628,0.309,2898,0,,0.063,
283628,0,2900,0,,0.063,
283628,-0.309,2902,0,,0.063,
283628,-0.587,2904,0,,0.063,
283628,-0.809,2906,0,,0.063,
283628,-0.951,2908,0,,0.063,
283628,-1,2910,0,,0.063,
283628,-0.951,2912,0,0,0.063,0
283628,-0.809,2914,0,,0.063,
283628,-0.587,2916,0,,0.063,
283628,-0.309,2918,0,,0.063,
283628,0,2920,0,,0.063,
283628,0.309,2922,0,,0.063,
283628,0.587,2924,0,,0.063,
283628,0.809,2926,0,,0.063,
283628,0.951,2928,0,,0.063,
283628,1,2930,0,,0.063,
283628,0.951,2932,0,0,0.063,0
283628,0.809,2934,0,,0.063,
283628,0.587,2936,0,,0.063,
283628,0.309,2938,0,,0.063,
283628,0,2940,0,,0.063,
283628,-0.309,2942,0,,0.063,
283628,-0.587,2944,0,,0.063,
283628,-0.809,2946,0,,0.063,
283628,-0.951,2948,0,,0.063,
283628,-1,2950,0,,0.063,
283628,-0.951,2952,0,0,0.063,0
283628,-0.809,2954,0,,0.063,
283628,-0.587,2956,0,,0.063,
283628,-0.309,2958,0,,0.063,
283628,0,2960,0,,0.063,
283628,0.309,2962,0,,0.063,
283628,0.587,2964,0,,0.063,
283628,0.809,2966,0,,0.063,
283628,0.951,2968,0,,0.063,
283628,1,2970,0,,0.063,
283628,0.951,2972,0,0,0.063,0
283628,0.809,2974,0,,0.063,
283628,0.587,2976,0,,0.063,
283628,0.309,2978,0,,0.063,
283628,0,2980,0,,0.063,
283628,-0.309,2982,0,,0.063,
283628,-0.587,2984,0,,0.063,
283628,-0.809,2986,0,,0.063,
283628,-0.951,2988,0,,0.063,
283628,-1,2990,0,,0.063,
283628,-0.951,2992,0,0,0.063,0
283628,-0.809,2994,0,,0.063,
283628,-0.587,2996,0,,0.063,
283628,-0.309,2998,0,,0.063,
283628,0,3000,0,,0.063,
283628,0.309,3002,0,,0.063,
283628,0.587,3004,0,,0.063,
283628,0.809,3006,0,,0.063,
283628,0.951,3008,0,,0.063,
283628,1,3010,0,,0.063,
283628,0.951,3012,0,0,0.063,0
283628,0.809,3014,0,,0.063,
283628,0.587,3016,0,,0.063,
283628,0.309,3018,0,,0.063,
283628,0,3020,0,,0.063,
283628,-0.309,3022,0,,0.063,
283628,-0.587,3024,0,,0.063,
283628,-0.809,3026,0,,0.063,
283628,-0.951,3028,0,,0.063,
283628,-1,3030,0,,0.063,
283628,-0.951,3032,0,0,0.063,0
283628,-0.809,3034,0,,0.063,
283628,-0.587,3036,0,,0.063,
283628,-0.309,3038,0,,0.063,
283628,0,3040,0,,0.063,
283628,0.309,3042,0,,0.063,
283628,0.587,3044,0,,0.063,
283628,0.809,3046,0,,0.063,
283628,0.951,3048,0,,0.063,
283628,1,3050,0,,0.063,
283628,0.951,3052,0,0,0.063,0
283628,0.809,3054,0,,0.063,
283628,0.587,3056,0,,0.063,
283628,0.309,3058,0,,0.063,
283628,0,3060,0,,0.063,
283628,-0.309,3062,0,,0.063,
283628,-0.587,3064,0,,0.063,
283628,-0.809,3066,0,,0.063,
283628,-0.951,3068,0,,0.063,
283628,-1,3070,0,,0.063,
283628,-0.951,3072,0,0,0.063,0
283628,-0.809,3074,0,,0.063,
283628,-0.587,3076,0,,0.063,
283628,-0.309,3078,0,,0.063,
283628,0,3080,0,,0.063,
283628,0.309,3082,0,,0.063,
283628,0.587,3084,0,,0.063,
283628,0.809,3086,0,,0.063,
283628,0.951,3088,0,,0.063,
283628,1,3090,0,,0.063,
283628,0.951,3092,0,0,0.063,0
283628,0.809,3094,0,,0.063,
283628,0.587,3096,0,,0.063,
283628,0.309,3098,0,,0.063,
283628,0,3100,0,,0.063,
283628,-0.309,3102,0,,0.063,
283628,-0.587,3104,0,,0.063,
283628,-0.809,3106,0,,0.063,
283628,-0.951,3108,0,,0.063,
283628,-1,3110,0,,0.063,
283628,-0.951,3112,0,0,0.063,0
283628,-0.809,3114,0,,0.063,
283628,-0.587,3116,0,,0.063,
283628,-0.309,3118,0,,0.063,
283628,0,3120,0,,0.063,
283628,0.309,3122,0,,0.063,
283628,0.587,3124,0,,0.063,
283628,0.809,3126,0,,0.063,
283628,0.951,3128,0,,0.063,
283628,1,3130,0,,0.063,
283628,0.951,3132,0,0,0.063,0
283628,0.809,3134,0,,0.063,
283628,0.587,3136,0,,0.063,
283628,0.309,3138,0,,0.063,
283628,0,3140,0,,0.063,
283628,-0.309,3142,0,,0.063,
283628,-0.587,3144,0,,0.063,
283628,-0.809,3146,0,,0.063,
283628,-0.951,3148,0,,0.063,
283628,-1,3150,0,,0.063,
283628,-0.951,3152,0,0,0.063,0
283628,-0.809,3154,0,,0.063,
283628,-0.587,3156,0,,0.063,
283628,-0.309,3158,0,,0.063,
283628,0,3160,0,,0.063,
283628,0.309,3162,0,,0.063,
283628,0.587,3164,0,,0.063,
283628,0.809,3166,0,,0.063,
283628,0.951,3168,0,,0.063,
283628,1,3170,0,,0.063,
283628,0.951,3172,0,0,0.063,0
283628,0.809,3174,0,,0.063,
283628,0.587,3176,0,,0.063,
283628,0.309,3178,0,,0.063,
283628,0,3180,0,,0.063,
283628,-0.309,3182,0,,0.063,
283628,-0.587,3184,0,,0.063,
283628,-0.809,3186,0,,0.063,
283628,-0.951,3188,0,,0.063,
283628,-1,3190,0,,0.063,
283628,-0.951,3192,0,0,0.063,0
283628,-0.809,3194,0,,0.063,
283628,-0.587,3196,0,,0.063,
283628,-0.309,3198,0,,0.063,
283628,0,3200,0,,0.063,
283628,0.309,3202,0,,0.063,
283628,0.587,3204,0,,0.063,
283628,0.809,3206,0,,0.063,
283628,0.951,3208,0,,0.063,
283628,1,3210,0,,0.063,
283628,0.951,3212,0,0,0.063,0
283628,0.809,3214,0,,0.063,
283628,0.587,3216,0,,0.063,
283628,0.309,3218,0,,0.063,
283628,0,3220,0,,0.063,
283628,-0.309,3222,0,,0.063,
283628,-0.587,3224,0,,0.063,
283628,-0.809,3226,0,,0.063,
283628,-0.951,3228,0,,0.063,
283628,-1,3230,0,,0.063,
283628,-0.951,3232,0,0,0.063,0
283628,-0.809,3234,0,,0.063,
283628,-0.587,3236,0,,0.063,
283628,-0.309,3238,0,,0.063,
283628,0,3240,0,,0.063,
283628,0.309,3242,0,,0.063,
283628,0.587,3244,0,,0.063,
283628,0.809,3246,0,,0.063,
283628,0.951,3248,0,,0.063,
283628,1,3250,0,,0.063,
283628,0.951,3252,0,0,0.063,0
283628,0.809,3254,0,,0.063,
283628,0.587,3256,0,,0.063,
283628,0.309,3258,0,,0.063,
283628,0,3260,0,,0.063,
283628,-0.309,3262,0,,0.063,
283628,-0.587,3264,0,,0.063,
283628,-0.809,3266,0,,0.063,
283628,-0.951,3268,0,,0.063,
283628,-1,3270,0,,0.063,
283628,-0.951,3272,0,0,0.063,0
283628,-0.809,3274,0,,0.063,
283628,-0.587,3276,0,,0.063,
283628,-0.309,3278,0,,0.063,
283628,0,3280,0,,0.063,
283628,0.309,3282,0,,0.063,
283628,0.587,3284,0,,0.063,
283628,0.809,3286,0,,0.063,
283628,0.951,3288,0,,0.063,
283628,1,3290,0,,0.063,
283628,0.951,3292,0,0,0.063,0
283628,0.809,3294,0,,0.063,
283628,0.587,3296,0,,0.063,
283628,0.309,3298,0,,0.063,
283628,0,3300,0,,0.063,
283628,-0.309,3302,0,,0.063,
283628,-0.587,3304,0,,0.063,
283628,-0.809,3306,0,,0.063,
283628,-0.951,3308,0,,0.063,
283628,-1,3310,0,,0.063,
283628,-0.951,3312,0,0,0.063,0
283628,-0.809,3314,0,,0.063,
283628,-0.587,3316,0,,0.063,
283628,-0.309,3318,0,,0.063,
283628,0,3320,0,,0.063,
283628,0.309,3322,0,,0.063,
283628,0.587,3324,0,,0.063,
283628,0.809,3326,0,,0.063,
283628,0.951,3328,0,,0.063,
283628,1,3330,0,,0.063,
283628,0.951,3332,0,0,0.063,0
283628,0.809,3334,0,,0.063,
283628,0.587,3336,0,,0.063,
283628,0.309,3338,0,,0.063,
283628,0,3340,0,,0.063,
283628,-0.309,3342,0,,0.063,
283628,-0.587,3344,0,,0.063,
283628,-0.809,3346,0,,0.063,
283628,-0.951,3348,0,,0.063,
283628,-1,3350,0,,0.063,
283628,-0.951,3352,0,0,0.063,0
283628,-0.809,3354,0,,0.063,
283628,-0.587,3356,0,,0.063,
283628,-0.309,3358,0,,0.063,
283628,0,3360,0,,0.063,
283628,0.309,3362,0,,0.063,
283628,0.587,3364,0,,0.063,
283628,0.809,3366,0,,0.063,
283628,0.951,3368,0,,0.063,
283628,1,3370,0,,0.063,
283628,0.951,3372,0,0,0.063,0
283628,0.809,3374,0,,0.063,
283628,0.587,3376,0,,0.063,
283628,0.309,3378,0,,0.063,
283628,0,3380,0,,0.063,
283628,-0.309,3382,0,,0.063,
283628,-0.587,3384,0,,0.063,
283628,-0.809,3386,0,,0.063,
283628,-0.951,3388,0,,0.063,
283628,-1,3390,0,,0.063,
283628,-0.951,3392,0,0,0.063,0
283628,-0.809,3394,0,,0.063,
283628,-0.587,3396,0,,0.063,
283628,-0.309,3398,0,,0.063,
283628,0,3400,0,,0.063,
283628,0.309,3402,0,,0.063,
283628,0.587,3404,0,,0.063,
283628,0.809,3406,0,,0.063,
283628,0.951,3408,0,,0.063,
283628,1,3410,0,,0.063,
283628,0.951,3412,0,0,0.063,0
283628,0.809,3414,0,,0.063,
283628,0.587,3416,0,,0.063,
283628,0.309,3418,0,,0.063,
283628,0,3420,0,,0.063,
283628,-0.309,3422,0,,0.063,
283628,-0.587,3424,0,,0.063,
283628,-0.809,3426,0,,0.063,
283628,-0.951,3428,0,,0.063,
283628,-1,3430,0,,0.063,
283628,-0.951,3432,0,0,0.063,0
283628,-0.809,3434,0,,0.063,
283628,-0.587,3436,0,,0.063,
283628,-0.309,3438,0,,0.063,
283628,0,3440,0,,0.063,
283628,0.309,3442,0,,0.063,
283628,0.587,3444,0,,0.063,
283628,0.809,3446,0,,0.063,
283628,0.951,3448,0,,0.063,
283628,1,3450,0,,0.063,
283628,0.951,3452,0,0,0.063,0
283628,0.809,3454,0,,0.063,
283628,0.587,3456,0,,0.063,
283628,0.309,3458,0,,0.063,
283628,0,3460,0,,0.063,
283628,-0.309,3462,0,,0.063,
283628,-0.587,3464,0,,0.063,
283628,-0.809,3466,0,,0.063,
283628,-0.951,3468,0,,0.063,
283628,-1,3470,0,,0.063,
283628,-0.951,3472,0,0,0.063,0
283628,-0.809,3474,0,,0.063,
283628,-0.587,3476,0,,0.063,
283628,-0.309,3478,0,,0.063,
283628,0,3480,0,,0.063,
283628,0.309,3482,0,,0.063,
283628,0.587,3484,0,,0.063,
283628,0.809,3486,0,,0.063,
283628,0.951,3488,0,,0.063,
283628,1,3490,0,,0.063,
283628,0.951,3492,0,0,0.063,0
283628,0.809,3494,0,,0.063,
283628,0.587,3496,0,,0.063,
283628,0.309,3498,0,,0.063,
283628,0,3500,0,,0.063,
283628,-0.309,3502,0,,0.063,
283628,-0.587,3504,0,,0.063,
283628,-0.809,3506,0,,0.063,
283628,-0.951,3508,0,,0.063,
283628,-1,3510,0,,0.063,
283628,-0.951,3512,0,0,0.063,0
283628,-0.809,3514,0,,0.063,
283628,-0.587,3516,0,,0.063,
283628,-0.309,3518,0,,0.063,
283628,0,3520,0,,0.063,
283628,0.309,3522,0,,0.063,
283628,0.587,3524,0,,0.063,
283628,0.809,3526,0,,0.063,
283628,0.951,3528,0,,0.063,
283628,1,3530,0,,0.063,
283628,0.951,3532,0,0,0.063,0
283628,0.809,3534,0,,0.063,
283628,0.587,3536,0,,0.063,
283628,0.309,3538,0,,0.063,
283628,0,3540,0,,0.063,
283628,-0.309,3542,0,,0.063,
283628,-0.587,3544,0,,0.063,
283628,-0.809,3546,0,,0.063,
283628,-0.951,3548,0,,0.063,
283628,-1,3550,0,,0.063,
283628,-0.951,3552,0,0,0.063,0
283628,-0.809,3554,0,,0.063,
283628,-0.587,3556,0,,0.063,
283628,-0.309,3558,0,,0.063,
283628,0,3560,0,,0.063,
283628,0.309,3562,0,,0.063,
283628,0.587,3564,0,,0.063,
283628,0.809,3566,0,,0.063,
283628,0.951,3568,0,,0.063,
283628,1,3570,0,,0.063,
283628,0.951,3572,0,0,0.063,0
283628,0.809,3574,0,,0.063,
283628,0.587,3576,0,,0.063,
283628,0.309,3578,0,,0.063,
283628,0,3580,0,,0.063,
283628,-0.309,3582,0,,0.063,
283628,-0.587,3584,0,,0.063,
283628,-0.809,3586,0,,0.063,
283628,-0.951,3588,0,,0.063,
283628,-1,3590,0,,0.063,
283628,-0.951,3592,0,0,0.063,0
283628,-0.809,3594,0,,0.063,
283628,-0.587,3596,0,,0.063,
283628,-0.309,3598,0,,0.063,
283628,0,3600,0,,0.063,
283628,0.309,3602,0,,0.063,
283628,0.587,3604,0,,0.063,
283628,0.809,3606,0,,0.063,
283628,0.951,3608,0,,0.063,
283628,1,3610,0,,0.063,
283628,0.951,3612,0,0,0.063,0
283628,0.809,3614,0,,0.063,
283628,0.587,3616,0,,0.063,
283628,0.309,3618,0,,0.063,
283628,0,3620,0,,0.063,
283628,-0.309,3622,0,,0.063,
283628,-0.587,3624,0,,0.063,
283628,-0.809,3626,0,,0.063,
283628,-0.951,3628,0,,0.063,
283628,-1,3630,0,,0.063,
283628,-0.951,3632,0,0,0.063,0
283628,-0.809,3634,0,,0.063,
283628,-0.587,3636,0,,0.063,
283628,-0.309,3638,0,,0.063,
283628,0,3640,0,,0.063,
283628,0.309,3642,0,,0.063,
283628,0.587,3644,0,,0.063,
283628,0.809,3646,0,,0.063,
283628,0.951,3648,0,,0.063,
283628,1,3650,0,,0.063,
283628,0.951,3652,0,0,0.063,0
283628,0.809,3654,0,,0.063,
283628,0.587,3656,0,,0.063,
283628,0.309,3658,0,,0.063,
283628,0,3660,0,,0.063,
283628,-0.309,3662,0,,0.063,
283628,-0.587,3664,0,,0.063,
283628,-0.809,3666,0,,0.063,
283628,-0.951,3668,0,,0.063,
283628,-1,3670,0,,0.063,
283628,-0.951,3672,0,0,0.063,0
283628,-0.809,3674,0,,0.063,
283628,-0.587,3676,0,,0.063,
283628,-0.309,3678,0,,0.063,
283628,0,3680,0,,0.063,
283628,0.309,3682,0,,0.063,
283628,0.587,3684,0,,0.063,
283628,0.809,3686,0,,0.063,
283628,0.951,3688,0,,0.063,
283628,1,3690,0,,0.063,
283628,0.951,3692,0,0,0.063,0
283628,0.809,3694,0,,0.063,
283628,0.587,3696,0,,0.063,
283628,0.309,3698,0,,0.063,
283628,0,3700,0,,0.063,
283628,-0.309,3702,0,,0.063,
283628,-0.587,3704,0,,0.063,
283628,-0.809,3706,0,,0.063,
283628,-0.951,3708,0,,0.063,
283628,-1,3710,0,,0.063,
283628,-0.951,3712,0,0,0.063,0
283628,-0.809,3714,0,,0.063,
283628,-0.587,3716,0,,0.063,
283628,-0.309,3718,0,,0.063,
283628,0,3720,0,,0.063,
283628,0.309,3722,0,,0.063,
283628,0.587,3724,0,,0.063,
283628,0.809,3726,0,,0.063,
283628,0.951,3728,0,,0.063,
283628,1,3730,0,,0.063,
283628,0.951,3732,0,0,0.063,0
283628,0.809,3734,0,,0.063,
283628,0.587,3736,0,,0.063,
283628,0.309,3738,0,,0.063,
283628,0,3740,0,,0.063,
283628,-0.309,3742,0,,0.063,
283628,-0.587,3744,0,,0.063,
283628,-0.809,3746,0,,0.063,
283628,-0.951,3748,0,,0.063,
283628,-1,3750,0,,0.063,
283628,-0.951,3752,0,0,0.063,0
283628,-0.809,3754,0,,0.063,
283628,-0.587,3756,0,,0.063,
283628,-0.309,3758,0,,0.063,
283628,0,3760,0,,0.063,
283628,0.309,3762,0,,0.063,
283628,0.587,3764,0,,0.063,
283628,0.809,3766,0,,0.063,
283628,0.951,3768,0,,0.063,
283628,1,3770,0,,0.063,
283628,0.951,3772,0,0,0.063,0
283628,0.809,3774,0,,0.063,
283628,0.587,3776,0,,0.063,
283628,0.309,3778,0,,0.063,
283628,0,3780,0,,0.063,
283628,-0.309,3782,0,,0.063,
283628,-0.587,3784,0,,0.063,
283628,-0.809,3786,0,,0.063,
283628,-0.951,3788,0,,0.063,
283628,-1,3790,0,,0.063,
283628,-0.951,3792,0,0,0.063,0
283628,-0.809,3794,0,,0.063,
283628,-0.587,3796,0,,0.063,
283628,-0.309,3798,0,,0.063,
283628,0,3800,0,,0.063,
283628,0.309,3802,0,,0.063,
283628,0.587,3804,0,,0.063,
283628,0.809,3806,0,,0.063,
283628,0.951,3808,0,,0.063,
283628,1,3810,0,,0.063,
283628,0.951,3812,0,0,0.063,0
283628,0.809,3814,0,,0.063,
283628,0.587,3816,0,,0.063,
283628,0.309,3818,0,,0.063,
283628,0,3820,0,,0.063,
283628,-0.309,3822,0,,0.063,
283628,-0.587,3824,0,,0.063,
283628,-0.809,3826,0,,0.063,
283628,-0.951,3828,0,,0.063,
283628,-1,3830,0,,0.063,
283628,-0.951,3832,0,0,0.063,0
283628,-0.809,3834,0,,0.063,
283628,-0.587,3836,0,,0.063,
283628,-0.309,3838,0,,0.063,
283628,0,3840,0,,0.063,
283628,0.309,3842,0,,0.063,
283628,0.587,3844,0,,0.063,
283628,0.809,3846,0,,0.063,
283628,0.951,3848,0,,0.063,
283628,1,3850,0,,0.063,
283628,0.951,3852,0,0,0.063,0
283628,0.809,3854,0,,0.063,
283628,0.587,3856,0,,0.063,
283628,0.309,3858,0,,0.063,
283628,0,3860,0,,0.063,
283628,-0.309,3862,0,,0.063,
283628,-0.587,3864,0,,0.063,
283628,-0.809,3866,0,,0.063,
283628,-0.951,3868,0,,0.063,
283628,-1,3870,0,,0.063,
283628,-0.951,3872,0,0,0.063,0
283628,-0.809,3874,0,,0.063,
283628,-0.587,3876,0,,0.063,
283628,-0.309,3878,0,,0.063,
283628,0,3880,0,,0.063,
283628,0.309,3882,0,,0.063,
283628,0.587,3884,0,,0.063,
283628,0.809,3886,0,,0.063,
283628,0.951,3888,0,,0.063,
283628,1,3890,0,,0.063,
283628,0.951,3892,0,0,0.063,0
283628,0.809,3894,0,,0.063,
283628,0.587,3896,0,,0.063,
283628,0.309,3898,0,,0.063,
283628,0,3900,0,,0.063,
283628,-0.309,3902,0,,0.063,
283628,-0.587,3904,0,,0.063,
283628,-0.809,3906,0,,0.063,
283628,-0.951,3908,0,,0.063,
283628,-1,3910,0,,0.063,
283628,-0.951,3912,0,0,0.063,0
283628,-0.809,3914,0,,0.063,
283628,-0.587,3916,0,,0.063,
283628,-0.309,3918,0,,0.063,
283628,0,3920,0,,0.063,
283628,0.309,3922,0,,0.063,
283628,0.587,3924,0,,0.063,
283628,0.809,3926,0,,0.063,
283628,0.951,3928,0,,0.063,
283628,1,3930,0,,0.063,
283628,0.951,3932,0,0,0.063,0
283628,0.809,3934,0,,0.063,
283628,0.587,3936,0,,0.063,
283628,0.309,3938,0,,0.063,
283628,0,3940,0,,0.063,
283628,-0.309,3942,0,,0.063,
283628,-0.587,3944,0,,0.063,
283628,-0.809,3946,0,,0.063,
283628,-0.951,3948,0,,0.063,
283628,-1,3950,0,,0.063,
283628,-0.951,3952,0,0,0.063,0
283628,-0.809,3954,0,,0.063,
283628,-0.587,3956,0,,0.063,
283628,-0.309,3958,0,,0.063,
283628,0,3960,0,,0.063,
283628,0.309,3962,0,,0.063,
283628,0.587,3964,0,,0.063,
283628,0.809,3966,0,,0.063,
283628,0.951,3968,0,,0.063,
283628,1,3970,0,,0.063,
283628,0.951,3972,0,0,0.063,0
283628,0.809,3974,0,,0.063,
283628,0.587,3976,0,,0.063,
283628,0.309,3978,0,,0.063,
283628,0,3980,0,,0.063,
283628,-0.309,3982,0,,0.063,
283628,-0.587,3984,0,,0.063,
283628,-0.809,3986,0,,0.063,
283628,-0.951,3988,0,,0.063,
283628,-1,3990,0,,0.063,
283628,-0.951,3992,0,0,0.063,0
283628,-0.809,3994,0,,0.063,
283628,-0.587,3996,0,,0.063,
283628,-0.309,3998,0,,0.063,
283628,0,4000,0,,0.063,
283628,0.309,4002,0,,0.063,
283628,0.587,4004,0,,0.063,
283628,0.809,4006,0,,0.063,
283628,0.951,4008,0,,0.063,
283628,1,4010,0,,0.063,
283628,0.951,4012,0,0,0.063,0
283628,0.809,4014,0,,0.063,
283628,0.587,4016,0,,0.063,
283628,0.309,4018,0,,0.063,
283628,0,4020,0,,0.063,
283628,-0.309,4022,0,,0.063,
283628,-0.587,4024,0,,0.063,
283628,-0.809,4026,0,,0.063,
283628,-0.951,4028,0,,0.063,
283628,-1,4030,0,,0.063,
283628,-0.951,4032,0,0,0.063,0
283628,-0.809,4034,0,,0.063,
283628,-0.587,4036,0,,0.063,
283628,-0.309,4038,0,,0.063,
283628,0,4040,0,,0.063,
283628,0.309,4042,0,,0.063,
283628,0.587,4044,0,,0.063,
283628,0.809,4046,0,,0.063,
283628,0.951,4048,0,,0.063,
283628,1,4050,0,,0.063,
283628,0.951,4052,0,0,0.063,0
283628,0.809,4054,0,,0.063,
283628,0.587,4056,0,,0.063,
283628,0.309,4058,0,,0.063,
283628,0,4060,0,,0.063,
283628,-0.309,4062,0,,0.063,
283628,-0.587,4064,0,,0.063,
283628,-0.809,4066,0,,0.063,
283628,-0.951,4068,0,,0.063,
283628,-1,4070,0,,0.063,
283628,-0.951,4072,0,0,0.063,0
283628,-0.809,4074,0,,0.063,
283628,-0.587,4076,0,,0.063,
283628,-0.309,4078,0,,0.063,
283628,0,4080,0,,0.063,
283628,0.309,4082,0,,0.063,
283628,0.587,4084,0,,0.063,
283628,0.809,4086,0,,0.063,
283628,0.951,4088,0,,0.063,
283628,1,4090,0,,0.063,
283628,0.951,4092,0,0,0.063,0
283628,0.809,4094,0,,0.063,
283628,0.587,4096,0,,0.063,
283628,0.309,4098,0,,0.063,
283628,0,4100,0,,0.063,
283628,-0.309,4102,0,,0.063,
283628,-0.587,4104,0,,0.063,
283628,-0.809,4106,0,,0.063,
283628,-0.951,4108,0,,0.063,
283628,-1,4110,0,,0.063,
283628,-0.951,4112,0,0,0.063,0
283628,-0.809,4114,0,,0.063,
283628,-0.587,4116,0,,0.063,
283628,-0.309,4118,0,,0.063,
283628,0,4120,0,,0.063,
283628,0.309,4122,0,,0.063,
283628,0.587,4124,0,,0.063,
283628,0.809,4126,0,,0.063,
283628,0.951,4128,0,,0.063,
283628,1,4130,0,,0.063,
283628,0.951,4132,0,0,0.063,0
283628,0.809,4134,0,,0.063,
283628,0.587,4136,0,,0.063,
283628,0.309,4138,0,,0.063,
283628,0,4140,0,,0.063,
283628,-0.309,4142,0,,0.063,
283628,-0.587,4144,0,,0.063,
283628,-0.809,4146,0,,0.063,
283628,-0.951,4148,0,,0.063,
283628,-1,4150,0,,0.063,
283628,-0.951,4152,0,0,0.063,0
283628,-0.809,4154,0,,0.063,
283628,-0.587,4156,0,,0.063,
283628,-0.309,4158,0,,0.063,
283628,0,4160,0,,0.063,
283628,0.309,4162,0,,0.063,
283628,0.587,4164,0,,0.063,
283628,0.809,4166,0,,0.063,
283628,0.951,4168,0,,0.063,
283628,1,4170,0,,0.063,
283628,0.951,4172,0,0,0.063,0
283628,0.809,4174,0,,0.063,
283628,0.587,4176,0,,0.063,
283628,0.309,4178,0,,0.063,
283628,0,4180,0,,0.063,
283628,-0.309,4182,0,,0.063,
283628,-0.587,4184,0,,0.063,
283628,-0.809,4186,0,,0.063,
283628,-0.951,4188,0,,0.063,
283628,-1,4190,0,,0.063,
283628,-0.951,4192,0,0,0.063,0
283628,-0.809,4194,0,,0.063,
283628,-0.587,4196,0,,0.063,
283628,-0.309,4198,0,,0.063,
283628,0,4200,0,,0.063,
283628,0.309,4202,0,,0.063,
283628,0.587,4204,0,,0.063,
283628,0.809,4206,0,,0.063,
283628,0.951,4208,0,,0.063,
283628,1,4210,0,,0.063,
283628,0.951,4212,0,0,0.063,0
283628,0.809,4214,0,,0.063,
283628,0.587,4216,0,,0.063,
283628,0.309,4218,0,,0.063,
283628,0,4220,0,,0.063,
283628,-0.309,4222,0,,0.063,
283628,-0.587,4224,0,,0.063,
283628,-0.809,4226,0,,0.063,
283628,-0.951,4228,0,,0.063,
283628,-1,4230,0,,0.063,
283628,-0.951,4232,0,0,0.063,0
283628,-0.809,4234,0,,0.063,
283628,-0.587,4236,0,,0.063,
283628,-0.309,4238,0,,0.063,
283628,0,4240,0,,0.063,
283628,0.309,4242,0,,0.063,
283628,0.587,4244,0,,0.063,
283628,0.809,4246,0,,0.063,
283628,0.951,4248,0,,0.063,
283628,1,4250,0,,0.063,
283628,0.951,4252,0,0,0.063,0
283628,0.809,4254,0,,0.063,
283628,0.587,4256,0,,0.063,
283628,0.309,4258,0,,0.063,
283628,0,4260,0,,0.063,
283628,-0.309,4262,0,,0.063,
283628,-0.587,4264,0,,0.063,
283628,-0.809,4266,0,,0.063,
283628,-0.951,4268,0,,0.063,
283628,-1,4270,0,,0.063,
283628,-0.951,4272,0,0,0.063,0
283628,-0.809,4274,0,,0.063,
283628,-0.587,4276,0,,0.063,
283628,-0.309,4278,0,,0.063,
283628,0,4280,0,,0.063,
283628,0.309,4282,0,,0.063,
283628,0.587,4284,0,,0.063,
283628,0.809,4286,0,,0.063,
283628,0.951,4288,0,,0.063,
283628,1,4290,0,,0.063,
283628,0.951,4292,0,0,0.063,0
283628,0.809,4294,0,,0.063,
283628,0.587,4296,0,,0.063,
283628,0.309,4298,0,,0.063,
283628,0,4300,0,,0.063,
283628,-0.309,4302,0,,0.063,
283628,-0.587,4304,0,,0.063,
283628,-0.809,4306,0,,0.063,
283628,-0.951,4308,0,,0.063,
283628,-1,4310,0,,0.063,
283628,-0.951,4312,0,0,0.063,0
283628,-0.809,4314,0,,0.063,
283628,-0.587,4316,0,,0.063,
283628,-0.309,4318,0,,0.063,
283628,0,4320,0,,0.063,
283628,0.309,4322,0,,0.063,
283628,0.587,4324,0,,0.063,
283628,0.809,4326,0,,0.063,
283628,0.951,4328,0,,0.063,
283628,1,4330,0,,0.063,
283628,0.951,4332,0,0,0.063,0
283628,0.809,4334,0,,0.063,
283628,0.587,4336,0,,0.063,
283628,0.309,4338,0,,0.063,
283628,0,4340,0,,0.063,
283628,-0.309,4342,0,,0.063,
283628,-0.587,4344,0,,0.063,
283628,-0.809,4346,0,,0.063,
283628,-0.951,4348,0,,0.063,
283628,-1,4350,0,,0.063,
283628,-0.951,4352,0,0,0.063,0
283628,-0.809,4354,0,,0.063,
283628,-0.587,4356,0,,0.063,
283628,-0.309,4358,0,,0.063,
283628,0,4360,0,,0.063,
283628,0.309,4362,0,,0.063,
283628,0.587,4364,0,,0.063,
283628,0.809,4366,0,,0.063,
283628,0.951,4368,0,,0.063,
283628,1,4370,0,,0.063,
283628,0.951,4372,0,0,0.063,0
283628,0.809,4374,0,,0.063,
283628,0.587,4376,0,,0.063,
283628,0.309,4378,0,,0.063,
283628,0,4380,0,,0.063,
283628,-0.309,4382,0,,0.063,
283628,-0.587,4384,0,,0.063,
283628,-0.809,4386,0,,0.063,
283628,-0.951,4388,0,,0.063,
283628,-1,4390,0,,0.063,
283628,-0.951,4392,0,0,0.063,0
283628,-0.809,4394,0,,0.063,
283628,-0.587,4396,0,,0.063,
283628,-0.309,4398,0,,0.063,
283628,0,4400,0,,0.063,
283628,0.309,4402,0,,0.063,
283628,0.587,4404,0,,0.063,
283628,0.809,4406,0,,0.063,
283628,0.951,4408,0,,0.063,
283628,1,4410,0,,0.063,
283628,0.951,4412,0,0,0.063,0
283628,0.809,4414,0,,0.063,
283628,0.587,4416,0,,0.063,
283628,0.309,4418,0,,0.063,
283628,0,4420,0,,0.063,
283628,-0.309,4422,0,,0.063,
283628,-0.587,4424,0,,0.063,
283628,-0.809,4426,0,,0.063,
283628,-0.951,4428,0,,0.063,
283628,-1,4430,0,,0.063,
283628,-0.951,4432,0,0,0.063,0
283628,-0.809,4434,0,,0.063,
283628,-0.587,4436,0,,0.063,
283628,-0.309,4438,0,,0.063,
283628,0,4440,0,,0.063,
283628,0.309,4442,0,,0.063,
283628,0.587,4444,0,,0.063,
283628,0.809,4446,0,,0.063,
283628,0.951,4448,0,,0.063,
283628,1,4450,0,,0.063,
283628,0.951,4452,0,0,0.063,0
283628,0.809,4454,0,,0.063,
283628,0.587,4456,0,,0.063,
283628,0.309,4458,0,,0.063,
283628,0,4460,0,,0.063,
283628,-0.309,4462,0,,0.063,
283628,-0.587,4464,0,,0.063,
283628,-0.809,4466,0,,0.063,
283628,-0.951,4468,0,,0.063,
283628,-1,4470,0,,0.063,
283628,-0.951,4472,0,0,0.063,0
283628,-0.809,4474,0,,0.063,
283628,-0.587,4476,0,,0.063,
283628,-0.309,4478,0,,0.063,
283628,0,4480,0,,0.063,
283628,0.309,4482,0,,0.063,
283628,0.587,4484,0,,0.063,
283628,0.809,4486,0,,0.063,
283628,0.951,4488,0,,0.063,
283628,1,4490,0,,0.063,
283628,0.951,4492,0,0,0.063,0
283628,0.809,4494,0,,0.063,
283628,0.587,4496,0,,0.063,
283628,0.309,4498,0,,0.063,
283628,0,4500,0,,0.063,
283628,-0.309,4502,0,,0.063,
283628,-0.587,4504,0,,0.063,
283628,-0.809,4506,0,,0.063,
283628,-0.951,4508,0,,0.063,
283628,-1,4510,0,,0.063,
283628,-0.951,4512,0,0,0.063,0
283628,-0.809,4514,0,,0.063,
283628,-0.587,4516,0,,0.063,
283628,-0.309,4518,0,,0.063,
283628,0,4520,0,,0.063,
283628,0.309,4522,0,,0.063,
283628,0.587,4524,0,,0.063,
283628,0.809,4526,0,,0.063,
283628,0.951,4528,0,,0.063,
283628,1,4530,0,,0.063,
283628,0.951,4532,0,0,0.063,0
283628,0.809,4534,0,,0.063,
283628,0.587,4536,0,,0.063,
283628,0.309,4538,0,,0.063,
283628,0,4540,0,,0.063,
283628,-0.309,4542,0,,0.063,
283628,-0.587,4544,0,,0.063,
283628,-0.809,4546,0,,0.063,
283628,-0.951,4548,0,,0.063,
283628,-1,4550,0,,0.063,
283628,-0.951,4552,0,0,0.063,0
283628,-0.809,4554,0,,0.063,
283628,-0.587,4556,0,,0.063,
283628,-0.309,4558,0,,0.063,
283628,0,4560,0,,0.063,
283628,0.309,4562,0,,0.063,
283628,0.587,4564,0,,0.063,
283628,0.809,4566,0,,0.063,
283628,0.951,4568,0,,0.063,
283628,1,4570,0,,0.063,
283628,0.951,4572,0,0,0.063,0
283628,0.809,4574,0,,0.063,
283628,0.587,4576,0,,0.063,
283628,0.309,4578,0,,0.063,
283628,0,4580,0,,0.063,
283628,-0.309,4582,0,,0.063,
283628,-0.587,4584,0,,0.063,
283628,-0.809,4586,0,,0.063,
283628,-0.951,4588,0,,0.063,
283628,-1,4590,0,,0.063,
283628,-0.951,4592,0,0,0.063,0
283628,-0.809,4594,0,,0.063,
283628,-0.587,4596,0,,0.063,
283628,-0.309,4598,0,,0.063,
283628,0,4600,0,,0.063,
283628,0.309,4602,0,,0.063,
283628,0.587,4604,0,,0.063,
283628,0.809,4606,0,,0.063,
283628,0.951,4608,0,,0.063,
283628,1,4610,0,,0.063,
283628,0.951,4612,0,0,0.063,0
283628,0.809,4614,0,,0.063,
283628,0.587,4616,0,,0.063,
283628,0.309,4618,0,,0.063,
283628,0,4620,0,,0.063,
283628,-0.309,4622,0,,0.063,
283628,-0.587,4624,0,,0.063,
283628,-0.809,4626,0,,0.063,
283628,-0.951,4628,0,,0.063,
283628,-1,4630,0,,0.063,
283628,-0.951,4632,0,0,0.063,0
283628,-0.809,4634,0,,0.063,
283628,-0.587,4636,0,,0.063,
283628,-0.309,4638,0,,0.063,
283628,0,4640,0,,0.063,
283628,0.309,4642,0,,0.063,
283628,0.587,4644,0,,0.063,
283628,0.809,4646,0,,0.063,
283628,0.951,4648,0,,0.063,
283628,1,4650,0,,0.063,
283628,0.951,4652,0,0,0.063,0
283628,0.809,4654,0,,0.063,
283628,0.587,4656,0,,0.063,
283628,0.309,4658,0,,0.063,
283628,0,4660,0,,0.063,
283628,-0.309,4662,0,,0.063,
283628,-0.587,4664,0,,0.063,
283628,-0.809,4666,0,,0.063,
283628,-0.951,4668,0,,0.063,
283628,-1,4670,0,,0.063,
283628,-0.951,4672,0,0,0.063,0
283628,-0.809,4674,0,,0.063,
283628,-0.587,4676,0,,0.063,
283628,-0.309,4678,0,,0.063,
283628,0,4680,0,,0.063,
283628,0.309,4682,0,,0.063,
283628,0.587,4684,0,,0.063,
283628,0.809,4686,0,,0.063,
283628,0.951,4688,0,,0.063,
283628,1,4690,0,,0.063,
283628,0.951,4692,0,0,0.063,0
283628,0.809,4694,0,,0.063,
283628,0.587,4696,0,,0.063,
283628,0.309,4698,0,,0.063,
283628,0,4700,0,,0.063,
283628,-0.309,4702,0,,0.063,
283628,-0.587,4704,0,,0.063,
283628,-0.809,4706,0,,0.063,
283628,-0.951,4708,0,,0.063,
283628,-1,4710,0,,0.063,
283628,-0.951,4712,0,0,0.063,0
283628,-0.809,4714,0,,0.063,
283628,-0.587,4716,0,,0.063,
283628,-0.309,4718,0,,0.063,
283628,0,4720,0,,0.063,
283628,0.309,4722,0,,0.063,
283628,0.587,4724,0,,0.063,
283628,0.809,4726,0,,0.063,
283628,0.951,4728,0,,0.063,
283628,1,4730,0,,0.063,
283628,0.951,4732,0,0,0.063,0
283628,0.809,4734,0,,0.063,
283628,0.587,4736,0,,0.063,
283628,0.309,4738,0,,0.063,
283628,0,4740,0,,0.063,
283628,-0.309,4742,0,,0.063,
283628,-0.587,4744,0,,0.063,
283628,-0.809,4746,0,,0.063,
283628,-0.951,4748,0,,0.063,
283628,-1,4750,0,,0.063,
283628,-0.951,4752,0,0,0.063,0
283628,-0.809,4754,0,,0.063,
283628,-0.587,4756,0,,0.063,
283628,-0.309,4758,0,,0.063,
283628,0,4760,0,,0.063,
283628,0.309,4762,0,,0.063,
283628,0.587,4764,0,,0.063,
283628,0.809,4766,0,,0.063,
283628,0.951,4768,0,,0.063,
283628,1,4770,0,,0.063,
283628,0.951,4772,0,0,0.063,0
283628,0.809,4774,0,,0.063,
283628,0.587,4776,0,,0.063,
283628,0.309,4778,0,,0.063,
283628,0,4780,0,,0.063,
283628,-0.309,4782,0,,0.063,
283628,-0.587,4784,0,,0.063,
283628,-0.809,4786,0,,0.063,
283628,-0.951,4788,0,,0.063,
283628,-1,4790,0,,0.063,
283628,-0.951,4792,0,0,0.063,0
283628,-0.809,4794,0,,0.063,
283628,-0.587,4796,0,,0.063,
283628,-0.309,4798,0,,0.063,
283628,0,4800,0,,0.063,
283628,0.309,4802,0,,0.063,
283628,0.587,4804,0,,0.063,
283628,0.809,4806,0,,0.063,
283628,0.951,4808,0,,0.063,
283628,1,4810,0,,0.063,
283628,0.951,4812,0,0,0.063,0
283628,0.809,4814,0,,0.063,
283628,0.587,4816,0,,0.063,
283628,0.309,4818,0,,0.063,
283628,0,4820,0,,0.063,
283628,-0.309,4822,0,,0.063,
283628,-0.587,4824,0,,0.063,
283628,-0.809,4826,0,,0.063,
283628,-0.951,4828,0,,0.063,
283628,-1,4830,0,,0.063,
283628,-0.951,4832,0,0,0.063,0
283628,-0.809,4834,0,,0.063,
283628,-0.587,4836,0,,0.063,
283628,-0.309,4838,0,,0.063,
283628,0,4840,0,,0.063,
283628,0.309,4842,0,,0.063,
283628,0.587,4844,0,,0.063,
283628,0.809,4846,0,,0.063,
283628,0.951,4848,0,,0.063,
283628,1,4850,0,,0.063,
283628,0.951,4852,0,0,0.063,0
283628,0.809,4854,0,,0.063,
283628,0.587,4856,0,,0.063,
283628,0.309,4858,0,,0.063,
283628,0,4860,0,,0.063,
283628,-0.309,4862,0,,0.063,
283628,-0.587,4864,0,,0.063,
283628,-0.809,4866,0,,0.063,
283628,-0.951,4868,0,,0.063,
283628,-1,4870,0,,0.063,
283628,-0.951,4872,0,0,0.063,0
283628,-0.809,4874,0,,0.063,
283628,-0.587,4876,0,,0.063,
283628,-0.309,4878,0,,0.063,
283628,0,4880,0,,0.063,
283628,0.309,4882,0,,0.063,
283628,0.587,4884,0,,0.063,
283628,0.809,4886,0,,0.063,
283628,0.951,4888,0,,0.063,
283628,1,4890,0,,0.063,
283628,0.951,4892,0,0,0.063,0
283628,0.809,4894,0,,0.063,
283628,0.587,4896,0,,0.063,
283628,0.309,4898,0,,0.063,
283628,0,4900,0,,0.063,
283628,-0.309,4902,0,,0.063,
283628,-0.587,4904,0,,0.063,
283628,-0.809,4906,0,,0.063,
283628,-0.951,4908,0,,0.063,
283628,-1,4910,0,,0.063,
283628,-0.951,4912,0,0,0.063,0
283628,-0.809,4914,0,,0.063,
283628,-0.587,4916,0,,0.063,
283628,-0.309,4918,0,,0.063,
283628,0,4920,0,,0.063,
283628,0.309,4922,0,,0.063,
283628,0.587,4924,0,,0.063,
283628,0.809,4926,0,,0.063,
283628,0.951,4928,0,,0.063,
283628,1,4930,0,,0.063,
283628,0.951,4932,0,0,0.063,0
283628,0.809,4934,0,,0.063,
283628,0.587,4936,0,,0.063,
283628,0.309,4938,0,,0.063,
283628,0,4940,0,,0.063,
283628,-0.309,4942,0,,0.063,
283628,-0.587,4944,0,,0.063,
283628,-0.809,4946,0,,0.063,
283628,-0.951,4948,0,,0.063,
283628,-1,4950,0,,0.063,
283628,-0.951,4952,0,0,0.063,0
283628,-0.809,4954,0,,0.063,
283628,-0.587,4956,0,,0.063,
283628,-0.309,4958,0,,0.063,
283628,0,4960,0,,0.063,
283628,0.309,4962,0,,0.063,
283628,0.587,4964,0,,0.063,
283628,0.809,4966,0,,0.063,
283628,0.951,4968,0,,0.063,
283628,1,4970,0,,0.063,
283628,0.951,4972,0,0,0.063,0
283628,0.809,4974,0,,0.063,
283628,0.587,4976,0,,0.063,
283628,0.309,4978,0,,0.063,
283628,0,4980,0,,0.063,
283628,-0.309,4982,0,,0.063,
283628,-0.587,4984,0,,0.063,
283628,-0.809,4986,0,,0.063,
283628,-0.951,4988,0,,0.063,
283628,-1,4990,0,,0.063,
283628,-0.951,4992,0,0,0.063,0
283628,-0.809,4994,0,,0.063,
283628,-0.587,4996,0,,0.063,
283628,-0.309,4998,0,,0.063,
283628,0,5000,0,,0.063,
283628,0.309,5002,0,,0.063,
283628,0.587,5004,0,,0.063,
283628,0.809,5006,0,,0.063,
283628,0.951,5008,0,,0.063,
283628,1,5010,0,,0.063,
283628,0.951,5012,0,0,0.063,0
283628,0.809,5014,0,,0.063,
283628,0.587,5016,0,,0.063,
283628,0.309,5018,0,,0.063,
283628,0,5020,0,,0.063,
283628,-0.309,5022,0,,0.063,
283628,-0.587,5024,0,,0.063,
283628,-0.809,5026,0,,0.063,
283628,-0.951,5028,0,,0.063,
283628,-1,5030,0,,0.063,
283628,-0.951,5032,0,0,0.063,0
283628,-0.809,5034,0,,0.063,
283628,-0.587,5036,0,,0.063,
283628,-0.309,5038,0,,0.063,
283628,0,5040,0,,0.063,
283628,0.309,5042,0,,0.063,
283628,0.587,5044,0,,0.063,
283628,0.809,5046,0,,0.063,
283628,0.951,5048,0,,0.063,
283628,1,5050,0,,0.063,
283628,0.951,5052,0,0,0.063,0
283628,0.809,5054,0,,0.063,
283628,0.587,5056,0,,0.063,
283628,0.309,5058,0,,0.063,
283628,0,5060,0,,0.063,
283628,-0.309,5062,0,,0.063,
283628,-0.587,5064,0,,0.063,
283628,-0.809,5066,0,,0.063,
283628,-0.951,5068,0,,0.063,
283628,-1,5070,0,,0.063,
283628,-0.951,5072,0,0,0.063,0
283628,-0.809,5074,0,,0.063,
283628,-0.587,5076,0,,0.063,
283628,-0.309,5078,0,,0.063,
283628,0,5080,0,,0.063,
283628,0.309,5082,0,,0.063,
283628,0.587,5084,0,,0.063,
283628,0.809,5086,0,,0.063,
283628,0.951,5088,0,,0.063,
283628,1,5090,0,,0.063,
283628,0.951,5092,0,0,0.063,0
283628,0.809,5094,0,,0.063,
283628,0.587,5096,0,,0.063,
283628,0.309,5098,0,,0.063,
283628,0,5100,0,,0.063,
283628,-0.309,5102,0,,0.063,
283628,-0.587,5104,0,,0.063,
283628,-0.809,5106,0,,0.063,
283628,-0.951,5108,0,,0.063,
283628,-1,5110,0,,0.063,
283628,-0.951,5112,0,0,0.063,0
283628,-0.809,5114,0,,0.063,
283628,-0.587,5116,0,,0.063,
283628,-0.309,5118,0,,0.063,
283628,0,5120,0,,0.063,
283628,0.309,5122,0,,0.063,
283628,0.587,5124,0,,0.063,
283628,0.809,5126,0,,0.063,
283628,0.951,5128,0,,0.063,
283628,1,5130,0,,0.063,
283628,0.951,5132,0,0,0.063,0
283628,0.809,5134,0,,0.063,
283628,0.587,5136,0,,0.063,
283628,0.309,5138,0,,0.063,
283628,0,5140,0,,0.063,
283628,-0.309,5142,0,,0.063,
283628,-0.587,5144,0,,0.063,
283628,-0.809,5146,0,,0.063,
283628,-0.951,5148,0,,0.063,
283628,-1,5150,0,,0.063,
283628,-0.951,5152,0,0,0.063,0
283628,-0.809,5154,0,,0.063,
283628,-0.587,5156,0,,0.063,
283628,-0.309,5158,0,,0.063,
283628,0,5160,0,,0.063,
283628,0.309,5162,0,,0.063,
283628,0.587,5164,0,,0.063,
283628,0.809,5166,0,,0.063,
283628,0.951,5168,0,,0.063,
283628,1,5170,0,,0.063,
283628,0.951,5172,0,0,0.063,0
283628,0.809,5174,0,,0.063,
283628,0.587,5176,0,,0.063,
283628,0.309,5178,0,,0.063,
283628,0,5180,0,,0.063,
283628,-0.309,5182,0,,0.063,
283628,-0.587,5184,0,,0.063,
283628,-0.809,5186,0,,0.063,
283628,-0.951,5188,0,,0.063,
283628,-1,5190,0,,0.063,
283628,-0.951,5192,0,0,0.063,0
283628,-0.809,5194,0,,0.063,
283628,-0.587,5196,0,,0.063,
283628,-0.309,5198,0,,0.063,
283628,0,5200,0,,0.063,
283628,0.309,5202,0,,0.063,
283628,0.587,5204,0,,0.063,
283628,0.809,5206,0,,0.063,
283628,0.951,5208,0,,0.063,
283628,1,5210,0,,0.063,
283628,0.951,5212,0,0,0.063,0
283628,0.809,5214,0,,0.063,
283628,0.587,5216,0,,0.063,
283628,0.309,5218,0,,0.063,
283628,0,5220,0,,0.063,
283628,-0.309,5222,0,,0.063,
283628,-0.587,5224,0,,0.063,
283628,-0.809,5226,0,,0.063,
283628,-0.951,5228,0,,0.063,
283628,-1,5230,0,,0.063,
283628,-0.951,5232,0,0,0.063,0
283628,-0.809,5234,0,,0.063,
283628,-0.587,5236,0,,0.063,
283628,-0.309,5238,0,,0.063,
283628,0,5240,0,,0.063,
283628,0.309,5242,0,,0.063,
283628,0.587,5244,0,,0.063,
283628,0.809,5246,0,,0.063,
283628,0.951,5248,0,,0.063,
283628,1,5250,0,,0.063,
283628,0.951,5252,0,0,0.063,0
283628,0.809,5254,0,,0.063,
283628,0.587,5256,0,,0.063,
283628,0.309,5258,0,,0.063,
283628,0,5260,0,,0.063,
283628,-0.309,5262,0,,0.063,
283628,-0.587,5264,0,,0.063,
283628,-0.809,5266,0,,0.063,
283628,-0.951,5268,0,,0.063,
283628,-1,5270,0,,0.063,
283628,-0.951,5272,0,0,0.063,0
283628,-0.809,5274,0,,0.063,
283628,-0.587,5276,0,,0.063,
283628,-0.309,5278,0,,0.063,
283628,0,5280,0,,0.063,
283628,0.309,5282,0,,0.063,
283628,0.587,5284,0,,0.063,
283628,0.809,5286,0,,0.063,
283628,0.951,5288,0,,0.063,
283628,1,5290,0,,0.063,
283628,0.951,5292,0,0,0.063,0
283628,0.809,5294,0,,0.063,
283628,0.587,5296,0,,0.063,
283628,0.309,5298,0,,0.063,
283628,0,5300,0,,0.063,
283628,-0.309,5302,0,,0.063,
283628,-0.587,5304,0,,0.063,
283628,-0.809,5306,0,,0.063,
283628,-0.951,5308,0,,0.063,
283628,-1,5310,0,,0.063,
283628,-0.951,5312,0,0,0.063,0
283628,-0.809,5314,0,,0.063,
283628,-0.587,5316,0,,0.063,
283628,-0.309,5318,0,,0.063,
283628,0,5320,0,,0.063,
283628,0.309,5322,0,,0.063,
283628,0.587,5324,0,,0.063,
283628,0.809,5326,0,,0.063,
283628,0.951,5328,0,,0.063,
283628,1,5330,0,,0.063,
283628,0.951,5332,0,0,0.063,0
283628,0.809,5334,0,,0.063,
283628,0.587,5336,0,,0.063,
283628,0.309,5338,0,,0.063,
283628,0,5340,0,,0.063,
283628,-0.309,5342,0,,0.063,
283628,-0.587,5344,0,,0.063,
283628,-0.809,5346,0,,0.063,
283628,-0.951,5348,0,,0.063,
283628,-1,5350,0,,0.063,
283628,-0.951,5352,0,0,0.063,0
283628,-0.809,5354,0,,0.063,
283628,-0.587,5356,0,,0.063,
283628,-0.309,5358,0,,0.063,
283628,0,5360,0,,0.063,
283628,0.309,5362,0,,0.063,
283628,0.587,5364,0,,0.063,
283628,0.809,5366,0,,0.063,
283628,0.951,5368,0,,0.063,
283628,1,5370,0,,0.063,
283628,0.951,5372,0,0,0.063,0
283628,0.809,5374,0,,0.063,
283628,0.587,5376,0,,0.063,
283628,0.309,5378,0,,0.063,
283628,0,5380,0,,0.063,
283628,-0.309,5382,0,,0.063,
283628,-0.587,5384,0,,0.063,
283628,-0.809,5386,0,,0.063,
283628,-0.951,5388,0,,0.063,
283628,-1,5390,0,,0.063,
283628,-0.951,5392,0,0,0.063,0
283628,-0.809,5394,0,,0.063,
283628,-0.587,5396,0,,0.063,
283628,-0.309,5398,0,,0.063,
283628,0,5400,0,,0.063,
283628,0.309,5402,0,,0.063,
283628,0.587,5404,0,,0.063,
283628,0.809,5406,0,,0.063,
283628,0.951,5408,0,,0.063,
283628,1,5410,0,,0.063,
283628,0.951,5412,0,0,0.063,0
283628,0.809,5414,0,,0.063,
283628,0.587,5416,0,,0.063,
283628,0.309,5418,0,,0.063,
283628,0,5420,0,,0.063,
283628,-0.309,5422,0,,0.063,
283628,-0.587,5424,0,,0.063,
283628,-0.809,5426,0,,0.063,
283628,-0.951,5428,0,,0.063,
283628,-1,5430,0,,0.063,
283628,-0.951,5432,0,0,0.063,0
283628,-0.809,5434,0,,0.063,
283628,-0.587,5436,0,,0.063,
283628,-0.309,5438,0,,0.063,
283628,0,5440,0,,0.063,
283628,0.309,5442,0,,0.063,
283628,0.587,5444,0,,0.063,
283628,0.809,5446,0,,0.063,
283628,0.951,5448,0,,0.063,
283628,1,5450,0,,0.063,
283628,0.951,5452,0,0,0.063,0
283628,0.809,5454,0,,0.063,
283628,0.587,5456,0,,0.063,
283628,0.309,5458,0,,0.063,
283628,0,5460,0,,0.063,
283628,-0.309,5462,0,,0.063,
283628,-0.587,5464,0,,0.063,
283628,-0.809,5466,0,,0.063,
283628,-0.951,5468,0,,0.063,
283628,-1,5470,0,,0.063,
283628,-0.951,5472,0,0,0.063,0
283628,-0.809,5474,0,,0.063,
283628,-0.587,5476,0,,0.063,
283628,-0.309,5478,0,,0.063,
283628,0,5480,0,,0.063,
283628,0.309,5482,0,,0.063,
283628,0.587,5484,0,,0.063,
283628,0.809,5486,0,,0.063,
283628,0.951,5488,0,,0.063,
283628,1,5490,0,,0.063,
283628,0.951,5492,0,0,0.063,0
283628,0.809,5494,0,,0.063,
283628,0.587,5496,0,,0.063,
283628,0.309,5498,0,,0.063,
283628,0,5500,0,,0.063,
283628,-0.309,5502,0,,0.063,
283628,-0.587,5504,0,,0.063,
283628,-0.809,5506,0,,0.063,
283628,-0.951,5508,0,,0.063,
283628,-1,5510,0,,0.063,
283628,-0.951,5512,0,0,0.063,0
283628,-0.809,5514,0,,0.063,
283628,-0.587,5516,0,,0.063,
283628,-0.309,5518,0,,0.063,
283628,0,5520,0,,0.063,
283628,0.309,5522,0,,0.063,
283628,0.587,5524,0,,0.063,
283628,0.809,5526,0,,0.063,
283628,0.951,5528,0,,0.063,
283628,1,5530,0,,0.063,
283628,0.951,5532,0,0,0.063,0
283628,0.809,5534,0,,0.063,
283628,0.587,5536,0,,0.063,
283628,0.309,5538,0,,0.063,
283628,0,5540,0,,0.063,
283628,-0.309,5542,0,,0.063,
283628,-0.587,5544,0,,0.063,
283628,-0.809,5546,0,,0.063,
283628,-0.951,5548,0,,0.063,
283628,-1,5550,0,,0.063,
283628,-0.951,5552,0,0,0.063,0
283628,-0.809,5554,0,,0.063,
283628,-0.587,5556,0,,0.063,
283628,-0.309,5558,0,,0.063,
283628,0,5560,0,,0.063,
283628,0.309,5562,0,,0.063,
283628,0.587,5564,0,,0.063,
283628,0.809,5566,0,,0.063,
283628,0.951,5568,0,,0.063,
283628,1,5570,0,,0.063,
283628,0.951,5572,0,0,0.063,0
283628,0.809,5574,0,,0.063,
283628,0.587,5576,0,,0.063,
283628,0.309,5578,0,,0.063,
283628,0,5580,0,,0.063,
283628,-0.309,5582,0,,0.063,
283628,-0.587,5584,0,,0.063,
283628,-0.809,5586,0,,0.063,
283628,-0.951,5588,0,,0.063,
283628,-1,5590,0,,0.063,
283628,-0.951,5592,0,0,0.063,0
283628,-0.809,5594,0,,0.063,
283628,-0.587,5596,0,,0.063,
283628,-0.309,5598,0,,0.063,
283628,0,5600,0,,0.063,
283628,0.309,5602,0,,0.063,
283628,0.587,5604,0,,0.063,
283628,0.809,5606,0,,0.063,
283628,0.951,5608,0,,0.063,
283628,1,5610,0,,0.063,
283628,0.951,5612,0,0,0.063,0
283628,0.809,5614,0,,0.063,
283628,0.587,5616,0,,0.063,
283628,0.309,5618,0,,0.063,
283628,0,5620,0,,0.063,
283628,-0.309,5622,0,,0.063,
283628,-0.587,5624,0,,0.063,
283628,-0.809,5626,0,,0.063,
283628,-0.951,5628,0,,0.063,
283628,-1,5630,0,,0.063,
283628,-0.951,5632,0,0,0.063,0
283628,-0.809,5634,0,,0.063,
283628,-0.587,5636,0,,0.063,
283628,-0.309,5638,0,,0.063,
283628,0,5640,0,,0.063,
283628,0.309,5642,0,,0.063,
283628,0.587,5644,0,,0.063,
283628,0.809,5646,0,,0.063,
283628,0.951,5648,0,,0.063,
283628,1,5650,0,,0.063,
283628,0.951,5652,0,0,0.063,0
283628,0.809,5654,0,,0.063,
283628,0.587,5656,0,,0.063,
283628,0.309,5658,0,,0.063,
283628,0,5660,0,,0.063,
283628,-0.309,5662,0,,0.063,
283628,-0.587,5664,0,,0.063,
283628,-0.809,5666,0,,0.063,
283628,-0.951,5668,0,,0.063,
283628,-1,5670,0,,0.063,
283628,-0.951,5672,0,0,0.063,0
283628,-0.809,5674,0,,0.063,
283628,-0.587,5676,0,,0.063,
283628,-0.309,5678,0,,0.063,
283628,0,5680,0,,0.063,
283628,0.309,5682,0,,0.063,
283628,0.587,5684,0,,0.063,
283628,0.809,5686,0,,0.063,
283628,0.951,5688,0,,0.063,
283628,1,5690,0,,0.063,
283628,0.951,5692,0,0,0.063,0
283628,0.809,5694,0,,0.063,
283628,0.587,5696,0,,0.063,
283628,0.309,5698,0,,0.063,
283628,0,5700,0,,0.063,
283628,-0.309,5702,0,,0.063,
283628,-0.587,5704,0,,0.063,
283628,-0.809,5706,0,,0.063,
283628,-0.951,5708,0,,0.063,
283628,-1,5710,0,,0.063,
283628,-0.951,5712,0,0,0.063,0
283628,-0.809,5714,0,,0.063,
283628,-0.587,5716,0,,0.063,
283628,-0.309,5718,0,,0.063,
283628,0,5720,0,,0.063,
283628,0.309,5722,0,,0.063,
283628,0.587,5724,0,,0.063,
283628,0.809,5726,0,,0.063,
283628,0.951,5728,0,,0.063,
283628,1,5730,0,,0.063,
283628,0.951,5732,0,0,0.063,0
283628,0.809,5734,0,,0.063,
283628,0.587,5736,0,,0.063,
283628,0.309,5738,0,,0.063,
283628,0,5740,0,,0.063,
283628,-0.309,5742,0,,0.063,
283628,-0.587,5744,0,,0.063,
283628,-0.809,5746,0,,0.063,
283628,-0.951,5748,0,,0.063,
283628,-1,5750,0,,0.063,
283628,-0.951,5752,0,0,0.063,0
283628,-0.809,5754,0,,0.063,
283628,-0.587,5756,0,,0.063,
283628,-0.309,5758,0,,0.063,
283628,0,5760,0,,0.063,
283628,0.309,5762,0,,0.063,
283628,0.587,5764,0,,0.063,
283628,0.809,5766,0,,0.063,
283628,0.951,5768,0,,0.063,
283628,1,5770,0,,0.063,
283628,0.951,5772,0,0,0.063,0
283628,0.809,5774,0,,0.063,
283628,0.587,5776,0,,0.063,
283628,0.309,5778,0,,0.063,
283628,0,5780,0,,0.063,
283628,-0.309,5782,0,,0.063,
283628,-0.587,5784,0,,0.063,
283628,-0.809,5786,0,,0.063,
283628,-0.951,5788,0,,0.063,
283628,-1,5790,0,,0.063,
283628,-0.951,5792,0,0,0.063,0
283628,-0.809,5794,0,,0.063,
283628,-0.587,5796,0,,0.063,
283628,-0.309,5798,0,,0.063,
283628,0,5800,0,,0.063,
283628,0.309,5802,0,,0.063,
283628,0.587,5804,0,,0.063,
283628,0.809,5806,0,,0.063,
283628,0.951,5808,0,,0.063,
283628,1,5810,0,,0.063,
283628,0.951,5812,0,0,0.063,0
283628,0.809,5814,0,,0.063,
283628,0.587,5816,0,,0.063,
283628,0.309,5818,0,,0.063,
283628,0,5820,0,,0.063,
283628,-0.309,5822,0,,0.063,
283628,-0.587,5824,0,,0.063,
283628,-0.809,5826,0,,0.063,
283628,-0.951,5828,0,,0.063,
283628,-1,5830,0,,0.063,
283628,-0.951,5832,0,0,0.063,0
283628,-0.809,5834,0,,0.063,
283628,-0.587,5836,0,,0.063,
283628,-0.309,5838,0,,0.063,
283628,0,5840,0,,0.063,
283628,0.309,5842,0,,0.063,
283628,0.587,5844,0,,0.063,
283628,0.809,5846,0,,0.063,
283628,0.951,5848,0,,0.063,
283628,1,5850,0,,0.063,
283628,0.951,5852,0,0,0.063,0
283628,0.809,5854,0,,0.063,
283628,0.587,5856,0,,0.063,
283628,0.309,5858,0,,0.063,
283628,0,5860,0,,0.063,
283628,-0.309,5862,0,,0.063,
283628,-0.587,5864,0,,0.063,
283628,-0.809,5866,0,,0.063,
283628,-0.951,5868,0,,0.063,
283628,-1,5870,0,,0.063,
283628,-0.951,5872,0,0,0.063,0
283628,-0.809,5874,0,,0.063,
283628,-0.587,5876,0,,0.063,
283628,-0.309,5878,0,,0.063,
283628,0,5880,0,,0.063,
283628,0.309,5882,0,,0.063,
283628,0.587,5884,0,,0.063,
283628,0.809,5886,0,,0.063,
283628,0.951,5888,0,,0.063,
283628,1,5890,0,,0.063,
283628,0.951,5892,0,0,0.063,0
283628,0.809,5894,0,,0.063,
283628,0.587,5896,0,,0.063,
283628,0.309,5898,0,,0.063,
283628,0,5900,0,,0.063,
283628,-0.309,5902,0,,0.063,
283628,-0.587,5904,0,,0.063,
283628,-0.809,5906,0,,0.063,
283628,-0.951,5908,0,,0.063,
283628,-1,5910,0,,0.063,
283628,-0.951,5912,0,0,0.063,0
283628,-0.809,5914,0,,0.063,
283628,-0.587,5916,0,,0.063,
283628,-0.309,5918,0,,0.063,
283628,0,5920,0,,0.063,
283628,0.309,5922,0,,0.063,
283628,0.587,5924,0,,0.063,
283628,0.809,5926,0,,0.063,
283628,0.951,5928,0,,0.063,
283628,1,5930,0,,0.063,
283628,0.951,5932,0,0,0.063,0
283628,0.809,5934,0,,0.063,
283628,0.587,5936,0,,0.063,
283628,0.309,5938,0,,0.063,
283628,0,5940,0,,0.063,
283628,-0.309,5942,0,,0.063,
283628,-0.587,5944,0,,0.063,
283628,-0.809,5946,0,,0.063,
283628,-0.951,5948,0,,0.063,
283628,-1,5950,0,,0.063,
283628,-0.951,5952,0,0,0.063,0
283628,-0.809,5954,0,,0.063,
283628,-0.587,5956,0,,0.063,
283628,-0.309,5958,0,,0.063,
283628,0,5960,0,,0.063,
283628,0.309,5962,0,,0.063,
283628,0.587,5964,0,,0.063,
283628,0.809,5966,0,,0.063,
283628,0.951,5968,0,,0.063,
283628,1,5970,0,,0.063,
283628,0.951,5972,0,0,0.063,0
283628,0.809,5974,0,,0.063,
283628,0.587,5976,0,,0.063,
283628,0.309,5978,0,,0.063,
283628,0,5980,0,,0.063,
283628,-0.309,5982,0,,0.063,
283628,-0.587,5984,0,,0.063,
283628,-0.809,5986,0,,0.063,
283628,-0.951,5988,0,,0.063,
283628,-1,5990,0,,0.063,
283628,-0.951,5992,0,0,0.063,0
283628,-0.809,5994,0,,0.063,
283628,-0.587,5996,0,,0.063,
283628,-0.309,5998,0,,0.063,
283628,0,6000,0,,0.063,
283628,0.309,6002,0,,0.063,
283628,0.587,6004,0,,0.063,
283628,0.809,6006,0,,0.063,
283628,0.951,6008,0,,0.063,
283628,1,6010,0,,0.063,
283628,0.951,6012,0,0,0.063,0
283628,0.809,6014,0,,0.063,
283628,0.587,6016,0,,0.063,
283628,0.309,6018,0,,0.063,
283628,0,6020,0,,0.063,
283628,-0.309,6022,0,,0.063,
283628,-0.587,6024,0,,0.063,
283628,-0.809,6026,0,,0.063,
283628,-0.951,6028,0,,0.063,
283628,-1,6030,0,,0.063,
283628,-0.951,6032,0,0,0.063,0
283628,-0.809,6034,0,,0.063,
283628,-0.587,6036,0,,0.063,
283628,-0.309,6038,0,,0.063,
283628,0,6040,0,,0.063,
283628,0.309,6042,0,,0.063,
283628,0.587,6044,0,,0.063,
283628,0.809,6046,0,,0.063,
283628,0.951,6048,0,,0.063,
283628,1,6050,0,,0.063,
283628,0.951,6052,0,0,0.063,0
283628,0.809,6054,0,,0.063,
283628,0.587,6056,0,,0.063,
283628,0.309,6058,0,,0.063,
283628,0,6060,0,,0.063,
283628,-0.309,6062,0,,0.063,
283628,-0.587,6064,0,,0.063,
283628,-0.809,6066,0,,0.063,
283628,-0.951,6068,0,,0.063,
283628,-1,6070,0,,0.063,
283628,-0.951,6072,0,0,0.063,0
283628,-0.809,6074,0,,0.063,
283628,-0.587,6076,0,,0.063,
283628,-0.309,6078,0,,0.063,
283628,0,6080,0,,0.063,
283628,0.309,6082,0,,0.063,
283628,0.587,6084,0,,0.063,
283628,0.809,6086,0,,0.063,
283628,0.951,6088,0,,0.063,
283628,1,6090,0,,0.063,
283628,0.951,6092,0,0,0.063,0
283628,0.809,6094,0,,0.063,
283628,0.587,6096,0,,0.063,
283628,0.309,6098,0,,0.063,
283628,0,6100,0,,0.063,
283628,-0.309,6102,0,,0.063,
283628,-0.587,6104,0,,0.063,
283628,-0.809,6106,0,,0.063,
283628,-0.951,6108,0,,0.063,
283628,-1,6110,0,,0.063,
283628,-0.951,6112,0,0,0.063,0
283628,-0.809,6114,0,,0.063,
283628,-0.587,6116,0,,0.063,
283628,-0.309,6118,0,,0.063,
283628,0,6120,0,,0.063,
283628,0.309,6122,0,,0.063,
283628,0.587,6124,0,,0.063,
283628,0.809,6126,0,,0.063,
283628,0.951,6128,0,,0.063,
283628,1,6130,0,,0.063,
283628,0.951,6132,0,0,0.063,0
283628,0.809,6134,0,,0.063,
283628,0.587,6136,0,,0.063,
283628,0.309,6138,0,,0.063,
283628,0,6140,0,,0.063,
283628,-0.309,6142,0,,0.063,
283628,-0.587,6144,0,,0.063,
283628,-0.809,6146,0,,0.063,
283628,-0.951,6148,0,,0.063,
283628,-1,6150,0,,0.063,
283628,-0.951,6152,0,0,0.063,0
283628,-0.809,6154,0,,0.063,
283628,-0.587,6156,0,,0.063,
283628,-0.309,6158,0,,0.063,
283628,0,6160,0,,0.063,
283628,0.309,6162,0,,0.063,
283628,0.587,6164,0,,0.063,
283628,0.809,6166,0,,0.063,
283628,0.951,6168,0,,0.063,
283628,1,6170,0,,0.063,
283628,0.951,6172,0,0,0.063,0
283628,0.809,6174,0,,0.063,
283628,0.587,6176,0,,0.063,
283628,0.309,6178,0,,0.063,
283628,0,6180,0,,0.063,
283628,-0.309,6182,0,,0.063,
283628,-0.587,6184,0,,0.063,
283628,-0.809,6186,0,,0.063,
283628,-0.951,6188,0,,0.063,
283628,-1,6190,0,,0.063,
283628,-0.951,6192,0,0,0.063,0
283628,-0.809,6194,0,,0.063,
283628,-0.587,6196,0,,0.063,
283628,-0.309,6198,0,,0.063,
283628,0,6200,0,,0.063,
283628,0.309,6202,0,,0.063,
283628,0.587,6204,0,,0.063,
283628,0.809,6206,0,,0.063,
283628,0.951,6208,0,,0.063,
283628,1,6210,0,,0.063,
283628,0.951,6212,0,0,0.063,0
283628,0.809,6214,0,,0.063,
283628,0.587,6216,0,,0.063,
283628,0.309,6218,0,,0.063,
283628,0,6220,0,,0.063,
283628,-0.309,6222,0,,0.063,
283628,-0.587,6224,0,,0.063,
283628,-0.809,6226,0,,0.063,
283628,-0.951,6228,0,,0.063,
283628,-1,6230,0,,0.063,
283628,-0.951,6232,0,0,0.063,0
283628,-0.809,6234,0,,0.063,
283628,-0.587,6236,0,,0.063,
283628,-0.309,6238,0,,0.063,
283628,0,6240,0,,0.063,
283628,0.309,6242,0,,0.063,
283628,0.587,6244,0,,0.063,
283628,0.809,6246,0,,0.063,
283628,0.951,6248,0,,0.063,
283628,1,6250,0,,0.063,
283628,0.951,6252,0,0,0.063,0
283628,0.809,6254,0,,0.063,
283628,0.587,6256,0,,0.063,
283628,0.309,6258,0,,0.063,
283628,0,6260,0,,0.063,
283628,-0.309,6262,0,,0.063,
283628,-0.587,6264,0,,0.063,
283628,-0.809,6266,0,,0.063,
283628,-0.951,6268,0,,0.063,
283628,-1,6270,0,,0.063,
283628,-0.951,6272,0,0,0.063,0
283628,-0.809,6274,0,,0.063,
283628,-0.587,6276,0,,0.063,
283628,-0.309,6278,0,,0.063,
283628,0,6280,0,,0.063,
283628,0.309,6282,0,,0.063,
283628,0.587,6284,0,,0.063,
283628,0.809,6286,0,,0.063,
283628,0.951,6288,0,,0.063,
283628,1,6290,0,,0.063,
283628,0.951,6292,0,0,0.063,0
283628,0.809,6294,0,,0.063,
283628,0.587,6296,0,,0.063,
283628,0.309,6298,0,,0.063,
283628,0,6300,0,,0.063,
283628,-0.309,6302,0,,0.063,
283628,-0.587,6304,0,,0.063,
283628,-0.809,6306,0,,0.063,
283628,-0.951,6308,0,,0.063,
283628,-1,6310,0,,0.063,
283628,-0.951,6312,0,0,0.063,0
283628,-0.809,6314,0,,0.063,
283628,-0.587,6316,0,,0.063,
283628,-0.309,6318,0,,0.063,
283628,0,6320,0,,0.063,
283628,0.309,6322,0,,0.063,
283628,0.587,6324,0,,0.063,
283628,0.809,6326,0,,0.063,
283628,0.951,6328,0,,0.063,
283628,1,6330,0,,0.063,
283628,0.951,6332,0,0,0.063,0
283628,0.809,6334,0,,0.063,
283628,0.587,6336,0,,0.063,
283628,0.309,6338,0,,0.063,
283628,0,6340,0,,0.063,
283628,-0.309,6342,0,,0.063,
283628,-0.587,6344,0,,0.063,
283628,-0.809,6346,0,,0.063,
283628,-0.951,6348,0,,0.063,
283628,-1,6350,0,,0.063,
283628,-0.951,6352,0,0,0.063,0
283628,-0.809,6354,0,,0.063,
283628,-0.587,6356,0,,0.063,
283628,-0.309,6358,0,,0.063,
283628,0,6360,0,,0.063,
283628,0.309,6362,0,,0.063,
283628,0.587,6364,0,,0.063,
283628,0.809,6366,0,,0.063,
283628,0.951,6368,0,,0.063,
283628,1,6370,0,,0.063,
283628,0.951,6372,0,0,0.063,0
283628,0.809,6374,0,,0.063,
283628,0.587,6376,0,,0.063,
283628,0.309,6378,0,,0.063,
283628,0,6380,0,,0.063,
283628,-0.309,6382,0,,0.063,
283628,-0.587,6384,0,,0.063,
283628,-0.809,6386,0,,0.063,
283628,-0.951,6388,0,,0.063,
283628,-1,6390,0,,0.063,
283628,-0.951,6392,0,0,0.063,0
283628,-0.809,6394,0,,0.063,
283628,-0.587,6396,0,,0.063,
283628,-0.309,6398,0,,0.063,
283628,0,6400,0,,0.063,
283628,0.309,6402,0,,0.063,
283628,0.587,6404,0,,0.063,
283628,0.809,6406,0,,0.063,
283628,0.951,6408,0,,0.063,
283628,1,6410,0,,0.063,
283628,0.951,6412,0,0,0.063,0
283628,0.809,6414,0,,0.063,
283628,0.587,6416,0,,0.063,
283628,0.309,6418,0,,0.063,
283628,0,6420,0,,0.063,
283628,-0.309,6422,0,,0.063,
283628,-0.587,6424,0,,0.063,
283628,-0.809,6426,0,,0.063,
283628,-0.951,6428,0,,0.063,
283628,-1,6430,0,,0.063,
283628,-0.951,6432,0,0,0.063,0
283628,-0.809,6434,0,,0.063,
283628,-0.587,6436,0,,0.063,
283628,-0.309,6438,0,,0.063,
283628,0,6440,0,,0.063,
283628,0.309,6442,0,,0.063,
283628,0.587,6444,0,,0.063,
283628,0.809,6446,0,,0.063,
283628,0.951,6448,0,,0.063,
283628,1,6450,0,,0.063,
283628,0.951,6452,0,0,0.063,0
283628,0.809,6454,0,,0.063,
283628,0.587,6456,0,,0.063,
283628,0.309,6458,0,,0.063,
283628,0,6460,0,,0.063,
283628,-0.309,6462,0,,0.063,
283628,-0.587,6464,0,,0.063,
283628,-0.809,6466,0,,0.063,
283628,-0.951,6468,0,,0.063,
283628,-1,6470,0,,0.063,
283628,-0.951,6472,0,0,0.063,0
283628,-0.809,6474,0,,0.063,
283628,-0.587,6476,0,,0.063,
283628,-0.309,6478,0,,0.063,
283628,0,6480,0,,0.063,
283628,0.309,6482,0,,0.063,
283628,0.587,6484,0,,0.063,
283628,0.809,6486,0,,0.063,
283628,0.951,6488,0,,0.063,
283628,1,6490,0,,0.063,
283628,0.951,6492,0,0,0.063,0
283628,0.809,6494,0,,0.063,
283628,0.587,6496,0,,0.063,
283628,0.309,6498,0,,0.063,
283628,0,6500,0,,0.063,
283628,-0.309,6502,0,,0.063,
283628,-0.587,6504,0,,0.063,
283628,-0.809,6506,0,,0.063,
283628,-0.951,6508,0,,0.063,
283628,-1,6510,0,,0.063,
283628,-0.951,6512,0,0,0.063,0
283628,-0.809,6514,0,,0.063,
283628,-0.587,6516,0,,0.063,
283628,-0.309,6518,0,,0.063,
283628,0,6520,0,,0.063,
283628,0.309,6522,0,,0.063,
283628,0.587,6524,0,,0.063,
283628,0.809,6526,0,,0.063,
283628,0.951,6528,0,,0.063,
283628,1,6530,0,,0.063,
283628,0.951,6532,0,0,0.063,0
283628,0.809,6534,0,,0.063,
283628,0.587,6536,0,,0.063,
283628,0.309,6538,0,,0.063,
283628,0,6540,0,,0.063,
283628,-0.309,6542,0,,0.063,
283628,-0.587,6544,0,,0.063,
283628,-0.809,6546,0,,0.063,
283628,-0.951,6548,0,,0.063,
283628,-1,6550,0,,0.063,
283628,-0.951,6552,0,0,0.063,0
283628,-0.809,6554,0,,0.063,
283628,-0.587,6556,0,,0.063,
283628,-0.309,6558,0,,0.063,
283628,0,6560,0,,0.063,
283628,0.309,6562,0,,0.063,
283628,0.587,6564,0,,0.063,
283628,0.809,6566,0,,0.063,
283628,0.951,6568,0,,0.063,
283628,1,6570,0,,0.063,
283628,0.951,6572,0,0,0.063,0
283628,0.809,6574,0,,0.063,
283628,0.587,6576,0,,0.063,
283628,0.309,6578,0,,0.063,
283628,0,6580,0,,0.063,
283628,-0.309,6582,0,,0.063,
283628,-0.587,6584,0,,0.063,
283628,-0.809,6586,0,,0.063,
283628,-0.951,6588,0,,0.063,
283628,-1,6590,0,,0.063,
283628,-0.951,6592,0,0,0.063,0
283628,-0.809,6594,0,,0.063,
283628,-0.587,6596,0,,0.063,
283628,-0.309,6598,0,,0.063,
283628,0,6600,0,,0.063,
283628,0.309,6602,0,,0.063,
283628,0.587,6604,0,,0.063,
283628,0.809,6606,0,,0.063,
283628,0.951,6608,0,,0.063,
283628,1,6610,0,,0.063,
283628,0.951,6612,0,0,0.063,0
283628,0.809,6614,0,,0.063,
283628,0.587,6616,0,,0.063,
283628,0.309,6618,0,,0.063,
283628,0,6620,0,,0.063,
283628,-0.309,6622,0,,0.063,
283628,-0.587,6624,0,,0.063,
283628,-0.809,6626,0,,0.063,
283628,-0.951,6628,0,,0.063,
283628,-1,6630,0,,0.063,
283628,-0.951,6632,0,0,0.063,0
283628,-0.809,6634,0,,0.063,
283628,-0.587,6636,0,,0.063,
283628,-0.309,6638,0,,0.063,
283628,0,6640,0,,0.063,
283628,0.309,6642,0,,0.063,
283628,0.587,6644,0,,0.063,
283628,0.809,6646,0,,0.063,
283628,0.951,6648,0,,0.063,
283628,1,6650,0,,0.063,
283628,0.951,6652,0,0,0.063,0
283628,0.809,6654,0,,0.063,
283628,0.587,6656,0,,0.063,
283628,0.309,6658,0,,0.063,
283628,0,6660,0,,0.063,
283628,-0.309,6662,0,,0.063,
283628,-0.587,6664,0,,0.063,
283628,-0.809,6666,0,,0.063,
283628,-0.951,6668,0,,0.063,
283628,-1,6670,0,,0.063,
283628,-0.951,6672,0,0,0.063,0
283628,-0.809,6674,0,,0.063,
283628,-0.587,6676,0,,0.063,
283628,-0.309,6678,0,,0.063,
283628,0,6680,0,,0.063,
283628,0.309,6682,0,,0.063,
283628,0.587,6684,0,,0.063,
283628,0.809,6686,0,,0.063,
283628,0.951,6688,0,,0.063,
283628,1,6690,0,,0.063,
283628,0.951,6692,0,0,0.063,0
283628,0.809,6694,0,,0.063,
283628,0.587,6696,0,,0.063,
283628,0.309,6698,0,,0.063,
283628,0,6700,0,,0.063,
283628,-0.309,6702,0,,0.063,
283628,-0.587,6704,0,,0.063,
283628,-0.809,6706,0,,0.063,
283628,-0.951,6708,0,,0.063,
283628,-1,6710,0,,0.063,
283628,-0.951,6712,0,0,0.063,0
283628,-0.809,6714,0,,0.063,
283628,-0.587,6716,0,,0.063,
283628,-0.309,6718,0,,0.063,
283628,0,6720,0,,0.063,
283628,0.309,6722,0,,0.063,
283628,0.587,6724,0,,0.063,
283628,0.809,6726,0,,0.063,
283628,0.951,6728,0,,0.063,
283628,1,6730,0,,0.063,
283628,0.951,6732,0,0,0.063,0
283628,0.809,6734,0,,0.063,
283628,0.587,6736,0,,0.063,
283628,0.309,6738,0,,0.063,
283628,0,6740,0,,0.063,
283628,-0.309,6742,0,,0.063,
283628,-0.587,6744,0,,0.063,
283628,-0.809,6746,0,,0.063,
283628,-0.951,6748,0,,0.063,
283628,-1,6750,0,,0.063,
283628,-0.951,6752,0,0,0.063,0
283628,-0.809,6754,0,,0.063,
283628,-0.587,6756,0,,0.063,
283628,-0.309,6758,0,,0.063,
283628,0,6760,0,,0.063,
283628,0.309,6762,0,,0.063,
283628,0.587,6764,0,,0.063,
283628,0.809,6766,0,,0.063,
283628,0.951,6768,0,,0.063,
283628,1,6770,0,,0.063,
283628,0.951,6772,0,0,0.063,0
283628,0.809,6774,0,,0.063,
283628,0.587,6776,0,,0.063,
283628,0.309,6778,0,,0.063,
283628,0,6780,0,,0.063,
283628,-0.309,6782,0,,0.063,
283628,-0.587,6784,0,,0.063,
283628,-0.809,6786,0,,0.063,
283628,-0.951,6788,0,,0.063,
283628,-1,6790,0,,0.063,
283628,-0.951,6792,0,0,0.063,0
283628,-0.809,6794,0,,0.063,
283628,-0.587,6796,0,,0.063,
283628,-0.309,6798,0,,0.063,
283628,0,6800,0,,0.063,
283628,0.309,6802,0,,0.063,
283628,0.587,6804,0,,0.063,
283628,0.809,6806,0,,0.063,
283628,0.951,6808,0,,0.063,
283628,1,6810,0,,0.063,
283628,0.951,6812,0,0,0.063,0
283628,0.809,6814,0,,0.063,
283628,0.587,6816,0,,0.063,
283628,0.309,6818,0,,0.063,
283628,0,6820,0,,0.063,
283628,-0.309,6822,0,,0.063,
283628,-0.587,6824,0,,0.063,
283628,-0.809,6826,0,,0.063,
283628,-0.951,6828,0,,0.063,
283628,-1,6830,0,,0.063,
283628,-0.951,6832,0,0,0.063,0
283628,-0.809,6834,0,,0.063,
283628,-0.587,6836,0,,0.063,
283628,-0.309,6838,0,,0.063,
283628,0,6840,0,,0.063,
283628,0.309,6842,0,,0.063,
283628,0.587,6844,0,,0.063,
283628,0.809,6846,0,,0.063,
283628,0.951,6848,0,,0.063,
283628,1,6850,0,,0.063,
283628,0.951,6852,0,0,0.063,0
283628,0.809,6854,0,,0.063,
283628,0.587,6856,0,,0.063,
283628,0.309,6858,0,,0.063,
283628,0,6860,0,,0.063,
283628,-0.309,6862,0,,0.063,
283628,-0.587,6864,0,,0.063,
283628,-0.809,6866,0,,0.063,
283628,-0.951,6868,0,,0.063,
283628,-1,6870,0,,0.063,
283628,-0.951,6872,0,0,0.063,0
283628,-0.809,6874,0,,0.063,
283628,-0.587,6876,0,,0.063,
283628,-0.309,6878,0,,0.063,
283628,0,6880,0,,0.063,
283628,0.309,6882,0,,0.063,
283628,0.587,6884,0,,0.063,
283628,0.809,6886,0,,0.063,
283628,0.951,6888,0,,0.063,
283628,1,6890,0,,0.063,
283628,0.951,6892,0,0,0.063,0
283628,0.809,6894,0,,0.063,
283628,0.587,6896,0,,0.063,
283628,0.309,6898,0,,0.063,
283628,0,6900,0,,0.063,
283628,-0.309,6902,0,,0.063,
283628,-0.587,6904,0,,0.063,
283628,-0.809,6906,0,,0.063,
283628,-0.951,6908,0,,0.063,
283628,-1,6910,0,,0.063,
283628,-0.951,6912,0,0,0.063,0
283628,-0.809,6914,0,,0.063,
283628,-0.587,6916,0,,0.063,
283628,-0.309,6918,0,,0.063,
283628,0,6920,0,,0.063,
283628,0.309,6922,0,,0.063,
283628,0.587,6924,0,,0.063,
283628,0.809,6926,0,,0.063,
283628,0.951,6928,0,,0.063,
283628,1,6930,0,,0.063,
283628,0.951,6932,0,0,0.063,0
283628,0.809,6934,0,,0.063,
283628,0.587,6936,0,,0.063,
283628,0.309,6938,0,,0.063,
283628,0,6940,0,,0.063,
283628,-0.309,6942,0,,0.063,
283628,-0.587,6944,0,,0.063,
283628,-0.809,6946,0,,0.063,
283628,-0.951,6948,0,,0.063,
283628,-1,6950,0,,0.063,
283628,-0.951,6952,0,0,0.063,0
283628,-0.809,6954,0,,0.063,
283628,-0.587,6956,0,,0.063,
283628,-0.309,6958,0,,0.063,
283628,0,6960,0,,0.063,
283628,0.309,6962,0,,0.063,
283628,0.587,6964,0,,0.063,
283628,0.809,6966,0,,0.063,
283628,0.951,6968,0,,0.063,
283628,1,6970,0,,0.063,
283628,0.951,6972,0,0,0.063,0
283628,0.809,6974,0,,0.063,
283628,0.587,6976,0,,0.063,
283628,0.309,6978,0,,0.063,
283628,0,6980,0,,0.063,
283628,-0.309,6982,0,,0.063,
283628,-0.587,6984,0,,0.063,
283628,-0.809,6986,0,,0.063,
283628,-0.951,6988,0,,0.063,
283628,-1,6990,0,,0.063,
283628,-0.951,6992,0,0,0.063,0
283628,-0.809,6994,0,,0.063,
283628,-0.587,6996,0,,0.063,
283628,-0.309,6998,0,,0.063,
283628,0,7000,0,,0.063,
283628,0.309,7002,0,,0.063,
283628,0.587,7004,0,,0.063,
283628,0.809,7006,0,,0.063,
283628,0.951,7008,0,,0.063,
283628,1,7010,0,,0.063,
283628,0.951,7012,0,0,0.063,0
283628,0.809,7014,0,,0.063,
283628,0.587,7016,0,,0.063,
283628,0.309,7018,0,,0.063,
283628,0,7020,0,,0.063,
283628,-0.309,7022,0,,0.063,
283628,-0.587,7024,0,,0.063,
283628,-0.809,7026,0,,0.063,
283628,-0.951,7028,0,,0.063,
283628,-1,7030,0,,0.063,
283628,-0.951,7032,0,0,0.063,0
283628,-0.809,7034,0,,0.063,
283628,-0.587,7036,0,,0.063,
283628,-0.309,7038,0,,0.063,
283628,0,7040,0,,0.063,
283628,0.309,7042,0,,0.063,
283628,0.587,7044,0,,0.063,
283628,0.809,7046,0,,0.063,
283628,0.951,7048,0,,0.063,
283628,1,7050,0,,0.063,
283628,0.951,7052,0,0,0.063,0
283628,0.809,7054,0,,0.063,
283628,0.587,7056,0,,0.063,
283628,0.309,7058,0,,0.063,
283628,0,7060,0,,0.063,
283628,-0.309,7062,0,,0.063,
283628,-0.587,7064,0,,0.063,
283628,-0.809,7066,0,,0.063,
283628,-0.951,7068,0,,0.063,
283628,-1,7070,0,,0.063,
283628,-0.951,7072,0,0,0.063,0
283628,-0.809,7074,0,,0.063,
283628,-0.587,7076,0,,0.063,
283628,-0.309,7078,0,,0.063,
283628,0,7080,0,,0.063,
283628,0.309,7082,0,,0.063,
283628,0.587,7084,0,,0.063,
283628,0.809,7086,0,,0.063,
283628,0.951,7088,0,,0.063,
283628,1,7090,0,,0.063,
283628,0.951,7092,0,0,0.063,0
283628,0.809,7094,0,,0.063,
283628,0.587,7096,0,,0.063,
283628,0.309,7098,0,,0.063,
283628,0,7100,0,,0.063,
283628,-0.309,7102,0,,0.063,
283628,-0.587,7104,0,,0.063,
283628,-0.809,7106,0,,0.063,
283628,-0.951,7108,0,,0.063,
283628,-1,7110,0,,0.063,
283628,-0.951,7112,0,0,0.063,0
283628,-0.809,7114,0,,0.063,
283628,-0.587,7116,0,,0.063,
283628,-0.309,7118,0,,0.063,
283628,0,7120,0,,0.063,
283628,0.309,7122,0,,0.063,
283628,0.587,7124,0,,0.063,
283628,0.809,7126,0,,0.063,
283628,0.951,7128,0,,0.063,
283628,1,7130,0,,0.063,
283628,0.951,7132,0,0,0.063,0
283628,0.809,7134,0,,0.063,
283628,0.587,7136,0,,0.063,
283628,0.309,7138,0,,0.063,
283628,0,7140,0,,0.063,
283628,-0.309,7142,0,,0.063,
283628,-0.587,7144,0,,0.063,
283628,-0.809,7146,0,,0.063,
283628,-0.951,7148,0,,0.063,
283628,-1,7150,0,,0.063,
283628,-0.951,7152,0,0,0.063,0
283628,-0.809,7154,0,,0.063,
283628,-0.587,7156,0,,0.063,
283628,-0.309,7158,0,,0.063,
283628,0,7160,0,,0.063,
283628,0.309,7162,0,,0.063,
283628,0.587,7164,0,,0.063,
283628,0.809,7166,0,,0.063,
283628,0.951,7168,0,,0.063,
283628,1,7170,0,,0.063,
283628,0.951,7172,0,0,0.063,0
283628,0.809,7174,0,,0.063,
283628,0.587,7176,0,,0.063,
283628,0.309,7178,0,,0.063,
283628,0,7180,0,,0.063,
283628,-0.309,7182,0,,0.063,
283628,-0.587,7184,0,,0.063,
283628,-0.809,7186,0,,0.063,
283628,-0.951,7188,0,,0.063,
283628,-1,7190,0,,0.063,
283628,-0.951,7192,0,0,0.063,0
283628,-0.809,7194,0,,0.063,
283628,-0.587,7196,0,,0.063,
283628,-0.309,7198,0,,0.063,
283628,0,7200,0,,0.063,
283628,0.309,7202,0,,0.063,
283628,0.587,7204,0,,0.063,
283628,0.809,7206,0,,0.063,
283628,0.951,7208,0,,0.063,
283628,1,7210,0,,0.063,
283628,0.951,7212,0,0,0.063,0
283628,0.809,7214,0,,0.063,
283628,0.587,7216,0,,0.063,
283628,0.309,7218,0,,0.063,
283628,0,7220,0,,0.063,
283628,-0.309,7222,0,,0.063,
283628,-0.587,7224,0,,0.063,
283628,-0.809,7226,0,,0.063,
283628,-0.951,7228,0,,0.063,
283628,-1,7230,0,,0.063,
283628,-0.951,7232,0,0,0.063,0
283628,-0.809,7234,0,,0.063,
283628,-0.587,7236,0,,0.063,
283628,-0.309,7238,0,,0.063,
283628,0,7240,0,,0.063,
283628,0.309,7242,0,,0.063,
283628,0.587,7244,0,,0.063,
283628,0.809,7246,0,,0.063,
283628,0.951,7248,0,,0.063,
283628,1,7250,0,,0.063,
283628,0.951,7252,0,0,0.063,0
283628,0.809,7254,0,,0.063,
283628,0.587,7256,0,,0.063,
283628,0.309,7258,0,,0.063,
283628,0,7260,0,,0.063,
283628,-0.309,7262,0,,0.063,
283628,-0.587,7264,0,,0.063,
283628,-0.809,7266,0,,0.063,
283628,-0.951,7268,0,,0.063,
283628,-1,7270,0,,0.063,
283628,-0.951,7272,0,0,0.063,0
283628,-0.809,7274,0,,0.063,
283628,-0.587,7276,0,,0.063,
283628,-0.309,7278,0,,0.063,
283628,0,7280,0,,0.063,
283628,0.309,7282,0,,0.063,
283628,0.587,7284,0,,0.063,
283628,0.809,7286,0,,0.063,
283628,0.951,7288,0,,0.063,
283628,1,7290,0,,0.063,
283628,0.951,7292,0,0,0.063,0
283628,0.809,7294,0,,0.063,
283628,0.587,7296,0,,0.063,
283628,0.309,7298,0,,0.063,
283628,0,7300,0,,0.063,
283628,-0.309,7302,0,,0.063,
283628,-0.587,7304,0,,0.063,
283628,-0.809,7306,0,,0.063,
283628,-0.951,7308,0,,0.063,
283628,-1,7310,0,,0.063,
283628,-0.951,7312,0,0,0.063,0
283628,-0.809,7314,0,,0.063,
283628,-0.587,7316,0,,0.063,
283628,-0.309,7318,0,,0.063,
283628,0,7320,0,,0.063,
283628,0.309,7322,0,,0.063,
283628,0.587,7324,0,,0.063,
283628,0.809,7326,0,,0.063,
283628,0.951,7328,0,,0.063,
283628,1,7330,0,,0.063,
283628,0.951,7332,0,0,0.063,0
283628,0.809,7334,0,,0.063,
283628,0.587,7336,0,,0.063,
283628,0.309,7338,0,,0.063,
283628,0,7340,0,,0.063,
283628,-0.309,7342,0,,0.063,
283628,-0.587,7344,0,,0.063,
283628,-0.809,7346,0,,0.063,
283628,-0.951,7348,0,,0.063,
283628,-1,7350,0,,0.063,
283628,-0.951,7352,0,0,0.063,0
283628,-0.809,7354,0,,0.063,
283628,-0.587,7356,0,,0.063,
283628,-0.309,7358,0,,0.063,
283628,0,7360,0,,0.063,
283628,0.309,7362,0,,0.063,
283628,0.587,7364,0,,0.063,
283628,0.809,7366,0,,0.063,
283628,0.951,7368,0,,0.063,
283628,1,7370,0,,0.063,
283628,0.951,7372,0,0,0.063,0
283628,0.809,7374,0,,0.063,
283628,0.587,7376,0,,0.063,
283628,0.309,7378,0,,0.063,
283628,0,7380,0,,0.063,
283628,-0.309,7382,0,,0.063,
283628,-0.587,7384,0,,0.063,
283628,-0.809,7386,0,,0.063,
283628,-0.951,7388,0,,0.063,
283628,-1,7390,0,,0.063,
283628,-0.951,7392,0,0,0.063,0
283628,-0.809,7394,0,,0.063,
283628,-0.587,7396,0,,0.063,
283628,-0.309,7398,0,,0.063,
283628,0,7400,0,,0.063,
283628,0.309,7402,0,,0.063,
283628,0.587,7404,0,,0.063,
283628,0.809,7406,0,,0.063,
283628,0.951,7408,0,,0.063,
283628,1,7410,0,,0.063,
283628,0.951,7412,0,0,0.063,0
283628,0.809,7414,0,,0.063,
283628,0.587,7416,0,,0.063,
283628,0.309,7418,0,,0.063,
283628,0,7420,0,,0.063,
283628,-0.309,7422,0,,0.063,
283628,-0.587,7424,0,,0.063,
283628,-0.809,7426,0,,0.063,
283628,-0.951,7428,0,,0.063,
283628,-1,7430,0,,0.063,
283628,-0.951,7432,0,0,0.063,0
283628,-0.809,7434,0,,0.063,
283628,-0.587,7436,0,,0.063,
283628,-0.309,7438,0,,0.063,
283628,0,7440,0,,0.063,
283628,0.309,7442,0,,0.063,
283628,0.587,7444,0,,0.063,
283628,0.809,7446,0,,0.063,
283628,0.951,7448,0,,0.063,
283628,1,7450,0,,0.063,
283628,0.951,7452,0,0,0.063,0
283628,0.809,7454,0,,0.063,
283628,0.587,7456,0,,0.063,
283628,0.309,7458,0,,0.063,
283628,0,7460,0,,0.063,
283628,-0.309,7462,0,,0.063,
283628,-0.587,7464,0,,0.063,
283628,-0.809,7466,0,,0.063,
283628,-0.951,7468,0,,0.063,
283628,-1,7470,0,,0.063,
283628,-0.951,7472,0,0,0.063,0
283628,-0.809,7474,0,,0.063,
283628,-0.587,7476,0,,0.063,
283628,-0.309,7478,0,,0.063,
283628,0,7480,0,,0.063,
283628,0.309,7482,0,,0.063,
283628,0.587,7484,0,,0.063,
283628,0.809,7486,0,,0.063,
283628,0.951,7488,0,,0.063,
283628,1,7490,0,,0.063,
283628,0.951,7492,0,0,0.063,0
283628,0.809,7494,0,,0.063,
283628,0.587,7496,0,,0.063,
283628,0.309,7498,0,,0.063,
283628,0,7500,0,,0.063,
283628,-0.309,7502,0,,0.063,
283628,-0.587,7504,0,,0.063,
283628,-0.809,7506,0,,0.063,
283628,-0.951,7508,0,,0.063,
283628,-1,7510,0,,0.063,
283628,-0.951,7512,0,0,0.063,0
283628,-0.809,7514,0,,0.063,
283628,-0.587,7516,0,,0.063,
283628,-0.309,7518,0,,0.063,
283628,0,7520,0,,0.063,
283628,0.309,7522,0,,0.063,
283628,0.587,7524,0,,0.063,
283628,0.809,7526,0,,0.063,
283628,0.951,7528,0,,0.063,
283628,1,7530,0,,0.063,
283628,0.951,7532,0,0,0.063,0
283628,0.809,7534,0,,0.063,
283628,0.587,7536,0,,0.063,
283628,0.309,7538,0,,0.063,
283628,0,7540,0,,0.063,
283628,-0.309,7542,0,,0.063,
283628,-0.587,7544,0,,0.063,
283628,-0.809,7546,0,,0.063,
283628,-0.951,7548,0,,0.063,
283628,-1,7550,0,,0.063,
283628,-0.951,7552,0,0,0.063,0
283628,-0.809,7554,0,,0.063,
283628,-0.587,7556,0,,0.063,
283628,-0.309,7558,0,,0.063,
283628,0,7560,0,,0.063,
283628,0.309,7562,0,,0.063,
283628,0.587,7564,0,,0.063,
283628,0.809,7566,0,,0.063,
283628,0.951,7568,0,,0.063,
283628,1,7570,0,,0.063,
283628,0.951,7572,0,0,0.063,0
283628,0.809,7574,0,,0.063,
283628,0.587,7576,0,,0.063,
283628,0.309,7578,0,,0.063,
283628,0,7580,0,,0.063,
283628,-0.309,7582,0,,0.063,
283628,-0.587,7584,0,,0.063,
283628,-0.809,7586,0,,0.063,
283628,-0.951,7588,0,,0.063,
283628,-1,7590,0,,0.063,
283628,-0.951,7592,0,0,0.063,0
283628,-0.809,7594,0,,0.063,
283628,-0.587,7596,0,,0.063,
283628,-0.309,7598,0,,0.063,
283628,0,7600,0,,0.063,
283628,0.309,7602,0,,0.063,
283628,0.587,7604,0,,0.063,
283628,0.809,7606,0,,0.063,
283628,0.951,7608,0,,0.063,
283628,1,7610,0,,0.063,
283628,0.951,7612,0,0,0.063,0
283628,0.809,7614,0,,0.063,
283628,0.587,7616,0,,0.063,
283628,0.309,7618,0,,0.063,
283628,0,7620,0,,0.063,
283628,-0.309,7622,0,,0.063,
283628,-0.587,7624,0,,0.063,
283628,-0.809,7626,0,,0.063,
283628,-0.951,7628,0,,0.063,
283628,-1,7630,0,,0.063,
283628,-0.951,7632,0,0,0.063,0
283628,-0.809,7634,0,,0.063,
283628,-0.587,7636,0,,0.063,
283628,-0.309,7638,0,,0.063,
283628,0,7640,0,,0.063,
283628,0.309,7642,0,,0.063,
283628,0.587,7644,0,,0.063,
283628,0.809,7646,0,,0.063,
283628,0.951,7648,0,,0.063,
283628,1,7650,0,,0.063,
283628,0.951,7652,0,0,0.063,0
283628,0.809,7654,0,,0.063,
283628,0.587,7656,0,,0.063,
283628,0.309,7658,0,,0.063,
283628,0,7660,0,,0.063,
283628,-0.309,7662,0,,0.063,
283628,-0.587,7664,0,,0.063,
283628,-0.809,7666,0,,0.063,
283628,-0.951,7668,0,,0.063,
283628,-1,7670,0,,0.063,
283628,-0.951,7672,0,0,0.063,0
283628,-0.809,7674,0,,0.063,
283628,-0.587,7676,0,,0.063,
283628,-0.309,7678,0,,0.063,
283628,0,7680,0,,0.063,
283628,0.309,7682,0,,0.063,
283628,0.587,7684,0,,0.063,
283628,0.809,7686,0,,0.063,
283628,0.951,7688,0,,0.063,
283628,1,7690,0,,0.063,
283628,0.951,7692,0,0,0.063,0
283628,0.809,7694,0,,0.063,
283628,0.587,7696,0,,0.063,
283628,0.309,7698,0,,0.063,
283628,0,7700,0,,0.063,
283628,-0.309,7702,0,,0.063,
283628,-0.587,7704,0,,0.063,
283628,-0.809,7706,0,,0.063,
283628,-0.951,7708,0,,0.063,
283628,-1,7710,0,,0.063,
283628,-0.951,7712,0,0,0.063,0
283628,-0.809,7714,0,,0.063,
283628,-0.587,7716,0,,0.063,
283628,-0.309,7718,0,,0.063,
283628,0,7720,0,,0.063,
283628,0.309,7722,0,,0.063,
283628,0.587,7724,0,,0.063,
283628,0.809,7726,0,,0.063,
283628,0.951,7728,0,,0.063,
283628,1,7730,0,,0.063,
283628,0.951,7732,0,0,0.063,0
283628,0.809,7734,0,,0.063,
283628,0.587,7736,0,,0.063,
283628,0.309,7738,0,,0.063,
283628,0,7740,0,,0.063,
283628,-0.309,7742,0,,0.063,
283628,-0.587,7744,0,,0.063,
283628,-0.809,7746,0,,0.063,
283628,-0.951,7748,0,,0.063,
283628,-1,7750,0,,0.063,
283628,-0.951,7752,0,0,0.063,0
283628,-0.809,7754,0,,0.063,
283628,-0.587,7756,0,,0.063,
283628,-0.309,7758,0,,0.063,
283628,0,7760,0,,0.063,
283628,0.309,7762,0,,0.063,
283628,0.587,7764,0,,0.063,
283628,0.809,7766,0,,0.063,
283628,0.951,7768,0,,0.063,
283628,1,7770,0,,0.063,
283628,0.951,7772,0,0,0.063,0
283628,0.809,7774,0,,0.063,
283628,0.587,7776,0,,0.063,
283628,0.309,7778,0,,0.063,
283628,0,7780,0,,0.063,
283628,-0.309,7782,0,,0.063,
283628,-0.587,7784,0,,0.063,
283628,-0.809,7786,0,,0.063,
283628,-0.951,7788,0,,0.063,
283628,-1,7790,0,,0.063,
283628,-0.951,7792,0,0,0.063,0
283628,-0.809,7794,0,,0.063,
283628,-0.587,7796,0,,0.063,
283628,-0.309,7798,0,,0.063,
283628,0,7800,0,,0.063,
283628,0.309,7802,0,,0.063,
283628,0.587,7804,0,,0.063,
283628,0.809,7806,0,,0.063,
283628,0.951,7808,0,,0.063,
283628,1,7810,0,,0.063,
283628,0.951,7812,0,0,0.063,0
283628,0.809,7814,0,,0.063,
283628,0.587,7816,0,,0.063,
283628,0.309,7818,0,,0.063,
283628,0,7820,0,,0.063,
283628,-0.309,7822,0,,0.063,
283628,-0.587,7824,0,,0.063,
283628,-0.809,7826,0,,0.063,
283628,-0.951,7828,0,,0.063,
283628,-1,7830,0,,0.063,
283628,-0.951,7832,0,0,0.063,0
283628,-0.809,7834,0,,0.063,
283628,-0.587,7836,0,,0.063,
283628,-0.309,7838,0,,0.063,
283628,0,7840,0,,0.063,
283628,0.309,7842,0,,0.063,
283628,0.587,7844,0,,0.063,
283628,0.809,7846,0,,0.063,
283628,0.951,7848,0,,0.063,
283628,1,7850,0,,0.063,
283628,0.951,7852,0,0,0.063,0
283628,0.809,7854,0,,0.063,
283628,0.587,7856,0,,0.063,
283628,0.309,7858,0,,0.063,
283628,0,7860,0,,0.063,
283628,-0.309,7862,0,,0.063,
283628,-0.587,7864,0,,0.063,
283628,-0.809,7866,0,,0.063,
283628,-0.951,7868,0,,0.063,
283628,-1,7870,0,,0.063,
283628,-0.951,7872,0,0,0.063,0
283628,-0.809,7874,0,,0.063,
283628,-0.587,7876,0,,0.063,
283628,-0.309,7878,0,,0.063,
283628,0,7880,0,,0.063,
283628,0.309,7882,0,,0.063,
283628,0.587,7884,0,,0.063,
283628,0.809,7886,0,,0.063,
283628,0.951,7888,0,,0.063,
283628,1,7890,0,,0.063,
283628,0.951,7892,0,0,0.063,0
283628,0.809,7894,0,,0.063,
283628,0.587,7896,0,,0.063,
283628,0.309,7898,0,,0.063,
283628,0,7900,0,,0.063,
283628,-0.309,7902,0,,0.063,
283628,-0.587,7904,0,,0.063,
283628,-0.809,7906,0,,0.063,
283628,-0.951,7908,0,,0.063,
283628,-1,7910,0,,0.063,
283628,-0.951,7912,0,0,0.063,0
283628,-0.809,7914,0,,0.063,
283628,-0.587,7916,0,,0.063,
283628,-0.309,7918,0,,0.063,
283628,0,7920,0,,0.063,
283628,0.309,7922,0,,0.063,
283628,0.587,7924,0,,0.063,
283628,0.809,7926,0,,0.063,
283628,0.951,7928,0,,0.063,
283628,1,7930,0,,0.063,
283628,0.951,7932,0,0,0.063,0
283628,0.809,7934,0,,0.063,
283628,0.587,7936,0,,0.063,
283628,0.309,7938,0,,0.063,
283628,0,7940,0,,0.063,
283628,-0.309,7942,0,,0.063,
283628,-0.587,7944,0,,0.063,
283628,-0.809,7946,0,,0.063,
283628,-0.951,7948,0,,0.063,
283628,-1,7950,0,,0.063,
283628,-0.951,7952,0,0,0.063,0
283628,-0.809,7954,0,,0.063,
283628,-0.587,7956,0,,0.063,
283628,-0.309,7958,0,,0.063,
283628,0,7960,0,,0.063,
283628,0.309,7962,0,,0.063,
283628,0.587,7964,0,,0.063,
283628,0.809,7966,0,,0.063,
283628,0.951,7968,0,,0.063,
283628,1,7970,0,,0.063,
283628,0.951,7972,0,0,0.063,0
283628,0.809,7974,0,,0.063,
283628,0.587,7976,0,,0.063,
283628,0.309,7978,0,,0.063,
283628,0,7980,0,,0.063,
283628,-0.309,7982,0,,0.063,
283628,-0.587,7984,0,,0.063,
283628,-0.809,7986,0,,0.063,
283628,-0.951,7988,0,,0.063,
283628,-1,7990,0,,0.063,
283628,-0.951,7992,0,0,0.063,0
283628,-0.809,7994,0,,0.063,
283628,-0.587,7996,0,,0.063,
283628,-0.309,7998,0,,0.063,
283628,0,8000,0,,0.063,
283628,0.309,8002,0,,0.063,
283628,0.587,8004,0,,0.063,
283628,0.809,8006,0,,0.063,
283628,0.951,8008,0,,0.063,
283628,1,8010,0,,0.063,
283628,0.951,8012,0,0,0.063,0
283628,0.809,8014,0,,0.063,
283628,0.587,8016,0,,0.063,
283628,0.309,8018,0,,0.063,
283628,0,8020,0,,0.063,
283628,-0.309,8022,0,,0.063,
283628,-0.587,8024,0,,0.063,
283628,-0.809,8026,0,,0.063,
283628,-0.951,8028,0,,0.063,
283628,-1,8030,0,,0.063,
283628,-0.951,8032,0,0,0.063,0
283628,-0.809,8034,0,,0.063,
283628,-0.587,8036,0,,0.063,
283628,-0.309,8038,0,,0.063,
283628,0,8040,0,,0.063,
283628,0.309,8042,0,,0.063,
283628,0.587,8044,0,,0.063,
283628,0.809,8046,0,,0.063,
283628,0.951,8048,0,,0.063,
283628,1,8050,0,,0.063,
283628,0.951,8052,0,0,0.063,0
283628,0.809,8054,0,,0.063,
283628,0.587,8056,0,,0.063,
283628,0.309,8058,0,,0.063,
283628,0,8060,0,,0.063,
283628,-0.309,8062,0,,0.063,
283628,-0.587,8064,0,,0.063,
283628,-0.809,8066,0,,0.063,
283628,-0.951,8068,0,,0.063,
283628,-1,8070,0,,0.063,
283628,-0.951,8072,0,0,0.063,0
283628,-0.809,8074,0,,0.063,
283628,-0.587,8076,0,,0.063,
283628,-0.309,8078,0,,0.063,
283628,0,8080,0,,0.063,
283628,0.309,8082,0,,0.063,
283628,0.587,8084,0,,0.063,
283628,0.809,8086,0,,0.063,
283628,0.951,8088,0,,0.063,
283628,1,8090,0,,0.063,
283628,0.951,8092,0,0,0.063,0
283628,0.809,8094,0,,0.063,
283628,0.587,8096,0,,0.063,
283628,0.309,8098,0,,0.063,
283628,0,8100,0,,0.063,
283628,-0.309,8102,0,,0.063,
283628,-0.587,8104,0,,0.063,
283628,-0.809,8106,0,,0.063,
283628,-0.951,8108,0,,0.063,
283628,-1,8110,0,,0.063,
283628,-0.951,8112,0,0,0.063,0
283628,-0.809,8114,0,,0.063,
283628,-0.587,8116,0,,0.063,
283628,-0.309,8118,0,,0.063,
283628,0,8120,0,,0.063,
283628,0.309,8122,0,,0.063,
283628,0.587,8124,0,,0.063,
283628,0.809,8126,0,,0.063,
283628,0.951,8128,0,,0.063,
283628,1,8130,0,,0.063,
283628,0.951,8132,0,0,0.063,0
283628,0.809,8134,0,,0.063,
283628,0.587,8136,0,,0.063,
283628,0.309,8138,0,,0.063,
283628,0,8140,0,,0.063,
283628,-0.309,8142,0,,0.063,
283628,-0.587,8144,0,,0.063,
283628,-0.809,8146,0,,0.063,
283628,-0.951,8148,0,,0.063,
283628,-1,8150,0,,0.063,
283628,-0.951,8152,0,0,0.063,0
283628,-0.809,8154,0,,0.063,
283628,-0.587,8156,0,,0.063,
283628,-0.309,8158,0,,0.063,
283628,0,8160,0,,0.063,
283628,0.309,8162,0,,0.063,
283628,0.587,8164,0,,0.063,
283628,0.809,8166,0,,0.063,
283628,0.951,8168,0,,0.063,
283628,1,8170,0,,0.063,
283628,0.951,8172,0,0,0.063,0
283628,0.809,8174,0,,0.063,
283628,0.587,8176,0,,0.063,
283628,0.309,8178,0,,0.063,
283628,0,8180,0,,0.063,
283628,-0.309,8182,0,,0.063,
283628,-0.587,8184,0,,0.063,
283628,-0.809,8186,0,,0.063,
283628,-0.951,8188,0,,0.063,
283628,-1,8190,0,,0.063,
283628,-0.951,8192,0,0,0.063,0
283628,-0.809,8194,0,,0.063,
283628,-0.587,8196,0,,0.063,
283628,-0.309,8198,0,,0.063,
283628,0,8200,0,,0.063,
283628,0.309,8202,0,,0.063,
283628,0.587,8204,0,,0.063,
283628,0.809,8206,0,,0.063,
283628,0.951,8208,0,,0.063,
283628,1,8210,0,,0.063,
283628,0.951,8212,0,0,0.063,0
283628,0.809,8214,0,,0.063,
283628,0.587,8216,0,,0.063,
283628,0.309,8218,0,,0.063,
283628,0,8220,0,,0.063,
283628,-0.309,8222,0,,0.063,
283628,-0.587,8224,0,,0.063,
283628,-0.809,8226,0,,0.063,
283628,-0.951,8228,0,,0.063,
283628,-1,8230,0,,0.063,
283628,-0.951,8232,0,0,0.063,0
283628,-0.809,8234,0,,0.063,
283628,-0.587,8236,0,,0.063,
283628,-0.309,8238,0,,0.063,
283628,0,8240,0,,0.063,
283628,0.309,8242,0,,0.063,
283628,0.587,8244,0,,0.063,
283628,0.809,8246,0,,0.063,
283628,0.951,8248,0,,0.063,
283628,1,8250,0,,0.063,
283628,0.951,8252,0,0,0.063,0
283628,0.809,8254,0,,0.063,
283628,0.587,8256,0,,0.063,
283628,0.309,8258,0,,0.063,
283628,0,8260,0,,0.063,
283628,-0.309,8262,0,,0.063,
283628,-0.587,8264,0,,0.063,
283628,-0.809,8266,0,,0.063,
283628,-0.951,8268,0,,0.063,
283628,-1,8270,0,,0.063,
283628,-0.951,8272,0,0,0.063,0
283628,-0.809,8274,0,,0.063,
283628,-0.587,8276,0,,0.063,
283628,-0.309,8278,0,,0.063,
283628,0,8280,0,,0.063,
283628,0.309,8282,0,,0.063,
283628,0.587,8284,0,,0.063,
283628,0.809,8286,0,,0.063,
283628,0.951,8288,0,,0.063,
283628,1,8290,0,,0.063,
283628,0.951,8292,0,0,0.063,0
283628,0.809,8294,0,,0.063,
283628,0.587,8296,0,,0.063,
283628,0.309,8298,0,,0.063,
283628,0,8300,0,,0.063,
283628,-0.309,8302,0,,0.063,
283628,-0.587,8304,0,,0.063,
283628,-0.809,8306,0,,0.063,
283628,-0.951,8308,0,,0.063,
283628,-1,8310,0,,0.063,
283628,-0.951,8312,0,0,0.063,0
283628,-0.809,8314,0,,0.063,
283628,-0.587,8316,0,,0.063,
283628,-0.309,8318,0,,0.063,
283628,0,8320,0,,0.063,
283628,0.309,8322,0,,0.063,
283628,0.587,8324,0,,0.063,
283628,0.809,8326,0,,0.063,
283628,0.951,8328,0,,0.063,
283628,1,8330,0,,0.063,
283628,0.951,8332,0,0,0.063,0
283628,0.809,8334,0,,0.063,
283628,0.587,8336,0,,0.063,
283628,0.309,8338,0,,0.063,
283628,0,8340,0,,0.063,
283628,-0.309,8342,0,,0.063,
283628,-0.587,8344,0,,0.063,
283628,-0.809,8346,0,,0.063,
283628,-0.951,8348,0,,0.063,
283628,-1,8350,0,,0.063,
283628,-0.951,8352,0,0,0.063,0
283628,-0.809,8354,0,,0.063,
283628,-0.587,8356,0,,0.063,
283628,-0.309,8358,0,,0.063,
283628,0,8360,0,,0.063,
283628,0.309,8362,0,,0.063,
283628,0.587,8364,0,,0.063,
283628,0.809,8366,0,,0.063,
283628,0.951,8368,0,,0.063,
283628,1,8370,0,,0.063,
283628,0.951,8372,0,0,0.063,0
283628,0.809,8374,0,,0.063,
283628,0.587,8376,0,,0.063,
283628,0.309,8378,0,,0.063,
283628,0,8380,0,,0.063,
283628,-0.309,8382,0,,0.063,
283628,-0.587,8384,0,,0.063,
283628,-0.809,8386,0,,0.063,
283628,-0.951,8388,0,,0.063,
283628,-1,8390,0,,0.063,
283628,-0.951,8392,0,0,0.063,0
283628,-0.809,8394,0,,0.063,
283628,-0.587,8396,0,,0.063,
283628,-0.309,8398,0,,0.063,
283628,0,8400,0,,0.063,
283628,0.309,8402,0,,0.063,
283628,0.587,8404,0,,0.063,
283628,0.809,8406,0,,0.063,
283628,0.951,8408,0,,0.063,
283628,1,8410,0,,0.063,
283628,0.951,8412,0,0,0.063,0
283628,0.809,8414,0,,0.063,
283628,0.587,8416,0,,0.063,
283628,0.309,8418,0,,0.063,
283628,0,8420,0,,0.063,
283628,-0.309,8422,0,,0.063,
283628,-0.587,8424,0,,0.063,
283628,-0.809,8426,0,,0.063,
283628,-0.951,8428,0,,0.063,
283628,-1,8430,0,,0.063,
283628,-0.951,8432,0,0,0.063,0
283628,-0.809,8434,0,,0.063,
283628,-0.587,8436,0,,0.063,
283628,-0.309,8438,0,,0.063,
283628,0,8440,0,,0.063,
283628,0.309,8442,0,,0.063,
283628,0.587,8444,0,,0.063,
283628,0.809,8446,0,,0.063,
283628,0.951,8448,0,,0.063,
283628,1,8450,0,,0.063,
283628,0.951,8452,0,0,0.063,0
283628,0.809,8454,0,,0.063,
283628,0.587,8456,0,,0.063,
283628,0.309,8458,0,,0.063,
283628,0,8460,0,,0.063,
283628,-0.309,8462,0,,0.063,
283628,-0.587,8464,0,,0.063,
283628,-0.809,8466,0,,0.063,
283628,-0.951,8468,0,,0.063,
283628,-1,8470,0,,0.063,
283628,-0.951,8472,0,0,0.063,0
283628,-0.809,8474,0,,0.063,
283628,-0.587,8476,0,,0.063,
283628,-0.309,8478,0,,0.063,
283628,0,8480,0,,0.063,
283628,0.309,8482,0,,0.063,
283628,0.587,8484,0,,0.063,
283628,0.809,8486,0,,0.063,
283628,0.951,8488,0,,0.063,
283628,1,8490,0,,0.063,
283628,0.951,8492,0,0,0.063,0
283628,0.809,8494,0,,0.063,
283628,0.587,8496,0,,0.063,
283628,0.309,8498,0,,0.063,
283628,0,8500,0,,0.063,
283628,-0.309,8502,0,,0.063,
283628,-0.587,8504,0,,0.063,
283628,-0.809,8506,0,,0.063,
283628,-0.951,8508,0,,0.063,
283628,-1,8510,0,,0.063,
283628,-0.951,8512,0,0,0.063,0
283628,-0.809,8514,0,,0.063,
283628,-0.587,8516,0,,0.063,
283628,-0.309,8518,0,,0.063,
283628,0,8520,0,,0.063,
283628,0.309,8522,0,,0.063,
283628,0.587,8524,0,,0.063,
283628,0.809,8526,0,,0.063,
283628,0.951,8528,0,,0.063,
283628,1,8530,0,,0.063,
283628,0.951,8532,0,0,0.063,0
283628,0.809,8534,0,,0.063,
283628,0.587,8536,0,,0.063,
283628,0.309,8538,0,,0.063,
283628,0,8540,0,,0.063,
283628,-0.309,8542,0,,0.063,
283628,-0.587,8544,0,,0.063,
283628,-0.809,8546,0,,0.063,
283628,-0.951,8548,0,,0.063,
283628,-1,8550,0,,0.063,
283628,-0.951,8552,0,0,0.063,0
283628,-0.809,8554,0,,0.063,
283628,-0.587,8556,0,,0.063,
283628,-0.309,8558,0,,0.063,
283628,0,8560,0,,0.063,
283628,0.309,8562,0,,0.063,
283628,0.587,8564,0,,0.063,
283628,0.809,8566,0,,0.063,
283628,0.951,8568,0,,0.063,
283628,1,8570,0,,0.063,
283628,0.951,8572,0,0,0.063,0
283628,0.809,8574,0,,0.063,
283628,0.587,8576,0,,0.063,
283628,0.309,8578,0,,0.063,
283628,0,8580,0,,0.063,
283628,-0.309,8582,0,,0.063,
283628,-0.587,8584,0,,0.063,
283628,-0.809,8586,0,,0.063,
283628,-0.951,8588,0,,0.063,
283628,-1,8590,0,,0.063,
283628,-0.951,8592,0,0,0.063,0
283628,-0.809,8594,0,,0.063,
283628,-0.587,8596,0,,0.063,
283628,-0.309,8598,0,,0.063,
283628,0,8600,0,,0.063,
283628,0.309,8602,0,,0.063,
283628,0.587,8604,0,,0.063,
283628,0.809,8606,0,,0.063,
283628,0.951,8608,0,,0.063,
283628,1,8610,0,,0.063,
283628,0.951,8612,0,0,0.063,0
283628,0.809,8614,0,,0.063,
283628,0.587,8616,0,,0.063,
283628,0.309,8618,0,,0.063,
283628,0,8620,0,,0.063,
283628,-0.309,8622,0,,0.063,
283628,-0.587,8624,0,,0.063,
283628,-0.809,8626,0,,0.063,
283628,-0.951,8628,0,,0.063,
283628,-1,8630,0,,0.063,
283628,-0.951,8632,0,0,0.063,0
283628,-0.809,8634,0,,0.063,
283628,-0.587,8636,0,,0.063,
283628,-0.309,8638,0,,0.063,
283628,0,8640,0,,0.063,
283628,0.309,8642,0,,0.063,
283628,0.587,8644,0,,0.063,
283628,0.809,8646,0,,0.063,
283628,0.951,8648,0,,0.063,
283628,1,8650,0,,0.063,
283628,0.951,8652,0,0,0.063,0
283628,0.809,8654,0,,0.063,
283628,0.587,8656,0,,0.063,
283628,0.309,8658,0,,0.063,
283628,0,8660,0,,0.063,
283628,-0.309,8662,0,,0.063,
283628,-0.587,8664,0,,0.063,
283628,-0.809,8666,0,,0.063,
283628,-0.951,8668,0,,0.063,
283628,-1,8670,0,,0.063,
283628,-0.951,8672,0,0,0.063,0
283628,-0.809,8674,0,,0.063,
283628,-0.587,8676,0,,0.063,
283628,-0.309,8678,0,,0.063,
283628,0,8680,0,,0.063,
283628,0.309,8682,0,,0.063,
283628,0.587,8684,0,,0.063,
283628,0.809,8686,0,,0.063,
283628,0.951,8688,0,,0.063,
283628,1,8690,0,,0.063,
283628,0.951,8692,0,0,0.063,0
283628,0.809,8694,0,,0.063,
283628,0.587,8696,0,,0.063,
283628,0.309,8698,0,,0.063,
283628,0,8700,0,,0.063,
283628,-0.309,8702,0,,0.063,
283628,-0.587,8704,0,,0.063,
283628,-0.809,8706,0,,0.063,
283628,-0.951,8708,0,,0.063,
283628,-1,8710,0,,0.063,
283628,-0.951,8712,0,0,0.063,0
283628,-0.809,8714,0,,0.063,
283628,-0.587,8716,0,,0.063,
283628,-0.309,8718,0,,0.063,
283628,0,8720,0,,0.063,
283628,0.309,8722,0,,0.063,
283628,0.587,8724,0,,0.063,
283628,0.809,8726,0,,0.063,
283628,0.951,8728,0,,0.063,
283628,1,8730,0,,0.063,
283628,0.951,8732,0,0,0.063,0
283628,0.809,8734,0,,0.063,
283628,0.587,8736,0,,0.063,
283628,0.309,8738,0,,0.063,
283628,0,8740,0,,0.063,
283628,-0.309,8742,0,,0.063,
283628,-0.587,8744,0,,0.063,
283628,-0.809,8746,0,,0.063,
283628,-0.951,8748,0,,0.063,
283628,-1,8750,0,,0.063,
283628,-0.951,8752,0,0,0.063,0
283628,-0.809,8754,0,,0.063,
283628,-0.587,8756,0,,0.063,
283628,-0.309,8758,0,,0.063,
283628,0,8760,0,,0.063,
283628,0.309,8762,0,,0.063,
283628,0.587,8764,0,,0.063,
283628,0.809,8766,0,,0.063,
283628,0.951,8768,0,,0.063,
283628,1,8770,0,,0.063,
283628,0.951,8772,0,0,0.063,0
283628,0.809,8774,0,,0.063,
283628,0.587,8776,0,,0.063,
283628,0.309,8778,0,,0.063,
283628,0,8780,0,,0.063,
283628,-0.309,8782,0,,0.063,
283628,-0.587,8784,0,,0.063,
283628,-0.809,8786,0,,0.063,
283628,-0.951,8788,0,,0.063,
283628,-1,8790,0,,0.063,
283628,-0.951,8792,0,0,0.063,0
283628,-0.809,8794,0,,0.063,
283628,-0.587,8796,0,,0.063,
283628,-0.309,8798,0,,0.063,
283628,0,8800,0,,0.063,
283628,0.309,8802,0,,0.063,
283628,0.587,8804,0,,0.063,
283628,0.809,8806,0,,0.063,
283628,0.951,8808,0,,0.063,
283628,1,8810,0,,0.063,
283628,0.951,8812,0,0,0.063,0
283628,0.809,8814,0,,0.063,
283628,0.587,8816,0,,0.063,
283628,0.309,8818,0,,0.063,
283628,0,8820,0,,0.063,
283628,-0.309,8822,0,,0.063,
283628,-0.587,8824,0,,0.063,
283628,-0.809,8826,0,,0.063,
283628,-0.951,8828,0,,0.063,
283628,-1,8830,0,,0.063,
283628,-0.951,8832,0,0,0.063,0
283628,-0.809,8834,0,,0.063,
283628,-0.587,8836,0,,0.063,
283628,-0.309,8838,0,,0.063,
283628,0,8840,0,,0.063,
283628,0.309,8842,0,,0.063,
283628,0.587,8844,0,,0.063,
283628,0.809,8846,0,,0.063,
283628,0.951,8848,0,,0.063,
283628,1,8850,0,,0.063,
283628,0.951,8852,0,0,0.063,0
283628,0.809,8854,0,,0.063,
283628,0.587,8856,0,,0.063,
283629,0.309,8858,0,,0.063,
283629,0,8860,0,,0.063,
283629,-0.309,8862,0,,0.063,
283629,-0.587,8864,0,,0.063,
283629,-0.809,8866,0,,0.063,
283629,-0.951,8868,0,,0.063,
283629,-1,8870,0,,0.063,
283629,-0.951,8872,0,0,0.063,0
283629,-0.809,8874,0,,0.063,
283629,-0.587,8876,0,,0.063,
283629,-0.309,8878,0,,0.063,
283629,0,8880,0,,0.063,
283629,0.309,8882,0,,0.063,
283629,0.587,8884,0,,0.063,
283629,0.809,8886,0,,0.063,
283629,0.951,8888,0,,0.063,
283629,1,8890,0,,0.063,
283629,0.951,8892,0,0,0.063,0
283629,0.809,8894,0,,0.063,
283629,0.587,8896,0,,0.063,
283629,0.309,8898,0,,0.063,
283629,0,8900,0,,0.063,
283629,-0.309,8902,0,,0.063,
283629,-0.587,8904,0,,0.063,
283629,-0.809,8906,0,,0.063,
283629,-0.951,8908,0,,0.063,
283629,-1,8910,0,,0.063,
283629,-0.951,8912,0,0,0.063,0
283629,-0.809,8914,0,,0.063,
283629,-0.587,8916,0,,0.063,
283629,-0.309,8918,0,,0.063,
283629,0,8920,0,,0.063,
283629,0.309,8922,0,,0.063,
283629,0.587,8924,0,,0.063,
283629,0.809,8926,0,,0.063,
283629,0.951,8928,0,,0.063,
283629,1,8930,0,,0.063,
283629,0.951,8932,0,0,0.063,0
283629,0.809,8934,0,,0.063,
283629,0.587,8936,0,,0.063,
283629,0.309,8938,0,,0.063,
283629,0,8940,0,,0.063,
283629,-0.309,8942,0,,0.063,
283629,-0.587,8944,0,,0.063,
283629,-0.809,8946,0,,0.063,
283629,-0.951,8948,0,,0.063,
283629,-1,8950,0,,0.063,
283629,-0.951,8952,0,0,0.063,0
283629,-0.809,8954,0,,0.063,
283629,-0.587,8956,0,,0.063,
283629,-0.309,8958,0,,0.063,
283629,0,8960,0,,0.063,
283629,0.309,8962,0,,0.063,
283629,0.587,8964,0,,0.063,
283629,0.809,8966,0,,0.063,
283629,0.951,8968,0,,0.063,
283629,1,8970,0,,0.063,
283629,0.951,8972,0,0,0.063,0
283629,0.809,8974,0,,0.063,
283629,0.587,8976,0,,0.063,
283629,0.309,8978,0,,0.063,
283629,0,8980,0,,0.063,
283629,-0.309,8982,0,,0.063,
283629,-0.587,8984,0,,0.063,
283629,-0.809,8986,0,,0.063,
283629,-0.951,8988,0,,0.063,
283629,-1,8990,0,,0.063,
283629,-0.951,8992,0,0,0.063,0
283629,-0.809,8994,0,,0.063,
283629,-0.587,8996,0,,0.063,
283629,-0.309,8998,0,,0.063,
283629,0,9000,0,,0.063,
283629,0.309,9002,0,,0.063,
283629,0.587,9004,0,,0.063,
283629,0.809,9006,0,,0.063,
283629,0.951,9008,0,,0.063,
283629,1,9010,0,,0.063,
283629,0.951,9012,0,0,0.063,0
283629,0.809,9014,0,,0.063,
283629,0.587,9016,0,,0.063,
283629,0.309,9018,0,,0.063,
283629,0,9020,0,,0.063,
283629,-0.309,9022,0,,0.063,
283629,-0.587,9024,0,,0.063,
283629,-0.809,9026,0,,0.063,
283629,-0.951,9028,0,,0.063,
283629,-1,9030,0,,0.063,
283629,-0.951,9032,0,0,0.063,0
283629,-0.809,9034,0,,0.063,
283629,-0.587,9036,0,,0.063,
283629,-0.309,9038,0,,0.063,
283629,0,9040,0,,0.063,
283629,0.309,9042,0,,0.063,
283629,0.587,9044,0,,0.063,
283629,0.809,9046,0,,0.063,
283629,0.951,9048,0,,0.063,
283629,1,9050,0,,0.063,
283629,0.951,9052,0,0,0.063,0
283629,0.809,9054,0,,0.063,
283629,0.587,9056,0,,0.063,
283629,0.309,9058,0,,0.063,
283629,0,9060,0,,0.063,
283629,-0.309,9062,0,,0.063,
283629,-0.587,9064,0,,0.063,
283629,-0.809,9066,0,,0.063,
283629,-0.951,9068,0,,0.063,
283629,-1,9070,0,,0.063,
283629,-0.951,9072,0,0,0.063,0
283629,-0.809,9074,0,,0.063,
283629,-0.587,9076,0,,0.063,
283629,-0.309,9078,0,,0.063,
283629,0,9080,0,,0.063,
283629,0.309,9082,0,,0.063,
283629,0.587,9084,0,,0.063,
283629,0.809,9086,0,,0.063,
283629,0.951,9088,0,,0.063,
283629,1,9090,0,,0.063,
283629,0.951,9092,0,0,0.063,0
283629,0.809,9094,0,,0.063,
283629,0.587,9096,0,,0.063,
283629,0.309,9098,0,,0.063,
283629,0,9100,0,,0.063,
283629,-0.309,9102,0,,0.063,
283629,-0.587,9104,0,,0.063,
283629,-0.809,9106,0,,0.063,
283629,-0.951,9108,0,,0.063,
283629,-1,9110,0,,0.063,
283629,-0.951,9112,0,0,0.063,0
283629,-0.809,9114,0,,0.063,
283629,-0.587,9116,0,,0.063,
283629,-0.309,9118,0,,0.063,
283629,0,9120,0,,0.063,
283629,0.309,9122,0,,0.063,
283629,0.587,9124,0,,0.063,
283629,0.809,9126,0,,0.063,
283629,0.951,9128,0,,0.063,
283629,1,9130,0,,0.063,
283629,0.951,9132,0,0,0.063,0
283629,0.809,9134,0,,0.063,
283629,0.587,9136,0,,0.063,
283629,0.309,9138,0,,0.063,
283629,0,9140,0,,0.063,
283629,-0.309,9142,0,,0.063,
283629,-0.587,9144,0,,0.063,
283629,-0.809,9146,0,,0.063,
283629,-0.951,9148,0,,0.063,
283629,-1,9150,0,,0.063,
283629,-0.951,9152,0,0,0.063,0
283629,-0.809,9154,0,,0.063,
283629,-0.587,9156,0,,0.063,
283629,-0.309,9158,0,,0.063,
283629,0,9160,0,,0.063,
283629,0.309,9162,0,,0.063,
283629,0.587,9164,0,,0.063,
283629,0.809,9166,0,,0.063,
283629,0.951,9168,0,,0.063,
283629,1,9170,0,,0.063,
283629,0.951,9172,0,0,0.063,0
283629,0.809,9174,0,,0.063,
283629,0.587,9176,0,,0.063,
283629,0.309,9178,0,,0.063,
283629,0,9180,0,,0.063,
283629,-0.309,9182,0,,0.063,
283629,-0.587,9184,0,,0.063,
283629,-0.809,9186,0,,0.063,
283629,-0.951,9188,0,,0.063,
283629,-1,9190,0,,0.063,
283629,-0.951,9192,0,0,0.063,0
283629,-0.809,9194,0,,0.063,
283629,-0.587,9196,0,,0.063,
283629,-0.309,9198,0,,0.063,
283629,0,9200,0,,0.063,
283629,0.309,9202,0,,0.063,
283629,0.587,9204,0,,0.063,
283629,0.809,9206,0,,0.063,
283629,0.951,9208,0,,0.063,
283629,1,9210,0,,0.063,
283629,0.951,9212,0,0,0.063,0
283629,0.809,9214,0,,0.063,
283629,0.587,9216,0,,0.063,
283629,0.309,9218,0,,0.063,
283629,0,9220,0,,0.063,
283629,-0.309,9222,0,,0.063,
283629,-0.587,9224,0,,0.063,
283629,-0.809,9226,0,,0.063,
283629,-0.951,9228,0,,0.063,
283629,-1,9230,0,,0.063,
283629,-0.951,9232,0,0,0.063,0
283629,-0.809,9234,0,,0.063,
283629,-0.587,9236,0,,0.063,
283629,-0.309,9238,0,,0.063,
283629,0,9240,0,,0.063,
283629,0.309,9242,0,,0.063,
283629,0.587,9244,0,,0.063,
283629,0.809,9246,0,,0.063,
283629,0.951,9248,0,,0.063,
283629,1,9250,0,,0.063,
283629,0.951,9252,0,0,0.063,0
283629,0.809,9254,0,,0.063,
283629,0.587,9256,0,,0.063,
283629,0.309,9258,0,,0.063,
283629,0,9260,0,,0.063,
283629,-0.309,9262,0,,0.063,
283629,-0.587,9264,0,,0.063,
283629,-0.809,9266,0,,0.063,
283629,-0.951,9268,0,,0.063,
283629,-1,9270,0,,0.063,
283629,-0.951,9272,0,0,0.063,0
283629,-0.809,9274,0,,0.063,
283629,-0.587,9276,0,,0.063,
283629,-0.309,9278,0,,0.063,
283629,0,9280,0,,0.063,
283629,0.309,9282,0,,0.063,
283629,0.587,9284,0,,0.063,
283629,0.809,9286,0,,0.063,
283629,0.951,9288,0,,0.063,
283629,1,9290,0,,0.063,
283629,0.951,9292,0,0,0.063,0
283629,0.809,9294,0,,0.063,
283629,0.587,9296,0,,0.063,
283629,0.309,9298,0,,0.063,
283629,0,9300,0,,0.063,
283629,-0.309,9302,0,,0.063,
283629,-0.587,9304,0,,0.063,
283629,-0.809,9306,0,,0.063,
283629,-0.951,9308,0,,0.063,
283629,-1,9310,0,,0.063,
283629,-0.951,9312,0,0,0.063,0
283629,-0.809,9314,0,,0.063,
283629,-0.587,9316,0,,0.063,
283629,-0.309,9318,0,,0.063,
283629,0,9320,0,,0.063,
283629,0.309,9322,0,,0.063,
283629,0.587,9324,0,,0.063,
283629,0.809,9326,0,,0.063,
283629,0.951,9328,0,,0.063,
283629,1,9330,0,,0.063,
283629,0.951,9332,0,0,0.063,0
283629,0.809,9334,0,,0.063,
283629,0.587,9336,0,,0.063,
283629,0.309,9338,0,,0.063,
283629,0,9340,0,,0.063,
283629,-0.309,9342,0,,0.063,
283629,-0.587,9344,0,,0.063,
283629,-0.809,9346,0,,0.063,
283629,-0.951,9348,0,,0.063,
283629,-1,9350,0,,0.063,
283629,-0.951,9352,0,0,0.063,0
283629,-0.809,9354,0,,0.063,
283629,-0.587,9356,0,,0.063,
283629,-0.309,9358,0,,0.063,
283629,0,9360,0,,0.063,
283629,0.309,9362,0,,0.063,
283629,0.587,9364,0,,0.063,
283629,0.809,9366,0,,0.063,
283629,0.951,9368,0,,0.063,
283629,1,9370,0,,0.063,
283629,0.951,9372,0,0,0.063,0
283629,0.809,9374,0,,0.063,
283629,0.587,9376,0,,0.063,
283629,0.309,9378,0,,0.063,
283629,0,9380,0,,0.063,
283629,-0.309,9382,0,,0.063,
283629,-0.587,9384,0,,0.063,
283629,-0.809,9386,0,,0.063,
283629,-0.951,9388,0,,0.063,
283629,-1,9390,0,,0.063,
283629,-0.951,9392,0,0,0.063,0
283629,-0.809,9394,0,,0.063,
283629,-0.587,9396,0,,0.063,
283629,-0.309,9398,0,,0.063,
283629,0,9400,0,,0.063,
283629,0.309,9402,0,,0.063,
283629,0.587,9404,0,,0.063,
283629,0.809,9406,0,,0.063,
283629,0.951,9408,0,,0.063,
283629,1,9410,0,,0.063,
283629,0.951,9412,0,0,0.063,0
283629,0.809,9414,0,,0.063,
283629,0.587,9416,0,,0.063,
283629,0.309,9418,0,,0.063,
283629,0,9420,0,,0.063,
283629,-0.309,9422,0,,0.063,
283629,-0.587,9424,0,,0.063,
283629,-0.809,9426,0,,0.063,
283629,-0.951,9428,0,,0.063,
283629,-1,9430,0,,0.063,
283629,-0.951,9432,0,0,0.063,0
283629,-0.809,9434,0,,0.063,
283629,-0.587,9436,0,,0.063,
283629,-0.309,9438,0,,0.063,
283629,0,9440,0,,0.063,
283629,0.309,9442,0,,0.063,
283629,0.587,9444,0,,0.063,
283629,0.809,9446,0,,0.063,
283629,0.951,9448,0,,0.063,
283629,1,9450,0,,0.063,
283629,0.951,9452,0,0,0.063,0
283629,0.809,9454,0,,0.063,
283629,0.587,9456,0,,0.063,
283629,0.309,9458,0,,0.063,
283629,0,9460,0,,0.063,
283629,-0.309,9462,0,,0.063,
283629,-0.587,9464,0,,0.063,
283629,-0.809,9466,0,,0.063,
283629,-0.951,9468,0,,0.063,
283629,-1,9470,0,,0.063,
283629,-0.951,9472,0,0,0.063,0
283629,-0.809,9474,0,,0.063,
283629,-0.587,9476,0,,0.063,
283629,-0.309,9478,0,,0.063,
283629,0,9480,0,,0.063,
283629,0.309,9482,0,,0.063,
283629,0.587,9484,0,,0.063,
283629,0.809,9486,0,,0.063,
283629,0.951,9488,0,,0.063,
283629,1,9490,0,,0.063,
283629,0.951,9492,0,0,0.063,0
283629,0.809,9494,0,,0.063,
283629,0.587,9496,0,,0.063,
283629,0.309,9498,0,,0.063,
283629,0,9500,0,,0.063,
283629,-0.309,9502,0,,0.063,
283629,-0.587,9504,0,,0.063,
283629,-0.809,9506,0,,0.063,
283629,-0.951,9508,0,,0.063,
283629,-1,9510,0,,0.063,
283629,-0.951,9512,0,0,0.063,0
283629,-0.809,9514,0,,0.063,
283629,-0.587,9516,0,,0.063,
283629,-0.309,9518,0,,0.063,
283629,0,9520,0,,0.063,
283629,0.309,9522,0,,0.063,
283629,0.587,9524,0,,0.063,
283629,0.809,9526,0,,0.063,
283629,0.951,9528,0,,0.063,
283629,1,9530,0,,0.063,
283629,0.951,9532,0,0,0.063,0
283629,0.809,9534,0,,0.063,
283629,0.587,9536,0,,0.063,
283629,0.309,9538,0,,0.063,
283629,0,9540,0,,0.063,
283629,-0.309,9542,0,,0.063,
283629,-0.587,9544,0,,0.063,
283629,-0.809,9546,0,,0.063,
283629,-0.951,9548,0,,0.063,
283629,-1,9550,0,,0.063,
283629,-0.951,9552,0,0,0.063,0
283629,-0.809,9554,0,,0.063,
283629,-0.587,9556,0,,0.063,
283629,-0.309,9558,0,,0.063,
283629,0,9560,0,,0.063,
283629,0.309,9562,0,,0.063,
283629,0.587,9564,0,,0.063,
283629,0.809,9566,0,,0.063,
283629,0.951,9568,0,,0.063,
283629,1,9570,0,,0.063,
283629,0.951,9572,0,0,0.063,0
283629,0.809,9574,0,,0.063,
283629,0.587,9576,0,,0.063,
283629,0.309,9578,0,,0.063,
283629,0,9580,0,,0.063,
283629,-0.309,9582,0,,0.063,
283629,-0.587,9584,0,,0.063,
283629,-0.809,9586,0,,0.063,
283629,-0.951,9588,0,,0.063,
283629,-1,9590,0,,0.063,
283629,-0.951,9592,0,0,0.063,0
283629,-0.809,9594,0,,0.063,
283629,-0.587,9596,0,,0.063,
283629,-0.309,9598,0,,0.063,
283629,0,9600,0,,0.063,
283629,0.309,9602,0,,0.063,
283629,0.587,9604,0,,0.063,
283629,0.809,9606,0,,0.063,
283629,0.951,9608,0,,0.063,
283629,1,9610,0,,0.063,
283629,0.951,9612,0,0,0.063,0
283629,0.809,9614,0,,0.063,
283629,0.587,9616,0,,0.063,
283629,0.309,9618,0,,0.063,
283629,0,9620,0,,0.063,
283629,-0.309,9622,0,,0.063,
283629,-0.587,9624,0,,0.063,
283629,-0.809,9626,0,,0.063,
283629,-0.951,9628,0,,0.063,
283629,-1,9630,0,,0.063,
283629,-0.951,9632,0,0,0.063,0
283629,-0.809,9634,0,,0.063,
283629,-0.587,9636,0,,0.063,
283629,-0.309,9638,0,,0.063,
283629,0,9640,0,,0.063,
283629,0.309,9642,0,,0.063,
283629,0.587,9644,0,,0.063,
283629,0.809,9646,0,,0.063,
283629,0.951,9648,0,,0.063,
283629,1,9650,0,,0.063,
283629,0.951,9652,0,0,0.063,0
283629,0.809,9654,0,,0.063,
283629,0.587,9656,0,,0.063,
283629,0.309,9658,0,,0.063,
283629,0,9660,0,,0.063,
283629,-0.309,9662,0,,0.063,
283629,-0.587,9664,0,,0.063,
283629,-0.809,9666,0,,0.063,
283629,-0.951,9668,0,,0.063,
283629,-1,9670,0,,0.063,
283629,-0.951,9672,0,0,0.063,0
283629,-0.809,9674,0,,0.063,
283629,-0.587,9676,0,,0.063,
283629,-0.309,9678,0,,0.063,
283629,0,9680,0,,0.063,
283629,0.309,9682,0,,0.063,
283629,0.587,9684,0,,0.063,
283629,0.809,9686,0,,0.063,
283629,0.951,9688,0,,0.063,
283629,1,9690,0,,0.063,
283629,0.951,9692,0,0,0.063,0
283629,0.809,9694,0,,0.063,
283629,0.587,9696,0,,0.063,
283629,0.309,9698,0,,0.063,
283629,0,9700,0,,0.063,
283629,-0.309,9702,0,,0.063,
283629,-0.587,9704,0,,0.063,
283629,-0.809,9706,0,,0.063,
283629,-0.951,9708,0,,0.063,
283629,-1,9710,0,,0.063,
283629,-0.951,9712,0,0,0.063,0
283629,-0.809,9714,0,,0.063,
283629,-0.587,9716,0,,0.063,
283629,-0.309,9718,0,,0.063,
283629,0,9720,0,,0.063,
283629,0.309,9722,0,,0.063,
283629,0.587,9724,0,,0.063,
283629,0.809,9726,0,,0.063,
283629,0.951,9728,0,,0.063,
283629,1,9730,0,,0.063,
283629,0.951,9732,0,0,0.063,0
283629,0.809,9734,0,,0.063,
283629,0.587,9736,0,,0.063,
283629,0.309,9738,0,,0.063,
283629,0,9740,0,,0.063,
283629,-0.309,9742,0,,0.063,
283629,-0.587,9744,0,,0.063,
283629,-0.809,9746,0,,0.063,
283629,-0.951,9748,0,,0.063,
283629,-1,9750,0,,0.063,
283629,-0.951,9752,0,0,0.063,0
283629,-0.809,9754,0,,0.063,
283629,-0.587,9756,0,,0.063,
283629,-0.309,9758,0,,0.063,
283629,0,9760,0,,0.063,
283629,0.309,9762,0,,0.063,
283629,0.587,9764,0,,0.063,
283629,0.809,9766,0,,0.063,
283629,0.951,9768,0,,0.063,
283629,1,9770,0,,0.063,
283629,0.951,9772,0,0,0.063,0
283629,0.809,9774,0,,0.063,
283629,0.587,9776,0,,0.063,
283629,0.309,9778,0,,0.063,
283629,0,9780,0,,0.063,
283629,-0.309,9782,0,,0.063,
283629,-0.587,9784,0,,0.063,
283629,-0.809,9786,0,,0.063,
283629,-0.951,9788,0,,0.063,
283629,-1,9790,0,,0.063,
283629,-0.951,9792,0,0,0.063,0
283629,-0.809,9794,0,,0.063,
283629,-0.587,9796,0,,0.063,
283629,-0.309,9798,0,,0.063,
283629,0,9800,0,,0.063,
283629,0.309,9802,0,,0.063,
283629,0.587,9804,0,,0.063,
283629,0.809,9806,0,,0.063,
283629,0.951,9808,0,,0.063,
283629,1,9810,0,,0.063,
283629,0.951,9812,0,0,0.063,0
283629,0.809,9814,0,,0.063,
283629,0.587,9816,0,,0.063,
283629,0.309,9818,0,,0.063,
283629,0,9820,0,,0.063,
283629,-0.309,9822,0,,0.063,
283629,-0.587,9824,0,,0.063,
283629,-0.809,9826,0,,0.063,
283629,-0.951,9828,0,,0.063,
283629,-1,9830,0,,0.063,
283629,-0.951,9832,0,0,0.063,0
283629,-0.809,9834,0,,0.063,
283629,-0.587,9836,0,,0.063,
283629,-0.309,9838,0,,0.063,
283629,0,9840,0,,0.063,
283629,0.309,9842,0,,0.063,
283629,0.587,9844,0,,0.063,
283629,0.809,9846,0,,0.063,
283629,0.951,9848,0,,0.063,
283629,1,9850,0,,0.063,
283629,0.951,9852,0,0,0.063,0
283629,0.809,9854,0,,0.063,
283629,0.587,9856,0,,0.063,
283629,0.309,9858,0,,0.063,
283629,0,9860,0,,0.063,
283629,-0.309,9862,0,,0.063,
283629,-0.587,9864,0,,0.063,
283629,-0.809,9866,0,,0.063,
283629,-0.951,9868,0,,0.063,
283629,-1,9870,0,,0.063,
283629,-0.951,9872,0,0,0.063,0
283629,-0.809,9874,0,,0.063,
283629,-0.587,9876,0,,0.063,
283629,-0.309,9878,0,,0.063,
283629,0,9880,0,,0.063,
283629,0.309,9882,0,,0.063,
283629,0.587,9884,0,,0.063,
283629,0.809,9886,0,,0.063,
283629,0.951,9888,0,,0.063,
283629,1,9890,0,,0.063,
283629,0.951,9892,0,0,0.063,0
283629,0.809,9894,0,,0.063,
283629,0.587,9896,0,,0.063,
283629,0.309,9898,0,,0.063,
283629,0,9900,0,,0.063,
283629,-0.309,9902,0,,0.063,
283629,-0.587,9904,0,,0.063,
283629,-0.809,9906,0,,0.063,
283629,-0.951,9908,0,,0.063,
283629,-1,9910,0,,0.063,
283629,-0.951,9912,0,0,0.063,0
283629,-0.809,9914,0,,0.063,
283629,-0.587,9916,0,,0.063,
283629,-0.309,9918,0,,0.063,
283629,0,9920,0,,0.063,
283629,0.309,9922,0,,0.063,
283629,0.587,9924,0,,0.063,
283629,0.809,9926,0,,0.063,
283629,0.951,9928,0,,0.063,
283629,1,9930,0,,0.063,
283629,0.951,9932,0,0,0.063,0
283629,0.809,9934,0,,0.063,
283629,0.587,9936,0,,0.063,
283629,0.309,9938,0,,0.063,
283629,0,9940,0,,0.063,
283629,-0.309,9942,0,,0.063,
283629,-0.587,9944,0,,0.063,
283629,-0.809,9946,0,,0.063,
283629,-0.951,9948,0,,0.063,
283629,-1,9950,0,,0.063,
283629,-0.951,9952,0,0,0.063,0
283629,-0.809,9954,0,,0.063,
283629,-0.587,9956,0,,0.063,
283629,-0.309,9958,0,,0.063,
283629,0,9960,0,,0.063,
283629,0.309,9962,0,,0.063,
283629,0.587,9964,0,,0.063,
283629,0.809,9966,0,,0.063,
283629,0.951,9968,0,,0.063,
283629,1,9970,0,,0.063,
283629,0.951,9972,0,0,0.063,0
283629,0.809,9974,0,,0.063,
283629,0.587,9976,0,,0.063,
283629,0.309,9978,0,,0.063,
283629,0,9980,0,,0.063,
283629,-0.309,9982,0,,0.063,
283629,-0.587,9984,0,,0.063,
283629,-0.809,9986,0,,0.063,
283629,-0.951,9988,0,,0.063,
283629,-1,9990,0,,0.063,
283629,-0.951,9992,0,0,0.063,0
283629,-0.809,9994,0,,0.063,
283629,-0.587,9996,0,,0.063,
283629,-0.309,9998,0,,0.063,
283629,0,10000,0,,0.063,
283629,0.309,10002,0,,0.063,
283629,0.587,10004,0,,0.063,
283629,0.809,10006,0,,0.063,
283629,0.951,10008,0,,0.063,
283629,1,10010,0,,0.063,
283629,0.951,10012,0,0,0.063,0
283629,0.809,10014,0,,0.063,
283629,0.587,10016,0,,0.063,
283629,0.309,10018,0,,0.063,
283629,0,10020,0,,0.063,
283629,-0.309,10022,0,,0.063,
283629,-0.587,10024,0,,0.063,
283629,-0.809,10026,0,,0.063,
283629,-0.951,10028,0,,0.063,
283629,-1,10030,0,,0.063,
283629,-0.951,10032,0,0,0.063,0
283629,-0.809,10034,0,,0.063,
283629,-0.587,10036,0,,0.063,
283629,-0.309,10038,0,,0.063,
283629,0,10040,0,,0.063,
283629,0.309,10042,0,,0.063,
283629,0.587,10044,0,,0.063,
283629,0.809,10046,0,,0.063,
283629,0.951,10048,0,,0.063,
283629,1,10050,0,,0.063,
283629,0.951,10052,0,0,0.063,0
283629,0.809,10054,0,,0.063,
283629,0.587,10056,0,,0.063,
283629,0.309,10058,0,,0.063,
283629,0,10060,0,,0.063,
283629,-0.309,10062,0,,0.063,
283629,-0.587,10064,0,,0.063,
283629,-0.809,10066,0,,0.063,
283629,-0.951,10068,0,,0.063,
283629,-1,10070,0,,0.063,
283629,-0.951,10072,0,0,0.063,0
283629,-0.809,10074,0,,0.063,
283629,-0.587,10076,0,,0.063,
283629,-0.309,10078,0,,0.063,
283629,0,10080,0,,0.063,
283629,0.309,10082,0,,0.063,
283629,0.587,10084,0,,0.063,
283629,0.809,10086,0,,0.063,
283629,0.951,10088,0,,0.063,
283629,1,10090,0,,0.063,
283629,0.951,10092,0,0,0.063,0
283629,0.809,10094,0,,0.063,
283629,0.587,10096,0,,0.063,
283629,0.309,10098,0,,0.063,
283629,0,10100,0,,0.063,
283629,-0.309,10102,0,,0.063,
283629,-0.587,10104,0,,0.063,
283629,-0.809,10106,0,,0.063,
283629,-0.951,10108,0,,0.063,
283629,-1,10110,0,,0.063,
283629,-0.951,10112,0,0,0.063,0
283629,-0.809,10114,0,,0.063,
283629,-0.587,10116,0,,0.063,
283629,-0.309,10118,0,,0.063,
283629,0,10120,0,,0.063,
283629,0.309,10122,0,,0.063,
283629,0.587,10124,0,,0.063,
283629,0.809,10126,0,,0.063,
283629,0.951,10128,0,,0.063,
283629,1,10130,0,,0.063,
283629,0.951,10132,0,0,0.063,0
283629,0.809,10134,0,,0.063,
283629,0.587,10136,0,,0.063,
283629,0.309,10138,0,,0.063,
283629,0,10140,0,,0.063,
283629,-0.309,10142,0,,0.063,
283629,-0.587,10144,0,,0.063,
283629,-0.809,10146,0,,0.063,
283629,-0.951,10148,0,,0.063,
283629,-1,10150,0,,0.063,
283629,-0.951,10152,0,0,0.063,0
283629,-0.809,10154,0,,0.063,
283629,-0.587,10156,0,,0.063,
283629,-0.309,10158,0,,0.063,
283629,0,10160,0,,0.063,
283629,0.309,10162,0,,0.063,
283629,0.587,10164,0,,0.063,
283629,0.809,10166,0,,0.063,
283629,0.951,10168,0,,0.063,
283629,1,10170,0,,0.063,
283629,0.951,10172,0,0,0.063,0
283629,0.809,10174,0,,0.063,
283629,0.587,10176,0,,0.063,
283629,0.309,10178,0,,0.063,
283629,0,10180,0,,0.063,
283629,-0.309,10182,0,,0.063,
283629,-0.587,10184,0,,0.063,
283629,-0.809,10186,0,,0.063,
283629,-0.951,10188,0,,0.063,
283629,-1,10190,0,,0.063,
283629,-0.951,10192,0,0,0.063,0
283629,-0.809,10194,0,,0.063,
283629,-0.587,10196,0,,0.063,
283629,-0.309,10198,0,,0.063,
283629,0,10200,0,,0.063,
283629,0.309,10202,0,,0.063,
283629,0.587,10204,0,,0.063,
283629,0.809,10206,0,,0.063,
283629,0.951,10208,0,,0.063,
283629,1,10210,0,,0.063,
283629,0.951,10212,0,0,0.063,0
283629,0.809,10214,0,,0.063,
283629,0.587,10216,0,,0.063,
283629,0.309,10218,0,,0.063,
283629,0,10220,0,,0.063,
283629,-0.309,10222,0,,0.063,
283629,-0.587,10224,0,,0.063,
283629,-0.809,10226,0,,0.063,
283629,-0.951,10228,0,,0.063,
283629,-1,10230,0,,0.063,
283629,-0.951,10232,0,0,0.063,0
283629,-0.809,10234,0,,0.063,
283629,-0.587,10236,0,,0.063,
283629,-0.309,10238,0,,0.063,
283629,0,10240,0,,0.063,
283629,0.309,10242,0,,0.063,
283629,0.587,10244,0,,0.063,
283629,0.809,10246,0,,0.063,
283629,0.951,10248,0,,0.063,
283629,1,10250,0,,0.063,
283629,0.951,10252,0,0,0.063,0
283629,0.809,10254,0,,0.063,
283629,0.587,10256,0,,0.063,
283629,0.309,10258,0,,0.063,
283629,0,10260,0,,0.063,
283629,-0.309,10262,0,,0.063,
283629,-0.587,10264,0,,0.063,
283629,-0.809,10266,0,,0.063,
283629,-0.951,10268,0,,0.063,
283629,-1,10270,0,,0.063,
283629,-0.951,10272,0,0,0.063,0
283629,-0.809,10274,0,,0.063,
283629,-0.587,10276,0,,0.063,
283629,-0.309,10278,0,,0.063,
283629,0,10280,0,,0.063,
283629,0.309,10282,0,,0.063,
283629,0.587,10284,0,,0.063,
283629,0.809,10286,0,,0.063,
283629,0.951,10288,0,,0.063,
283629,1,10290,0,,0.063,
283629,0.951,10292,0,0,0.063,0
283629,0.809,10294,0,,0.063,
283629,0.587,10296,0,,0.063,
283629,0.309,10298,0,,0.063,
283629,0,10300,0,,0.063,
283629,-0.309,10302,0,,0.063,
283629,-0.587,10304,0,,0.063,
283629,-0.809,10306,0,,0.063,
283629,-0.951,10308,0,,0.063,
283629,-1,10310,0,,0.063,
283629,-0.951,10312,0,0,0.063,0
283629,-0.809,10314,0,,0.063,
283629,-0.587,10316,0,,0.063,
283629,-0.309,10318,0,,0.063,
283629,0,10320,0,,0.063,
283629,0.309,10322,0,,0.063,
283629,0.587,10324,0,,0.063,
283629,0.809,10326,0,,0.063,
283629,0.951,10328,0,,0.063,
283629,1,10330,0,,0.063,
283629,0.951,10332,0,0,0.063,0
283629,0.809,10334,0,,0.063,
283629,0.587,10336,0,,0.063,
283629,0.309,10338,0,,0.063,
283629,0,10340,0,,0.063,
283629,-0.309,10342,0,,0.063,
283629,-0.587,10344,0,,0.063,
283629,-0.809,10346,0,,0.063,
283629,-0.951,10348,0,,0.063,
283629,-1,10350,0,,0.063,
283629,-0.951,10352,0,0,0.063,0
283629,-0.809,10354,0,,0.063,
283629,-0.587,10356,0,,0.063,
283629,-0.309,10358,0,,0.063,
283629,0,10360,0,,0.063,
283629,0.309,10362,0,,0.063,
283629,0.587,10364,0,,0.063,
283629,0.809,10366,0,,0.063,
283629,0.951,10368,0,,0.063,
283629,1,10370,0,,0.063,
283629,0.951,10372,0,0,0.063,0
283629,0.809,10374,0,,0.063,
283629,0.587,10376,0,,0.063,
283629,0.309,10378,0,,0.063,
283629,0,10380,0,,0.063,
283629,-0.309,10382,0,,0.063,
283629,-0.587,10384,0,,0.063,
283629,-0.809,10386,0,,0.063,
283629,-0.951,10388,0,,0.063,
283629,-1,10390,0,,0.063,
283629,-0.951,10392,0,0,0.063,0
283629,-0.809,10394,0,,0.063,
283629,-0.587,10396,0,,0.063,
283629,-0.309,10398,0,,0.063,
283629,0,10400,0,,0.063,
283629,0.309,10402,0,,0.063,
283629,0.587,10404,0,,0.063,
283629,0.809,10406,0,,0.063,
283629,0.951,10408,0,,0.063,
283629,1,10410,0,,0.063,
283629,0.951,10412,0,0,0.063,0
283629,0.809,10414,0,,0.063,
283629,0.587,10416,0,,0.063,
283629,0.309,10418,0,,0.063,
283629,0,10420,0,,0.063,
283629,-0.309,10422,0,,0.063,
283629,-0.587,10424,0,,0.063,
283629,-0.809,10426,0,,0.063,
283629,-0.951,10428,0,,0.063,
283629,-1,10430,0,,0.063,
283629,-0.951,10432,0,0,0.063,0
283629,-0.809,10434,0,,0.063,
283629,-0.587,10436,0,,0.063,
283629,-0.309,10438,0,,0.063,
283629,0,10440,0,,0.063,
283629,0.309,10442,0,,0.063,
283629,0.587,10444,0,,0.063,
283629,0.809,10446,0,,0.063,
283629,0.951,10448,0,,0.063,
283629,1,10450,0,,0.063,
283629,0.951,10452,0,0,0.063,0
283629,0.809,10454,0,,0.063,
283629,0.587,10456,0,,0.063,
283629,0.309,10458,0,,0.063,
283629,0,10460,0,,0.063,
283629,-0.309,10462,0,,0.063,
283629,-0.587,10464,0,,0.063,
283629,-0.809,10466,0,,0.063,
283629,-0.951,10468,0,,0.063,
283629,-1,10470,0,,0.063,
283629,-0.951,10472,0,0,0.063,0
283629,-0.809,10474,0,,0.063,
283629,-0.587,10476,0,,0.063,
283629,-0.309,10478,0,,0.063,
283629,0,10480,0,,0.063,
283629,0.309,10482,0,,0.063,
283629,0.587,10484,0,,0.063,
283629,0.809,10486,0,,0.063,
283629,0.951,10488,0,,0.063,
283629,1,10490,0,,0.063,
283629,0.951,10492,0,0,0.063,0
283629,0.809,10494,0,,0.063,
283629,0.587,10496,0,,0.063,
283629,0.309,10498,0,,0.063,
283629,0,10500,0,,0.063,
283629,-0.309,10502,0,,0.063,
283629,-0.587,10504,0,,0.063,
283629,-0.809,10506,0,,0.063,
283629,-0.951,10508,0,,0.063,
283629,-1,10510,0,,0.063,
283629,-0.951,10512,0,0,0.063,0
283629,-0.809,10514,0,,0.063,
283629,-0.587,10516,0,,0.063,
283629,-0.309,10518,0,,0.063,
283629,0,10520,0,,0.063,
283629,0.309,10522,0,,0.063,
283629,0.587,10524,0,,0.063,
283629,0.809,10526,0,,0.063,
283629,0.951,10528,0,,0.063,
283629,1,10530,0,,0.063,
283629,0.951,10532,0,0,0.063,0
283629,0.809,10534,0,,0.063,
283629,0.587,10536,0,,0.063,
283629,0.309,10538,0,,0.063,
283629,0,10540,0,,0.063,
283629,-0.309,10542,0,,0.063,
283629,-0.587,10544,0,,0.063,
283629,-0.809,10546,0,,0.063,
283629,-0.951,10548,0,,0.063,
283629,-1,10550,0,,0.063,
283629,-0.951,10552,0,0,0.063,0
283629,-0.809,10554,0,,0.063,
283629,-0.587,10556,0,,0.063,
283629,-0.309,10558,0,,0.063,
283629,0,10560,0,,0.063,
283629,0.309,10562,0,,0.063,
283629,0.587,10564,0,,0.063,
283629,0.809,10566,0,,0.063,
283629,0.951,10568,0,,0.063,
283629,1,10570,0,,0.063,
283629,0.951,10572,0,0,0.063,0
283629,0.809,10574,0,,0.063,
283629,0.587,10576,0,,0.063,
283629,0.309,10578,0,,0.063,
283629,0,10580,0,,0.063,
283629,-0.309,10582,0,,0.063,
283629,-0.587,10584,0,,0.063,
283629,-0.809,10586,0,,0.063,
283629,-0.951,10588,0,,0.063,
283629,-1,10590,0,,0.063,
283629,-0.951,10592,0,0,0.063,0
283629,-0.809,10594,0,,0.063,
283629,-0.587,10596,0,,0.063,
283629,-0.309,10598,0,,0.063,
283629,0,10600,0,,0.063,
283629,0.309,10602,0,,0.063,
283629,0.587,10604,0,,0.063,
283629,0.809,10606,0,,0.063,
283629,0.951,10608,0,,0.063,
283629,1,10610,0,,0.063,
283629,0.951,10612,0,0,0.063,0
283629,0.809,10614,0,,0.063,
283629,0.587,10616,0,,0.063,
283629,0.309,10618,0,,0.063,
283629,0,10620,0,,0.063,
283629,-0.309,10622,0,,0.063,
283629,-0.587,10624,0,,0.063,
283629,-0.809,10626,0,,0.063,
283629,-0.951,10628,0,,0.063,
283629,-1,10630,0,,0.063,
283629,-0.951,10632,0,0,0.063,0
283629,-0.809,10634,0,,0.063,
283629,-0.587,10636,0,,0.063,
283629,-0.309,10638,0,,0.063,
283629,0,10640,0,,0.063,
283629,0.309,10642,0,,0.063,
283629,0.587,10644,0,,0.063,
283629,0.809,10646,0,,0.063,
283629,0.951,10648,0,,0.063,
283629,1,10650,0,,0.063,
283629,0.951,10652,0,0,0.063,0
283629,0.809,10654,0,,0.063,
283629,0.587,10656,0,,0.063,
283629,0.309,10658,0,,0.063,
283629,0,10660,0,,0.063,
283629,-0.309,10662,0,,0.063,
283629,-0.587,10664,0,,0.063,
283629,-0.809,10666,0,,0.063,
283629,-0.951,10668,0,,0.063,
283629,-1,10670,0,,0.063,
283629,-0.951,10672,0,0,0.063,0
283629,-0.809,10674,0,,0.063,
283629,-0.587,10676,0,,0.063,
283629,-0.309,10678,0,,0.063,
283629,0,10680,0,,0.063,
283629,0.309,10682,0,,0.063,
283629,0.587,10684,0,,0.063,
283629,0.809,10686,0,,0.063,
283629,0.951,10688,0,,0.063,
283629,1,10690,0,,0.063,
283629,0.951,10692,0,0,0.063,0
283629,0.809,10694,0,,0.063,
283629,0.587,10696,0,,0.063,
283629,0.309,10698,0,,0.063,
283629,0,10700,0,,0.063,
283629,-0.309,10702,0,,0.063,
283629,-0.587,10704,0,,0.063,
283629,-0.809,10706,0,,0.063,
283629,-0.951,10708,0,,0.063,
283629,-1,10710,0,,0.063,
283629,-0.951,10712,0,0,0.063,0
283629,-0.809,10714,0,,0.063,
283629,-0.587,10716,0,,0.063,
283629,-0.309,10718,0,,0.063,
283629,0,10720,0,,0.063,
283629,0.309,10722,0,,0.063,
283629,0.587,10724,0,,0.063,
283629,0.809,10726,0,,0.063,
283629,0.951,10728,0,,0.063,
283629,1,10730,0,,0.063,
283629,0.951,10732,0,0,0.063,0
283629,0.809,10734,0,,0.063,
283629,0.587,10736,0,,0.063,
283629,0.309,10738,0,,0.063,
283629,0,10740,0,,0.063,
283629,-0.309,10742,0,,0.063,
283629,-0.587,10744,0,,0.063,
283629,-0.809,10746,0,,0.063,
283629,-0.951,10748,0,,0.063,
283629,-1,10750,0,,0.063,
283629,-0.951,10752,0,0,0.063,0
283629,-0.809,10754,0,,0.063,
283629,-0.587,10756,0,,0.063,
283629,-0.309,10758,0,,0.063,
283629,0,10760,0,,0.063,
283629,0.309,10762,0,,0.063,
283629,0.587,10764,0,,0.063,
283629,0.809,10766,0,,0.063,
283629,0.951,10768,0,,0.063,
283629,1,10770,0,,0.063,
283629,0.951,10772,0,0,0.063,0
283629,0.809,10774,0,,0.063,
283629,0.587,10776,0,,0.063,
283629,0.309,10778,0,,0.063,
283629,0,10780,0,,0.063,
283629,-0.309,10782,0,,0.063,
283629,-0.587,10784,0,,0.063,
283629,-0.809,10786,0,,0.063,
283629,-0.951,10788,0,,0.063,
283629,-1,10790,0,,0.063,
283629,-0.951,10792,0,0,0.063,0
283629,-0.809,10794,0,,0.063,
283629,-0.587,10796,0,,0.063,
283629,-0.309,10798,0,,0.063,
283629,0,10800,0,,0.063,
283629,0.309,10802,0,,0.063,
283629,0.587,10804,0,,0.063,
283629,0.809,10806,0,,0.063,
283629,0.951,10808,0,,0.063,
283629,1,10810,0,,0.063,
283629,0.951,10812,0,0,0.063,0
283629,0.809,10814,0,,0.063,
283629,0.587,10816,0,,0.063,
283629,0.309,10818,0,,0.063,
283629,0,10820,0,,0.063,
283629,-0.309,10822,0,,0.063,
283629,-0.587,10824,0,,0.063,
283629,-0.809,10826,0,,0.063,
283629,-0.951,10828,0,,0.063,
283629,-1,10830,0,,0.063,
283629,-0.951,10832,0,0,0.063,0
283629,-0.809,10834,0,,0.063,
283629,-0.587,10836,0,,0.063,
283629,-0.309,10838,0,,0.063,
283629,0,10840,0,,0.063,
283629,0.309,10842,0,,0.063,
283629,0.587,10844,0,,0.063,
283629,0.809,10846,0,,0.063,
283629,0.951,10848,0,,0.063,
283629,1,10850,0,,0.063,
283629,0.951,10852,0,0,0.063,0
283629,0.809,10854,0,,0.063,
283629,0.587,10856,0,,0.063,
283629,0.309,10858,0,,0.063,
283629,0,10860,0,,0.063,
283629,-0.309,10862,0,,0.063,
283629,-0.587,10864,0,,0.063,
283629,-0.809,10866,0,,0.063,
283629,-0.951,10868,0,,0.063,
283629,-1,10870,0,,0.063,
283629,-0.951,10872,0,0,0.063,0
283629,-0.809,10874,0,,0.063,
283629,-0.587,10876,0,,0.063,
283629,-0.309,10878,0,,0.063,
283629,0,10880,0,,0.063,
283629,0.309,10882,0,,0.063,
283629,0.587,10884,0,,0.063,
283629,0.809,10886,0,,0.063,
283629,0.951,10888,0,,0.063,
283629,1,10890,0,,0.063,
283629,0.951,10892,0,0,0.063,0
283629,0.809,10894,0,,0.063,
283629,0.587,10896,0,,0.063,
283629,0.309,10898,0,,0.063,
283629,0,10900,0,,0.063,
283629,-0.309,10902,0,,0.063,
283629,-0.587,10904,0,,0.063,
283629,-0.809,10906,0,,0.063,
283629,-0.951,10908,0,,0.063,
283629,-1,10910,0,,0.063,
283629,-0.951,10912,0,0,0.063,0
283629,-0.809,10914,0,,0.063,
283629,-0.587,10916,0,,0.063,
283629,-0.309,10918,0,,0.063,
283629,0,10920,0,,0.063,
283629,0.309,10922,0,,0.063,
283629,0.587,10924,0,,0.063,
283629,0.809,10926,0,,0.063,
283629,0.951,10928,0,,0.063,
283629,1,10930,0,,0.063,
283629,0.951,10932,0,0,0.063,0
283629,0.809,10934,0,,0.063,
283629,0.587,10936,0,,0.063,
283629,0.309,10938,0,,0.063,
283629,0,10940,0,,0.063,
283629,-0.309,10942,0,,0.063,
283629,-0.587,10944,0,,0.063,
283629,-0.809,10946,0,,0.063,
283629,-0.951,10948,0,,0.063,
283629,-1,10950,0,,0.063,
283629,-0.951,10952,0,0,0.063,0
283629,-0.809,10954,0,,0.063,
283629,-0.587,10956,0,,0.063,
283629,-0.309,10958,0,,0.063,
283629,0,10960,0,,0.063,
283629,0.309,10962,0,,0.063,
283629,0.587,10964,0,,0.063,
283629,0.809,10966,0,,0.063,
283629,0.951,10968,0,,0.063,
283629,1,10970,0,,0.063,
283629,0.951,10972,0,0,0.063,0
283629,0.809,10974,0,,0.063,
283629,0.587,10976,0,,0.063,
283629,0.309,10978,0,,0.063,
283629,0,10980,0,,0.063,
283629,-0.309,10982,0,,0.063,
283629,-0.587,10984,0,,0.063,
283629,-0.809,10986,0,,0.063,
283629,-0.951,10988,0,,0.063,
283629,-1,10990,0,,0.063,
283629,-0.951,10992,0,0,0.063,0
283629,-0.809,10994,0,,0.063,
283629,-0.587,10996,0,,0.063,
283629,-0.309,10998,0,,0.063,
283629,0,11000,0,,0.063,
283629,0.309,11002,0,,0.063,
283629,0.587,11004,0,,0.063,
283629,0.809,11006,0,,0.063,
283629,0.951,11008,0,,0.063,
283629,1,11010,0,,0.063,
283629,0.951,11012,0,0,0.063,0
283629,0.809,11014,0,,0.063,
283629,0.587,11016,0,,0.063,
283629,0.309,11018,0,,0.063,
283629,0,11020,0,,0.063,
283629,-0.309,11022,0,,0.063,
283629,-0.587,11024,0,,0.063,
283629,-0.809,11026,0,,0.063,
283629,-0.951,11028,0,,0.063,
283629,-1,11030,0,,0.063,
283629,-0.951,11032,0,0,0.063,0
283629,-0.809,11034,0,,0.063,
283629,-0.587,11036,0,,0.063,
283629,-0.309,11038,0,,0.063,
283629,0,11040,0,,0.063,
283629,0.309,11042,0,,0.063,
283629,0.587,11044,0,,0.063,
283629,0.809,11046,0,,0.063,
283629,0.951,11048,0,,0.063,
283629,1,11050,0,,0.063,
283629,0.951,11052,0,0,0.063,0
283629,0.809,11054,0,,0.063,
283629,0.587,11056,0,,0.063,
283629,0.309,11058,0,,0.063,
283629,0,11060,0,,0.063,
283629,-0.309,11062,0,,0.063,
283629,-0.587,11064,0,,0.063,
283629,-0.809,11066,0,,0.063,
283629,-0.951,11068,0,,0.063,
283629,-1,11070,0,,0.063,
283629,-0.951,11072,0,0,0.063,0
283629,-0.809,11074,0,,0.063,
283629,-0.587,11076,0,,0.063,
283629,-0.309,11078,0,,0.063,
283629,0,11080,0,,0.063,
283629,0.309,11082,0,,0.063,
283629,0.587,11084,0,,0.063,
283629,0.809,11086,0,,0.063,
283629,0.951,11088,0,,0.063,
283629,1,11090,0,,0.063,
283629,0.951,11092,0,0,0.063,0
283629,0.809,11094,0,,0.063,
283629,0.587,11096,0,,0.063,
283629,0.309,11098,0,,0.063,
283629,0,11100,0,,0.063,
283629,-0.309,11102,0,,0.063,
283629,-0.587,11104,0,,0.063,
283629,-0.809,11106,0,,0.063,
283629,-0.951,11108,0,,0.063,
283629,-1,11110,0,,0.063,
283629,-0.951,11112,0,0,0.063,0
283629,-0.809,11114,0,,0.063,
283629,-0.587,11116,0,,0.063,
283629,-0.309,11118,0,,0.063,
283629,0,11120,0,,0.063,
283629,0.309,11122,0,,0.063,
283629,0.587,11124,0,,0.063,
283629,0.809,11126,0,,0.063,
283629,0.951,11128,0,,0.063,
283629,1,11130,0,,0.063,
283629,0.951,11132,0,0,0.063,0
283629,0.809,11134,0,,0.063,
283629,0.587,11136,0,,0.063,
283629,0.309,11138,0,,0.063,
283629,0,11140,0,,0.063,
283629,-0.309,11142,0,,0.063,
283629,-0.587,11144,0,,0.063,
283629,-0.809,11146,0,,0.063,
283629,-0.951,11148,0,,0.063,
283629,-1,11150,0,,0.063,
283629,-0.951,11152,0,0,0.063,0
283629,-0.809,11154,0,,0.063,
283629,-0.587,11156,0,,0.063,
283629,-0.309,11158,0,,0.063,
283629,0,11160,0,,0.063,
283629,0.309,11162,0,,0.063,
283629,0.587,11164,0,,0.063,
283629,0.809,11166,0,,0.063,
283629,0.951,11168,0,,0.063,
283629,1,11170,0,,0.063,
283629,0.951,11172,0,0,0.063,0
283629,0.809,11174,0,,0.063,
283629,0.587,11176,0,,0.063,
283629,0.309,11178,0,,0.063,
283629,0,11180,0,,0.063,
283629,-0.309,11182,0,,0.063,
283629,-0.587,11184,0,,0.063,
283629,-0.809,11186,0,,0.063,
283629,-0.951,11188,0,,0.063,
283629,-1,11190,0,,0.063,
283629,-0.951,11192,0,0,0.063,0
283629,-0.809,11194,0,,0.063,
283629,-0.587,11196,0,,0.063,
283629,-0.309,11198,0,,0.063,
283629,0,11200,0,,0.063,
283629,0.309,11202,0,,0.063,
283629,0.587,11204,0,,0.063,
283629,0.809,11206,0,,0.063,
283629,0.951,11208,0,,0.063,
283629,1,11210,0,,0.063,
283629,0.951,11212,0,0,0.063,0
283629,0.809,11214,0,,0.063,
283629,0.587,11216,0,,0.063,
283629,0.309,11218,0,,0.063,
283629,0,11220,0,,0.063,
283629,-0.309,11222,0,,0.063,
283629,-0.587,11224,0,,0.063,
283629,-0.809,11226,0,,0.063,
283629,-0.951,11228,0,,0.063,
283629,-1,11230,0,,0.063,
283629,-0.951,11232,0,0,0.063,0
283629,-0.809,11234,0,,0.063,
283629,-0.587,11236,0,,0.063,
283629,-0.309,11238,0,,0.063,
283629,0,11240,0,,0.063,
283629,0.309,11242,0,,0.063,
283629,0.587,11244,0,,0.063,
283629,0.809,11246,0,,0.063,
283629,0.951,11248,0,,0.063,
283629,1,11250,0,,0.063,
283629,0.951,11252,0,0,0.063,0
283629,0.809,11254,0,,0.063,
283629,0.587,11256,0,,0.063,
283629,0.309,11258,0,,0.063,
283629,0,11260,0,,0.063,
283629,-0.309,11262,0,,0.063,
283629,-0.587,11264,0,,0.063,
283629,-0.809,11266,0,,0.063,
283629,-0.951,11268,0,,0.063,
283629,-1,11270,0,,0.063,
283629,-0.951,11272,0,0,0.063,0
283629,-0.809,11274,0,,0.063,
283629,-0.587,11276,0,,0.063,
283629,-0.309,11278,0,,0.063,
283629,0,11280,0,,0.063,
283629,0.309,11282,0,,0.063,
283629,0.587,11284,0,,0.063,
283629,0.809,11286,0,,0.063,
283629,0.951,11288,0,,0.063,
283629,1,11290,0,,0.063,
283629,0.951,11292,0,0,0.063,0
283629,0.809,11294,0,,0.063,
283629,0.587,11296,0,,0.063,
283629,0.309,11298,0,,0.063,
283629,0,11300,0,,0.063,
283629,-0.309,11302,0,,0.063,
283629,-0.587,11304,0,,0.063,
283629,-0.809,11306,0,,0.063,
283629,-0.951,11308,0,,0.063,
283629,-1,11310,0,,0.063,
283629,-0.951,11312,0,0,0.063,0
283629,-0.809,11314,0,,0.063,
283629,-0.587,11316,0,,0.063,
283629,-0.309,11318,0,,0.063,
283629,0,11320,0,,0.063,
283629,0.309,11322,0,,0.063,
283629,0.587,11324,0,,0.063,
283629,0.809,11326,0,,0.063,
283629,0.951,11328,0,,0.063,
283629,1,11330,0,,0.063,
283629,0.951,11332,0,0,0.063,0
283629,0.809,11334,0,,0.063,
283629,0.587,11336,0,,0.063,
283629,0.309,11338,0,,0.063,
283629,0,11340,0,,0.063,
283629,-0.309,11342,0,,0.063,
283629,-0.587,11344,0,,0.063,
283629,-0.809,11346,0,,0.063,
283629,-0.951,11348,0,,0.063,
283629,-1,11350,0,,0.063,
283629,-0.951,11352,0,0,0.063,0
283629,-0.809,11354,0,,0.063,
283629,-0.587,11356,0,,0.063,
283629,-0.309,11358,0,,0.063,
283629,0,11360,0,,0.063,
283629,0.309,11362,0,,0.063,
283629,0.587,11364,0,,0.063,
283629,0.809,11366,0,,0.063,
283629,0.951,11368,0,,0.063,
283629,1,11370,0,,0.063,
283629,0.951,11372,0,0,0.063,0
283629,0.809,11374,0,,0.063,
283629,0.587,11376,0,,0.063,
283629,0.309,11378,0,,0.063,
283629,0,11380,0,,0.063,
283629,-0.309,11382,0,,0.063,
283629,-0.587,11384,0,,0.063,
283629,-0.809,11386,0,,0.063,
283629,-0.951,11388,0,,0.063,
283629,-1,11390,0,,0.063,
283629,-0.951,11392,0,0,0.063,0
283629,-0.809,11394,0,,0.063,
283629,-0.587,11396,0,,0.063,
283629,-0.309,11398,0,,0.063,
283629,0,11400,0,,0.063,
283629,0.309,11402,0,,0.063,
283629,0.587,11404,0,,0.063,
283629,0.809,11406,0,,0.063,
283629,0.951,11408,0,,0.063,
283629,1,11410,0,,0.063,
283629,0.951,11412,0,0,0.063,0
283629,0.809,11414,0,,0.063,
283629,0.587,11416,0,,0.063,
283629,0.309,11418,0,,0.063,
283629,0,11420,0,,0.063,
283629,-0.309,11422,0,,0.063,
283629,-0.587,11424,0,,0.063,
283629,-0.809,11426,0,,0.063,
283629,-0.951,11428,0,,0.063,
283629,-1,11430,0,,0.063,
283629,-0.951,11432,0,0,0.063,0
283629,-0.809,11434,0,,0.063,
283629,-0.587,11436,0,,0.063,
283629,-0.309,11438,0,,0.063,
283629,0,11440,0,,0.063,
283629,0.309,11442,0,,0.063,
283629,0.587,11444,0,,0.063,
283629,0.809,11446,0,,0.063,
283629,0.951,11448,0,,0.063,
283629,1,11450,0,,0.063,
283629,0.951,11452,0,0,0.063,0
283629,0.809,11454,0,,0.063,
283629,0.587,11456,0,,0.063,
283629,0.309,11458,0,,0.063,
283629,0,11460,0,,0.063,
283629,-0.309,11462,0,,0.063,
283629,-0.587,11464,0,,0.063,
283629,-0.809,11466,0,,0.063,
283629,-0.951,11468,0,,0.063,
283629,-1,11470,0,,0.063,
283629,-0.951,11472,0,0,0.063,0
283629,-0.809,11474,0,,0.063,
283629,-0.587,11476,0,,0.063,
283629,-0.309,11478,0,,0.063,
283629,0,11480,0,,0.063,
283629,0.309,11482,0,,0.063,
283629,0.587,11484,0,,0.063,
283629,0.809,11486,0,,0.063,
283629,0.951,11488,0,,0.063,
283629,1,11490,0,,0.063,
283629,0.951,11492,0,0,0.063,0
283629,0.809,11494,0,,0.063,
283629,0.587,11496,0,,0.063,
283629,0.309,11498,0,,0.063,
283629,0,11500,0,,0.063,
283629,-0.309,11502,0,,0.063,
283629,-0.587,11504,0,,0.063,
283629,-0.809,11506,0,,0.063,
283629,-0.951,11508,0,,0.063,
283629,-1,11510,0,,0.063,
283629,-0.951,11512,0,0,0.063,0
283629,-0.809,11514,0,,0.063,
283629,-0.587,11516,0,,0.063,
283629,-0.309,11518,0,,0.063,
283629,0,11520,0,,0.063,
283629,0.309,11522,0,,0.063,
283629,0.587,11524,0,,0.063,
283629,0.809,11526,0,,0.063,
283629,0.951,11528,0,,0.063,
283629,1,11530,0,,0.063,
283629,0.951,11532,0,0,0.063,0
283629,0.809,11534,0,,0.063,
283629,0.587,11536,0,,0.063,
283629,0.309,11538,0,,0.063,
283629,0,11540,0,,0.063,
283629,-0.309,11542,0,,0.063,
283629,-0.587,11544,0,,0.063,
283629,-0.809,11546,0,,0.063,
283629,-0.951,11548,0,,0.063,
283629,-1,11550,0,,0.063,
283629,-0.951,11552,0,0,0.063,0
283629,-0.809,11554,0,,0.063,
283629,-0.587,11556,0,,0.063,
283629,-0.309,11558,0,,0.063,
283629,0,11560,0,,0.063,
283629,0.309,11562,0,,0.063,
283629,0.587,11564,0,,0.063,
283629,0.809,11566,0,,0.063,
283629,0.951,11568,0,,0.063,
283629,1,11570,0,,0.063,
283629,0.951,11572,0,0,0.063,0
283629,0.809,11574,0,,0.063,
283629,0.587,11576,0,,0.063,
283629,0.309,11578,0,,0.063,
283629,0,11580,0,,0.063,
283629,-0.309,11582,0,,0.063,
283629,-0.587,11584,0,,0.063,
283629,-0.809,11586,0,,0.063,
283629,-0.951,11588,0,,0.063,
283629,-1,11590,0,,0.063,
283629,-0.951,11592,0,0,0.063,0
283629,-0.809,11594,0,,0.063,
283629,-0.587,11596,0,,0.063,
283629,-0.309,11598,0,,0.063,
283629,0,11600,0,,0.063,
283629,0.309,11602,0,,0.063,
283629,0.587,11604,0,,0.063,
283629,0.809,11606,0,,0.063,
283629,0.951,11608,0,,0.063,
283629,1,11610,0,,0.063,
283629,0.951,11612,0,0,0.063,0
283629,0.809,11614,0,,0.063,
283629,0.587,11616,0,,0.063,
283629,0.309,11618,0,,0.063,
283629,0,11620,0,,0.063,
283629,-0.309,11622,0,,0.063,
283629,-0.587,11624,0,,0.063,
283629,-0.809,11626,0,,0.063,
283629,-0.951,11628,0,,0.063,
283629,-1,11630,0,,0.063,
283629,-0.951,11632,0,0,0.063,0
283629,-0.809,11634,0,,0.063,
283629,-0.587,11636,0,,0.063,
283629,-0.309,11638,0,,0.063,
283629,0,11640,0,,0.063,
283629,0.309,11642,0,,0.063,
283629,0.587,11644,0,,0.063,
283629,0.809,11646,0,,0.063,
283629,0.951,11648,0,,0.063,
283629,1,11650,0,,0.063,
283629,0.951,11652,0,0,0.063,0
283629,0.809,11654,0,,0.063,
283629,0.587,11656,0,,0.063,
283629,0.309,11658,0,,0.063,
283629,0,11660,0,,0.063,
283629,-0.309,11662,0,,0.063,
283629,-0.587,11664,0,,0.063,
283629,-0.809,11666,0,,0.063,
283629,-0.951,11668,0,,0.063,
283629,-1,11670,0,,0.063,
283629,-0.951,11672,0,0,0.063,0
283629,-0.809,11674,0,,0.063,
283629,-0.587,11676,0,,0.063,
283629,-0.309,11678,0,,0.063,
283629,0,11680,0,,0.063,
283629,0.309,11682,0,,0.063,
283629,0.587,11684,0,,0.063,
283629,0.809,11686,0,,0.063,
283629,0.951,11688,0,,0.063,
283629,1,11690,0,,0.063,
283629,0.951,11692,0,0,0.063,0
283629,0.809,11694,0,,0.063,
283629,0.587,11696,0,,0.063,
283629,0.309,11698,0,,0.063,
283629,0,11700,0,,0.063,
283629,-0.309,11702,0,,0.063,
283629,-0.587,11704,0,,0.063,
283629,-0.809,11706,0,,0.063,
283629,-0.951,11708,0,,0.063,
283629,-1,11710,0,,0.063,
283629,-0.951,11712,0,0,0.063,0
283629,-0.809,11714,0,,0.063,
283629,-0.587,11716,0,,0.063,
283629,-0.309,11718,0,,0.063,
283629,0,11720,0,,0.063,
283629,0.309,11722,0,,0.063,
283629,0.587,11724,0,,0.063,
283629,0.809,11726,0,,0.063,
283629,0.951,11728,0,,0.063,
283629,1,11730,0,,0.063,
283629,0.951,11732,0,0,0.063,0
283629,0.809,11734,0,,0.063,
283629,0.587,11736,0,,0.063,
283629,0.309,11738,0,,0.063,
283629,0,11740,0,,0.063,
283629,-0.309,11742,0,,0.063,
283629,-0.587,11744,0,,0.063,
283629,-0.809,11746,0,,0.063,
283629,-0.951,11748,0,,0.063,
283629,-1,11750,0,,0.063,
283629,-0.951,11752,0,0,0.063,0
283629,-0.809,11754,0,,0.063,
283629,-0.587,11756,0,,0.063,
283629,-0.309,11758,0,,0.063,
283629,0,11760,0,,0.063,
283629,0.309,11762,0,,0.063,
283629,0.587,11764,0,,0.063,
283629,0.809,11766,0,,0.063,
283629,0.951,11768,0,,0.063,
283629,1,11770,0,,0.063,
283629,0.951,11772,0,0,0.063,0
283629,0.809,11774,0,,0.063,
283629,0.587,11776,0,,0.063,
283629,0.309,11778,0,,0.063,
283629,0,11780,0,,0.063,
283629,-0.309,11782,0,,0.063,
283629,-0.587,11784,0,,0.063,
283629,-0.809,11786,0,,0.063,
283629,-0.951,11788,0,,0.063,
283629,-1,11790,0,,0.063,
283629,-0.951,11792,0,0,0.063,0
283629,-0.809,11794,0,,0.063,
283629,-0.587,11796,0,,0.063,
283629,-0.309,11798,0,,0.063,
283629,0,11800,0,,0.063,
283629,0.309,11802,0,,0.063,
283629,0.587,11804,0,,0.063,
283629,0.809,11806,0,,0.063,
283629,0.951,11808,0,,0.063,
283629,1,11810,0,,0.063,
283629,0.951,11812,0,0,0.063,0
283629,0.809,11814,0,,0.063,
283629,0.587,11816,0,,0.063,
283629,0.309,11818,0,,0.063,
283629,0,11820,0,,0.063,
283629,-0.309,11822,0,,0.063,
283629,-0.587,11824,0,,0.063,
283629,-0.809,11826,0,,0.063,
283629,-0.951,11828,0,,0.063,
283629,-1,11830,0,,0.063,
283629,-0.951,11832,0,0,0.063,0
283629,-0.809,11834,0,,0.063,
283629,-0.587,11836,0,,0.063,
283629,-0.309,11838,0,,0.063,
283629,0,11840,0,,0.063,
283629,0.309,11842,0,,0.063,
283629,0.587,11844,0,,0.063,
283629,0.809,11846,0,,0.063,
283629,0.951,11848,0,,0.063,
283629,1,11850,0,,0.063,
283629,0.951,11852,0,0,0.063,0
283629,0.809,11854,0,,0.063,
283629,0.587,11856,0,,0.063,
283629,0.309,11858,0,,0.063,
283629,0,11860,0,,0.063,
283629,-0.309,11862,0,,0.063,
283629,-0.587,11864,0,,0.063,
283629,-0.809,11866,0,,0.063,
283629,-0.951,11868,0,,0.063,
283629,-1,11870,0,,0.063,
283629,-0.951,11872,0,0,0.063,0
283629,-0.809,11874,0,,0.063,
283629,-0.587,11876,0,,0.063,
283629,-0.309,11878,0,,0.063,
283629,0,11880,0,,0.063,
283629,0.309,11882,0,,0.063,
283629,0.587,11884,0,,0.063,
283629,0.809,11886,0,,0.063,
283629,0.951,11888,0,,0.063,
283629,1,11890,0,,0.063,
283629,0.951,11892,0,0,0.063,0
283629,0.809,11894,0,,0.063,
283629,0.587,11896,0,,0.063,
283629,0.309,11898,0,,0.063,
283629,0,11900,0,,0.063,
283629,-0.309,11902,0,,0.063,
283629,-0.587,11904,0,,0.063,
283629,-0.809,11906,0,,0.063,
283629,-0.951,11908,0,,0.063,
283629,-1,11910,0,,0.063,
283629,-0.951,11912,0,0,0.063,0
283629,-0.809,11914,0,,0.063,
283629,-0.587,11916,0,,0.063,
283629,-0.309,11918,0,,0.063,
283629,0,11920,0,,0.063,
283629,0.309,11922,0,,0.063,
283629,0.587,11924,0,,0.063,
283629,0.809,11926,0,,0.063,
283629,0.951,11928,0,,0.063,
283629,1,11930,0,,0.063,
283629,0.951,11932,0,0,0.063,0
283629,0.809,11934,0,,0.063,
283629,0.587,11936,0,,0.063,
283629,0.309,11938,0,,0.063,
283629,0,11940,0,,0.063,
283629,-0.309,11942,0,,0.063,
283629,-0.587,11944,0,,0.063,
283629,-0.809,11946,0,,0.063,
283629,-0.951,11948,0,,0.063,
283629,-1,11950,0,,0.063,
283629,-0.951,11952,0,0,0.063,0
283629,-0.809,11954,0,,0.063,
283629,-0.587,11956,0,,0.063,
283629,-0.309,11958,0,,0.063,
283629,0,11960,0,,0.063,
283629,0.309,11962,0,,0.063,
283629,0.587,11964,0,,0.063,
283629,0.809,11966,0,,0.063,
283629,0.951,11968,0,,0.063,
283629,1,11970,0,,0.063,
283629,0.951,11972,0,0,0.063,0
283629,0.809,11974,0,,0.063,
283629,0.587,11976,0,,0.063,
283629,0.309,11978,0,,0.063,
283629,0,11980,0,,0.063,
283629,-0.309,11982,0,,0.063,
283629,-0.587,11984,0,,0.063,
283629,-0.809,11986,0,,0.063,
283629,-0.951,11988,0,,0.063,
283629,-1,11990,0,,0.063,
283629,-0.951,11992,0,0,0.063,0
283629,-0.809,11994,0,,0.063,
283629,-0.587,11996,0,,0.063,
283629,-0.309,11998,0,,0.063,
283629,0,12000,0,,0.063,
283629,0.309,12002,0,,0.063,
283629,0.587,12004,0,,0.063,
283629,0.809,12006,0,,0.063,
283629,0.951,12008,0,,0.063,
283629,1,12010,0,,0.063,
283629,0.951,12012,0,0,0.063,0
283629,0.809,12014,0,,0.063,
283629,0.587,12016,0,,0.063,
283629,0.309,12018,0,,0.063,
283629,0,12020,0,,0.063,
283629,-0.309,12022,0,,0.063,
283629,-0.587,12024,0,,0.063,
283629,-0.809,12026,0,,0.063,
283629,-0.951,12028,0,,0.063,
283629,-1,12030,0,,0.063,
283629,-0.951,12032,0,0,0.063,0
283629,-0.809,12034,0,,0.063,
283629,-0.587,12036,0,,0.063,
283629,-0.309,12038,0,,0.063,
283629,0,12040,0,,0.063,
283629,0.309,12042,0,,0.063,
283629,0.587,12044,0,,0.063,
283629,0.809,12046,0,,0.063,
283629,0.951,12048,0,,0.063,
283629,1,12050,0,,0.063,
283629,0.951,12052,0,0,0.063,0
283629,0.809,12054,0,,0.063,
283629,0.587,12056,0,,0.063,
283629,0.309,12058,0,,0.063,
283629,0,12060,0,,0.063,
283629,-0.309,12062,0,,0.063,
283629,-0.587,12064,0,,0.063,
283629,-0.809,12066,0,,0.063,
283629,-0.951,12068,0,,0.063,
283629,-1,12070,0,,0.063,
283629,-0.951,12072,0,0,0.063,0
283629,-0.809,12074,0,,0.063,
283629,-0.587,12076,0,,0.063,
283629,-0.309,12078,0,,0.063,
283629,0,12080,0,,0.063,
283629,0.309,12082,0,,0.063,
283629,0.587,12084,0,,0.063,
283629,0.809,12086,0,,0.063,
283629,0.951,12088,0,,0.063,
283629,1,12090,0,,0.063,
283629,0.951,12092,0,0,0.063,0
283629,0.809,12094,0,,0.063,
283629,0.587,12096,0,,0.063,
283629,0.309,12098,0,,0.063,
283629,0,12100,0,,0.063,
283629,-0.309,12102,0,,0.063,
283629,-0.587,12104,0,,0.063,
283629,-0.809,12106,0,,0.063,
283629,-0.951,12108,0,,0.063,
283629,-1,12110,0,,0.063,
283629,-0.951,12112,0,0,0.063,0
283629,-0.809,12114,0,,0.063,
283629,-0.587,12116,0,,0.063,
283629,-0.309,12118,0,,0.063,
283629,0,12120,0,,0.063,
283629,0.309,12122,0,,0.063,
283629,0.587,12124,0,,0.063,
283629,0.809,12126,0,,0.063,
283629,0.951,12128,0,,0.063,
283629,1,12130,0,,0.063,
283629,0.951,12132,0,0,0.063,0
283629,0.809,12134,0,,0.063,
283629,0.587,12136,0,,0.063,
283629,0.309,12138,0,,0.063,
283629,0,12140,0,,0.063,
283629,-0.309,12142,0,,0.063,
283629,-0.587,12144,0,,0.063,
283629,-0.809,12146,0,,0.063,
283629,-0.951,12148,0,,0.063,
283629,-1,12150,0,,0.063,
283629,-0.951,12152,0,0,0.063,0
283629,-0.809,12154,0,,0.063,
283629,-0.587,12156,0,,0.063,
283629,-0.309,12158,0,,0.063,
283629,0,12160,0,,0.063,
283629,0.309,12162,0,,0.063,
283629,0.587,12164,0,,0.063,
283629,0.809,12166,0,,0.063,
283629,0.951,12168,0,,0.063,
283629,1,12170,0,,0.063,
283629,0.951,12172,0,0,0.063,0
283629,0.809,12174,0,,0.063,
283629,0.587,12176,0,,0.063,
283629,0.309,12178,0,,0.063,
283629,0,12180,0,,0.063,
283629,-0.309,12182,0,,0.063,
283629,-0.587,12184,0,,0.063,
283629,-0.809,12186,0,,0.063,
283629,-0.951,12188,0,,0.063,
283629,-1,12190,0,,0.063,
283629,-0.951,12192,0,0,0.063,0
283629,-0.809,12194,0,,0.063,
283629,-0.587,12196,0,,0.063,
283629,-0.309,12198,0,,0.063,
283629,0,12200,0,,0.063,
283629,0.309,12202,0,,0.063,
283629,0.587,12204,0,,0.063,
283629,0.809,12206,0,,0.063,
283629,0.951,12208,0,,0.063,
283629,1,12210,0,,0.063,
283629,0.951,12212,0,0,0.063,0
283629,0.809,12214,0,,0.063,
283629,0.587,12216,0,,0.063,
283629,0.309,12218,0,,0.063,
283629,0,12220,0,,0.063,
283629,-0.309,12222,0,,0.063,
283629,-0.587,12224,0,,0.063,
283629,-0.809,12226,0,,0.063,
283629,-0.951,12228,0,,0.063,
283629,-1,12230,0,,0.063,
283629,-0.951,12232,0,0,0.063,0
283629,-0.809,12234,0,,0.063,
283629,-0.587,12236,0,,0.063,
283629,-0.309,12238,0,,0.063,
283629,0,12240,0,,0.063,
283629,0.309,12242,0,,0.063,
283629,0.587,12244,0,,0.063,
283629,0.809,12246,0,,0.063,
283629,0.951,12248,0,,0.063,
283629,1,12250,0,,0.063,
283629,0.951,12252,0,0,0.063,0
283629,0.809,12254,0,,0.063,
283629,0.587,12256,0,,0.063,
283629,0.309,12258,0,,0.063,
283629,0,12260,0,,0.063,
283629,-0.309,12262,0,,0.063,
283629,-0.587,12264,0,,0.063,
283629,-0.809,12266,0,,0.063,
283629,-0.951,12268,0,,0.063,
283629,-1,12270,0,,0.063,
283629,-0.951,12272,0,0,0.063,0
283629,-0.809,12274,0,,0.063,
283629,-0.587,12276,0,,0.063,
283629,-0.309,12278,0,,0.063,
283629,0,12280,0,,0.063,
283629,0.309,12282,0,,0.063,
283629,0.587,12284,0,,0.063,
283629,0.809,12286,0,,0.063,
283629,0.951,12288,0,,0.063,
283629,1,12290,0,,0.063,
283629,0.951,12292,0,0,0.063,0
283629,0.809,12294,0,,0.063,
283629,0.587,12296,0,,0.063,
283629,0.309,12298,0,,0.063,
283629,0,12300,0,,0.063,
283629,-0.309,12302,0,,0.063,
283629,-0.587,12304,0,,0.063,
283629,-0.809,12306,0,,0.063,
283629,-0.951,12308,0,,0.063,
283629,-1,12310,0,,0.063,
283629,-0.951,12312,0,0,0.063,0
283629,-0.809,12314,0,,0.063,
283629,-0.587,12316,0,,0.063,
283629,-0.309,12318,0,,0.063,
283629,0,12320,0,,0.063,
283629,0.309,12322,0,,0.063,
283629,0.587,12324,0,,0.063,
283629,0.809,12326,0,,0.063,
283629,0.951,12328,0,,0.063,
283629,1,12330,0,,0.063,
283629,0.951,12332,0,0,0.063,0
283629,0.809,12334,0,,0.063,
283629,0.587,12336,0,,0.063,
283629,0.309,12338,0,,0.063,
283629,0,12340,0,,0.063,
283629,-0.309,12342,0,,0.063,
283629,-0.587,12344,0,,0.063,
283629,-0.809,12346,0,,0.063,
283629,-0.951,12348,0,,0.063,
283629,-1,12350,0,,0.063,
283629,-0.951,12352,0,0,0.063,0
283629,-0.809,12354,0,,0.063,
283629,-0.587,12356,0,,0.063,
283629,-0.309,12358,0,,0.063,
283629,0,12360,0,,0.063,
283629,0.309,12362,0,,0.063,
283629,0.587,12364,0,,0.063,
283629,0.809,12366,0,,0.063,
283629,0.951,12368,0,,0.063,
283629,1,12370,0,,0.063,
283629,0.951,12372,0,0,0.063,0
283629,0.809,12374,0,,0.063,
283629,0.587,12376,0,,0.063,
283629,0.309,12378,0,,0.063,
283629,0,12380,0,,0.063,
283629,-0.309,12382,0,,0.063,
283629,-0.587,12384,0,,0.063,
283629,-0.809,12386,0,,0.063,
283629,-0.951,12388,0,,0.063,
283629,-1,12390,0,,0.063,
283629,-0.951,12392,0,0,0.063,0
283629,-0.809,12394,0,,0.063,
283629,-0.587,12396,0,,0.063,
283629,-0.309,12398,0,,0.063,
283629,0,12400,0,,0.063,
283629,0.309,12402,0,,0.063,
283629,0.587,12404,0,,0.063,
283629,0.809,12406,0,,0.063,
283629,0.951,12408,0,,0.063,
283629,1,12410,0,,0.063,
283629,0.951,12412,0,0,0.063,0
283629,0.809,12414,0,,0.063,
283629,0.587,12416,0,,0.063,
283629,0.309,12418,0,,0.063,
283629,0,12420,0,,0.063,
283629,-0.309,12422,0,,0.063,
283629,-0.587,12424,0,,0.063,
283629,-0.809,12426,0,,0.063,
283629,-0.951,12428,0,,0.063,
283629,-1,12430,0,,0.063,
283629,-0.951,12432,0,0,0.063,0
283629,-0.809,12434,0,,0.063,
283629,-0.587,12436,0,,0.063,
283629,-0.309,12438,0,,0.063,
283629,0,12440,0,,0.063,
283629,0.309,12442,0,,0.063,
283629,0.587,12444,0,,0.063,
283629,0.809,12446,0,,0.063,
283629,0.951,12448,0,,0.063,
283629,1,12450,0,,0.063,
283629,0.951,12452,0,0,0.063,0
283629,0.809,12454,0,,0.063,
283629,0.587,12456,0,,0.063,
283629,0.309,12458,0,,0.063,
283629,0,12460,0,,0.063,
283629,-0.309,12462,0,,0.063,
283629,-0.587,12464,0,,0.063,
283629,-0.809,12466,0,,0.063,
283629,-0.951,12468,0,,0.063,
283629,-1,12470,0,,0.063,
283629,-0.951,12472,0,0,0.063,0
283629,-0.809,12474,0,,0.063,
283629,-0.587,12476,0,,0.063,
283629,-0.309,12478,0,,0.063,
283629,0,12480,0,,0.063,
283629,0.309,12482,0,,0.063,
283629,0.587,12484,0,,0.063,
283629,0.809,12486,0,,0.063,
283629,0.951,12488,0,,0.063,
283629,1,12490,0,,0.063,
283629,0.951,12492,0,0,0.063,0
283629,0.809,12494,0,,0.063,
283629,0.587,12496,0,,0.063,
283629,0.309,12498,0,,0.063,
283629,0,12500,0,,0.063,
283629,-0.309,12502,0,,0.063,
283629,-0.587,12504,0,,0.063,
283629,-0.809,12506,0,,0.063,
283629,-0.951,12508,0,,0.063,
283629,-1,12510,0,,0.063,
283629,-0.951,12512,0,0,0.063,0
283629,-0.809,12514,0,,0.063,
283629,-0.587,12516,0,,0.063,
283629,-0.309,12518,0,,0.063,
283629,0,12520,0,,0.063,
283629,0.309,12522,0,,0.063,
283629,0.587,12524,0,,0.063,
283629,0.809,12526,0,,0.063,
283629,0.951,12528,0,,0.063,
283629,1,12530,0,,0.063,
283629,0.951,12532,0,0,0.063,0
283629,0.809,12534,0,,0.063,
283629,0.587,12536,0,,0.063,
283629,0.309,12538,0,,0.063,
283629,0,12540,0,,0.063,
283629,-0.309,12542,0,,0.063,
283629,-0.587,12544,0,,0.063,
283629,-0.809,12546,0,,0.063,
283629,-0.951,12548,0,,0.063,
283629,-1,12550,0,,0.063,
283629,-0.951,12552,0,0,0.063,0
283629,-0.809,12554,0,,0.063,
283629,-0.587,12556,0,,0.063,
283629,-0.309,12558,0,,0.063,
283629,0,12560,0,,0.063,
283629,0.309,12562,0,,0.063,
283629,0.587,12564,0,,0.063,
283629,0.809,12566,0,,0.063,
283629,0.951,12568,0,,0.063,
283629,1,12570,0,,0.063,
283629,0.951,12572,0,0,0.063,0
283629,0.809,12574,0,,0.063,
283629,0.587,12576,0,,0.063,
283629,0.309,12578,0,,0.063,
283629,0,12580,0,,0.063,
283629,-0.309,12582,0,,0.063,
283629,-0.587,12584,0,,0.063,
283629,-0.809,12586,0,,0.063,
283629,-0.951,12588,0,,0.063,
283629,-1,12590,0,,0.063,
283629,-0.951,12592,0,0,0.063,0
283629,-0.809,12594,0,,0.063,
283629,-0.587,12596,0,,0.063,
283629,-0.309,12598,0,,0.063,
283629,0,12600,0,,0.063,
283629,0.309,12602,0,,0.063,
283629,0.587,12604,0,,0.063,
283629,0.809,12606,0,,0.063,
283629,0.951,12608,0,,0.063,
283629,1,12610,0,,0.063,
283629,0.951,12612,0,0,0.063,0
283629,0.809,12614,0,,0.063,
283629,0.587,12616,0,,0.063,
283629,0.309,12618,0,,0.063,
283629,0,12620,0,,0.063,
283629,-0.309,12622,0,,0.063,
283629,-0.587,12624,0,,0.063,
283629,-0.809,12626,0,,0.063,
283629,-0.951,12628,0,,0.063,
283629,-1,12630,0,,0.063,
283629,-0.951,12632,0,0,0.063,0
283629,-0.809,12634,0,,0.063,
283629,-0.587,12636,0,,0.063,
283629,-0.309,12638,0,,0.063,
283629,0,12640,0,,0.063,
283629,0.309,12642,0,,0.063,
283629,0.587,12644,0,,0.063,
283629,0.809,12646,0,,0.063,
283629,0.951,12648,0,,0.063,
283629,1,12650,0,,0.063,
283629,0.951,12652,0,0,0.063,0
283629,0.809,12654,0,,0.063,
283629,0.587,12656,0,,0.063,
283629,0.309,12658,0,,0.063,
283629,0,12660,0,,0.063,
283629,-0.309,12662,0,,0.063,
283629,-0.587,12664,0,,0.063,
283629,-0.809,12666,0,,0.063,
283629,-0.951,12668,0,,0.063,
283629,-1,12670,0,,0.063,
283629,-0.951,12672,0,0,0.063,0
283629,-0.809,12674,0,,0.063,
283629,-0.587,12676,0,,0.063,
283629,-0.309,12678,0,,0.063,
283629,0,12680,0,,0.063,
283629,0.309,12682,0,,0.063,
283629,0.587,12684,0,,0.063,
283629,0.809,12686,0,,0.063,
283629,0.951,12688,0,,0.063,
283629,1,12690,0,,0.063,
283629,0.951,12692,0,0,0.063,0
283629,0.809,12694,0,,0.063,
283629,0.587,12696,0,,0.063,
283629,0.309,12698,0,,0.063,
283629,0,12700,0,,0.063,
283629,-0.309,12702,0,,0.063,
283629,-0.587,12704,0,,0.063,
283629,-0.809,12706,0,,0.063,
283629,-0.951,12708,0,,0.063,
283629,-1,12710,0,,0.063,
283629,-0.951,12712,0,0,0.063,0
283629,-0.809,12714,0,,0.063,
283629,-0.587,12716,0,,0.063,
283629,-0.309,12718,0,,0.063,
283629,0,12720,0,,0.063,
283629,0.309,12722,0,,0.063,
283629,0.587,12724,0,,0.063,
283629,0.809,12726,0,,0.063,
283629,0.951,12728,0,,0.063,
283629,1,12730,0,,0.063,
283629,0.951,12732,0,0,0.063,0
283629,0.809,12734,0,,0.063,
283629,0.587,12736,0,,0.063,
283629,0.309,12738,0,,0.063,
283629,0,12740,0,,0.063,
283629,-0.309,12742,0,,0.063,
283629,-0.587,12744,0,,0.063,
283629,-0.809,12746,0,,0.063,
283629,-0.951,12748,0,,0.063,
283629,-1,12750,0,,0.063,
283629,-0.951,12752,0,0,0.063,0
283629,-0.809,12754,0,,0.063,
283629,-0.587,12756,0,,0.063,
283629,-0.309,12758,0,,0.063,
283629,0,12760,0,,0.063,
283629,0.309,12762,0,,0.063,
283629,0.587,12764,0,,0.063,
283629,0.809,12766,0,,0.063,
283629,0.951,12768,0,,0.063,
283629,1,12770,0,,0.063,
283629,0.951,12772,0,0,0.063,0
283629,0.809,12774,0,,0.063,
283629,0.587,12776,0,,0.063,
283629,0.309,12778,0,,0.063,
283629,0,12780,0,,0.063,
283629,-0.309,12782,0,,0.063,
283629,-0.587,12784,0,,0.063,
283629,-0.809,12786,0,,0.063,
283629,-0.951,12788,0,,0.063,
283629,-1,12790,0,,0.063,
283629,-0.951,12792,0,0,0.063,0
283629,-0.809,12794,0,,0.063,
283629,-0.587,12796,0,,0.063,
283629,-0.309,12798,0,,0.063,
283629,0,12800,0,,0.063,
283629,0.309,12802,0,,0.063,
283629,0.587,12804,0,,0.063,
283629,0.809,12806,0,,0.063,
283629,0.951,12808,0,,0.063,
283629,1,12810,0,,0.063,
283629,0.951,12812,0,0,0.063,0
283629,0.809,12814,0,,0.063,
283629,0.587,12816,0,,0.063,
283629,0.309,12818,0,,0.063,
283629,0,12820,0,,0.063,
283629,-0.309,12822,0,,0.063,
283629,-0.587,12824,0,,0.063,
283629,-0.809,12826,0,,0.063,
283629,-0.951,12828,0,,0.063,
283629,-1,12830,0,,0.063,
283629,-0.951,12832,0,0,0.063,0
283629,-0.809,12834,0,,0.063,
283629,-0.587,12836,0,,0.063,
283629,-0.309,12838,0,,0.063,
283629,0,12840,0,,0.063,
283629,0.309,12842,0,,0.063,
283629,0.587,12844,0,,0.063,
283629,0.809,12846,0,,0.063,
283629,0.951,12848,0,,0.063,
283629,1,12850,0,,0.063,
283629,0.951,12852,0,0,0.063,0
283629,0.809,12854,0,,0.063,
283629,0.587,12856,0,,0.063,
283629,0.309,12858,0,,0.063,
283629,0,12860,0,,0.063,
283629,-0.309,12862,0,,0.063,
283629,-0.587,12864,0,,0.063,
283629,-0.809,12866,0,,0.063,
283629,-0.951,12868,0,,0.063,
283629,-1,12870,0,,0.063,
283629,-0.951,12872,0,0,0.063,0
283629,-0.809,12874,0,,0.063,
283629,-0.587,12876,0,,0.063,
283629,-0.309,12878,0,,0.063,
283629,0,12880,0,,0.063,
283629,0.309,12882,0,,0.063,
283629,0.587,12884,0,,0.063,
283629,0.809,12886,0,,0.063,
283629,0.951,12888,0,,0.063,
283629,1,12890,0,,0.063,
283629,0.951,12892,0,0,0.063,0
283629,0.809,12894,0,,0.063,
283629,0.587,12896,0,,0.063,
283629,0.309,12898,0,,0.063,
283629,0,12900,0,,0.063,
283629,-0.309,12902,0,,0.063,
283629,-0.587,12904,0,,0.063,
283629,-0.809,12906,0,,0.063,
283629,-0.951,12908,0,,0.063,
283629,-1,12910,0,,0.063,
283629,-0.951,12912,0,0,0.063,0
283629,-0.809,12914,0,,0.063,
283629,-0.587,12916,0,,0.063,
283629,-0.309,12918,0,,0.063,
283629,0,12920,0,,0.063,
283629,0.309,12922,0,,0.063,
283629,0.587,12924,0,,0.063,
283629,0.809,12926,0,,0.063,
283629,0.951,12928,0,,0.063,
283629,1,12930,0,,0.063,
283629,0.951,12932,0,0,0.063,0
283629,0.809,12934,0,,0.063,
283629,0.587,12936,0,,0.063,
283629,0.309,12938,0,,0.063,
283629,0,12940,0,,0.063,
283629,-0.309,12942,0,,0.063,
283629,-0.587,12944,0,,0.063,
283629,-0.809,12946,0,,0.063,
283629,-0.951,12948,0,,0.063,
283629,-1,12950,0,,0.063,
283629,-0.951,12952,0,0,0.063,0
283629,-0.809,12954,0,,0.063,
283629,-0.587,12956,0,,0.063,
283629,-0.309,12958,0,,0.063,
283629,0,12960,0,,0.063,
283629,0.309,12962,0,,0.063,
283629,0.587,12964,0,,0.063,
283629,0.809,12966,0,,0.063,
283629,0.951,12968,0,,0.063,
283629,1,12970,0,,0.063,
283629,0.951,12972,0,0,0.063,0
283629,0.809,12974,0,,0.063,
283629,0.587,12976,0,,0.063,
283629,0.309,12978,0,,0.063,
283629,0,12980,0,,0.063,
283629,-0.309,12982,0,,0.063,
283629,-0.587,12984,0,,0.063,
283629,-0.809,12986,0,,0.063,
283629,-0.951,12988,0,,0.063,
283629,-1,12990,0,,0.063,
283629,-0.951,12992,0,0,0.063,0
283629,-0.809,12994,0,,0.063,
283629,-0.587,12996,0,,0.063,
283629,-0.309,12998,0,,0.063,
283629,0,13000,0,,0.063,
283629,0.309,13002,0,,0.063,
283629,0.587,13004,0,,0.063,
283629,0.809,13006,0,,0.063,
283629,0.951,13008,0,,0.063,
283629,1,13010,0,,0.063,
283629,0.951,13012,0,0,0.063,0
283629,0.809,13014,0,,0.063,
283629,0.587,13016,0,,0.063,
283629,0.309,13018,0,,0.063,
283629,0,13020,0,,0.063,
283629,-0.309,13022,0,,0.063,
283629,-0.587,13024,0,,0.063,
283629,-0.809,13026,0,,0.063,
283629,-0.951,13028,0,,0.063,
283629,-1,13030,0,,0.063,
283629,-0.951,13032,0,0,0.063,0
283629,-0.809,13034,0,,0.063,
283629,-0.587,13036,0,,0.063,
283629,-0.309,13038,0,,0.063,
283629,0,13040,0,,0.063,
283629,0.309,13042,0,,0.063,
283629,0.587,13044,0,,0.063,
283629,0.809,13046,0,,0.063,
283629,0.951,13048,0,,0.063,
283629,1,13050,0,,0.063,
283629,0.951,13052,0,0,0.063,0
283629,0.809,13054,0,,0.063,
283629,0.587,13056,0,,0.063,
283629,0.309,13058,0,,0.063,
283629,0,13060,0,,0.063,
283629,-0.309,13062,0,,0.063,
283629,-0.587,13064,0,,0.063,
283629,-0.809,13066,0,,0.063,
283629,-0.951,13068,0,,0.063,
283629,-1,13070,0,,0.063,
283629,-0.951,13072,0,0,0.063,0
283629,-0.809,13074,0,,0.063,
283629,-0.587,13076,0,,0.063,
283629,-0.309,13078,0,,0.063,
283629,0,13080,0,,0.063,
283629,0.309,13082,0,,0.063,
283629,0.587,13084,0,,0.063,
283629,0.809,13086,0,,0.063,
283629,0.951,13088,0,,0.063,
283629,1,13090,0,,0.063,
283629,0.951,13092,0,0,0.063,0
283629,0.809,13094,0,,0.063,
283629,0.587,13096,0,,0.063,
283629,0.309,13098,0,,0.063,
283629,0,13100,0,,0.063,
283629,-0.309,13102,0,,0.063,
283629,-0.587,13104,0,,0.063,
283629,-0.809,13106,0,,0.063,
283629,-0.951,13108,0,,0.063,
283629,-1,13110,0,,0.063,
283629,-0.951,13112,0,0,0.063,0
283629,-0.809,13114,0,,0.063,
283629,-0.587,13116,0,,0.063,
283629,-0.309,13118,0,,0.063,
283629,0,13120,0,,0.063,
283629,0.309,13122,0,,0.063,
283629,0.587,13124,0,,0.063,
283629,0.809,13126,0,,0.063,
283629,0.951,13128,0,,0.063,
283629,1,13130,0,,0.063,
283629,0.951,13132,0,0,0.063,0
283629,0.809,13134,0,,0.063,
283629,0.587,13136,0,,0.063,
283629,0.309,13138,0,,0.063,
283629,0,13140,0,,0.063,
283629,-0.309,13142,0,,0.063,
283629,-0.587,13144,0,,0.063,
283629,-0.809,13146,0,,0.063,
283629,-0.951,13148,0,,0.063,
283629,-1,13150,0,,0.063,
283629,-0.951,13152,0,0,0.063,0
283629,-0.809,13154,0,,0.063,
283629,-0.587,13156,0,,0.063,
283629,-0.309,13158,0,,0.063,
283629,0,13160,0,,0.063,
283629,0.309,13162,0,,0.063,
283629,0.587,13164,0,,0.063,
283629,0.809,13166,0,,0.063,
283629,0.951,13168,0,,0.063,
283629,1,13170,0,,0.063,
283629,0.951,13172,0,0,0.063,0
283629,0.809,13174,0,,0.063,
283629,0.587,13176,0,,0.063,
283629,0.309,13178,0,,0.063,
283629,0,13180,0,,0.063,
283629,-0.309,13182,0,,0.063,
283629,-0.587,13184,0,,0.063,
283629,-0.809,13186,0,,0.063,
283629,-0.951,13188,0,,0.063,
283629,-1,13190,0,,0.063,
283629,-0.951,13192,0,0,0.063,0
283629,-0.809,13194,0,,0.063,
283629,-0.587,13196,0,,0.063,
283629,-0.309,13198,0,,0.063,
283629,0,13200,0,,0.063,
283629,0.309,13202,0,,0.063,
283629,0.587,13204,0,,0.063,
283629,0.809,13206,0,,0.063,
283629,0.951,13208,0,,0.063,
283629,1,13210,0,,0.063,
283629,0.951,13212,0,0,0.063,0
283629,0.809,13214,0,,0.063,
283629,0.587,13216,0,,0.063,
283629,0.309,13218,0,,0.063,
283629,0,13220,0,,0.063,
283629,-0.309,13222,0,,0.063,
283629,-0.587,13224,0,,0.063,
283629,-0.809,13226,0,,0.063,
283629,-0.951,13228,0,,0.063,
283629,-1,13230,0,,0.063,
283629,-0.951,13232,0,0,0.063,0
283629,-0.809,13234,0,,0.063,
283629,-0.587,13236,0,,0.063,
283629,-0.309,13238,0,,0.063,
283629,0,13240,0,,0.063,
283629,0.309,13242,0,,0.063,
283629,0.587,13244,0,,0.063,
283629,0.809,13246,0,,0.063,
283629,0.951,13248,0,,0.063,
283629,1,13250,0,,0.063,
283629,0.951,13252,0,0,0.063,0
283629,0.809,13254,0,,0.063,
283629,0.587,13256,0,,0.063,
283629,0.309,13258,0,,0.063,
283629,0,13260,0,,0.063,
283629,-0.309,13262,0,,0.063,
283629,-0.587,13264,0,,0.063,
283629,-0.809,13266,0,,0.063,
283629,-0.951,13268,0,,0.063,
283629,-1,13270,0,,0.063,
283629,-0.951,13272,0,0,0.063,0
283629,-0.809,13274,0,,0.063,
283629,-0.587,13276,0,,0.063,
283629,-0.309,13278,0,,0.063,
283629,0,13280,0,,0.063,
283629,0.309,13282,0,,0.063,
283629,0.587,13284,0,,0.063,
283629,0.809,13286,0,,0.063,
283629,0.951,13288,0,,0.063,
283629,1,13290,0,,0.063,
283629,0.951,13292,0,0,0.063,0
283629,0.809,13294,0,,0.063,
283629,0.587,13296,0,,0.063,
283629,0.309,13298,0,,0.063,
283629,0,13300,0,,0.063,
283629,-0.309,13302,0,,0.063,
283629,-0.587,13304,0,,0.063,
283629,-0.809,13306,0,,0.063,
283629,-0.951,13308,0,,0.063,
283629,-1,13310,0,,0.063,
283629,-0.951,13312,0,0,0.063,0
283629,-0.809,13314,0,,0.063,
283629,-0.587,13316,0,,0.063,
283629,-0.309,13318,0,,0.063,
283629,0,13320,0,,0.063,
283629,0.309,13322,0,,0.063,
283629,0.587,13324,0,,0.063,
283629,0.809,13326,0,,0.063,
283629,0.951,13328,0,,0.063,
283629,1,13330,0,,0.063,
283629,0.951,13332,0,0,0.063,0
283629,0.809,13334,0,,0.063,
283629,0.587,13336,0,,0.063,
283629,0.309,13338,0,,0.063,
283629,0,13340,0,,0.063,
283629,-0.309,13342,0,,0.063,
283629,-0.587,13344,0,,0.063,
283629,-0.809,13346,0,,0.063,
283629,-0.951,13348,0,,0.063,
283629,-1,13350,0,,0.063,
283629,-0.951,13352,0,0,0.063,0
283629,-0.809,13354,0,,0.063,
283629,-0.587,13356,0,,0.063,
283629,-0.309,13358,0,,0.063,
283629,0,13360,0,,0.063,
283629,0.309,13362,0,,0.063,
283629,0.587,13364,0,,0.063,
283629,0.809,13366,0,,0.063,
283629,0.951,13368,0,,0.063,
283629,1,13370,0,,0.063,
283629,0.951,13372,0,0,0.063,0
283629,0.809,13374,0,,0.063,
283629,0.587,13376,0,,0.063,
283629,0.309,13378,0,,0.063,
283629,0,13380,0,,0.063,
283629,-0.309,13382,0,,0.063,
283629,-0.587,13384,0,,0.063,
283629,-0.809,13386,0,,0.063,
283629,-0.951,13388,0,,0.063,
283629,-1,13390,0,,0.063,
283629,-0.951,13392,0,0,0.063,0
283629,-0.809,13394,0,,0.063,
283629,-0.587,13396,0,,0.063,
283629,-0.309,13398,0,,0.063,
283629,0,13400,0,,0.063,
283629,0.309,13402,0,,0.063,
283629,0.587,13404,0,,0.063,
283629,0.809,13406,0,,0.063,
283629,0.951,13408,0,,0.063,
283629,1,13410,0,,0.063,
283629,0.951,13412,0,0,0.063,0
283629,0.809,13414,0,,0.063,
283629,0.587,13416,0,,0.063,
283629,0.309,13418,0,,0.063,
283629,0,13420,0,,0.063,
283629,-0.309,13422,0,,0.063,
283629,-0.587,13424,0,,0.063,
283629,-0.809,13426,0,,0.063,
283629,-0.951,13428,0,,0.063,
283629,-1,13430,0,,0.063,
283629,-0.951,13432,0,0,0.063,0
283629,-0.809,13434,0,,0.063,
283629,-0.587,13436,0,,0.063,
283629,-0.309,13438,0,,0.063,
283629,0,13440,0,,0.063,
283629,0.309,13442,0,,0.063,
283629,0.587,13444,0,,0.063,
283629,0.809,13446,0,,0.063,
283629,0.951,13448,0,,0.063,
283629,1,13450,0,,0.063,
283629,0.951,13452,0,0,0.063,0
283629,0.809,13454,0,,0.063,
283629,0.587,13456,0,,0.063,
283629,0.309,13458,0,,0.063,
283629,0,13460,0,,0.063,
283629,-0.309,13462,0,,0.063,
283629,-0.587,13464,0,,0.063,
283629,-0.809,13466,0,,0.063,
283629,-0.951,13468,0,,0.063,
283629,-1,13470,0,,0.063,
283629,-0.951,13472,0,0,0.063,0
283629,-0.809,13474,0,,0.063,
283629,-0.587,13476,0,,0.063,
283629,-0.309,13478,0,,0.063,
283629,0,13480,0,,0.063,
283629,0.309,13482,0,,0.063,
283629,0.587,13484,0,,0.063,
283629,0.809,13486,0,,0.063,
283629,0.951,13488,0,,0.063,
283629,1,13490,0,,0.063,
283629,0.951,13492,0,0,0.063,0
283629,0.809,13494,0,,0.063,
283629,0.587,13496,0,,0.063,
283629,0.309,13498,0,,0.063,
283629,0,13500,0,,0.063,
283629,-0.309,13502,0,,0.063,
283629,-0.587,13504,0,,0.063,
283629,-0.809,13506,0,,0.063,
283629,-0.951,13508,0,,0.063,
283629,-1,13510,0,,0.063,
283629,-0.951,13512,0,0,0.063,0
283629,-0.809,13514,0,,0.063,
283629,-0.587,13516,0,,0.063,
283629,-0.309,13518,0,,0.063,
283629,0,13520,0,,0.063,
283629,0.309,13522,0,,0.063,
283629,0.587,13524,0,,0.063,
283629,0.809,13526,0,,0.063,
283629,0.951,13528,0,,0.063,
283629,1,13530,0,,0.063,
283629,0.951,13532,0,0,0.063,0
283629,0.809,13534,0,,0.063,
283629,0.587,13536,0,,0.063,
283629,0.309,13538,0,,0.063,
283629,0,13540,0,,0.063,
283629,-0.309,13542,0,,0.063,
283629,-0.587,13544,0,,0.063,
283629,-0.809,13546,0,,0.063,
283629,-0.951,13548,0,,0.063,
283629,-1,13550,0,,0.063,
283629,-0.951,13552,0,0,0.063,0
283629,-0.809,13554,0,,0.063,
283629,-0.587,13556,0,,0.063,
283629,-0.309,13558,0,,0.063,
283629,0,13560,0,,0.063,
283629,0.309,13562,0,,0.063,
283629,0.587,13564,0,,0.063,
283629,0.809,13566,0,,0.063,
283629,0.951,13568,0,,0.063,
283629,1,13570,0,,0.063,
283629,0.951,13572,0,0,0.063,0
283629,0.809,13574,0,,0.063,
283629,0.587,13576,0,,0.063,
283629,0.309,13578,0,,0.063,
283629,0,13580,0,,0.063,
283629,-0.309,13582,0,,0.063,
283629,-0.587,13584,0,,0.063,
283629,-0.809,13586,0,,0.063,
283629,-0.951,13588,0,,0.063,
283629,-1,13590,0,,0.063,
283629,-0.951,13592,0,0,0.063,0
283629,-0.809,13594,0,,0.063,
283629,-0.587,13596,0,,0.063,
283629,-0.309,13598,0,,0.063,
283629,0,13600,0,,0.063,
283629,0.309,13602,0,,0.063,
283629,0.587,13604,0,,0.063,
283629,0.809,13606,0,,0.063,
283629,0.951,13608,0,,0.063,
283629,1,13610,0,,0.063,
283629,0.951,13612,0,0,0.063,0
283629,0.809,13614,0,,0.063,
283629,0.587,13616,0,,0.063,
283629,0.309,13618,0,,0.063,
283629,0,13620,0,,0.063,
283629,-0.309,13622,0,,0.063,
283629,-0.587,13624,0,,0.063,
283629,-0.809,13626,0,,0.063,
283629,-0.951,13628,0,,0.063,
283629,-1,13630,0,,0.063,
283629,-0.951,13632,0,0,0.063,0
283629,-0.809,13634,0,,0.063,
283629,-0.587,13636,0,,0.063,
283629,-0.309,13638,0,,0.063,
283629,0,13640,0,,0.063,
283629,0.309,13642,0,,0.063,
283629,0.587,13644,0,,0.063,
283629,0.809,13646,0,,0.063,
283629,0.951,13648,0,,0.063,
283629,1,13650,0,,0.063,
283629,0.951,13652,0,0,0.063,0
283629,0.809,13654,0,,0.063,
283629,0.587,13656,0,,0.063,
283629,0.309,13658,0,,0.063,
283629,0,13660,0,,0.063,
283629,-0.309,13662,0,,0.063,
283629,-0.587,13664,0,,0.063,
283629,-0.809,13666,0,,0.063,
283629,-0.951,13668,0,,0.063,
283629,-1,13670,0,,0.063,
283629,-0.951,13672,0,0,0.063,0
283629,-0.809,13674,0,,0.063,
283629,-0.587,13676,0,,0.063,
283629,-0.309,13678,0,,0.063,
283629,0,13680,0,,0.063,
283629,0.309,13682,0,,0.063,
283629,0.587,13684,0,,0.063,
283629,0.809,13686,0,,0.063,
283629,0.951,13688,0,,0.063,
283629,1,13690,0,,0.063,
283629,0.951,13692,0,0,0.063,0
283629,0.809,13694,0,,0.063,
283629,0.587,13696,0,,0.063,
283629,0.309,13698,0,,0.063,
283629,0,13700,0,,0.063,
283629,-0.309,13702,0,,0.063,
283629,-0.587,13704,0,,0.063,
283629,-0.809,13706,0,,0.063,
283629,-0.951,13708,0,,0.063,
283629,-1,13710,0,,0.063,
283629,-0.951,13712,0,0,0.063,0
283629,-0.809,13714,0,,0.063,
283629,-0.587,13716,0,,0.063,
283629,-0.309,13718,0,,0.063,
283629,0,13720,0,,0.063,
283629,0.309,13722,0,,0.063,
283629,0.587,13724,0,,0.063,
283629,0.809,13726,0,,0.063,
283629,0.951,13728,0,,0.063,
283629,1,13730,0,,0.063,
283629,0.951,13732,0,0,0.063,0
283629,0.809,13734,0,,0.063,
283629,0.587,13736,0,,0.063,
283629,0.309,13738,0,,0.063,
283629,0,13740,0,,0.063,
283629,-0.309,13742,0,,0.063,
283629,-0.587,13744,0,,0.063,
283629,-0.809,13746,0,,0.063,
283629,-0.951,13748,0,,0.063,
283629,-1,13750,0,,0.063,
283629,-0.951,13752,0,0,0.063,0
283629,-0.809,13754,0,,0.063,
283629,-0.587,13756,0,,0.063,
283629,-0.309,13758,0,,0.063,
283629,0,13760,0,,0.063,
283629,0.309,13762,0,,0.063,
283629,0.587,13764,0,,0.063,
283629,0.809,13766,0,,0.063,
283629,0.951,13768,0,,0.063,
283629,1,13770,0,,0.063,
283629,0.951,13772,0,0,0.063,0
283629,0.809,13774,0,,0.063,
283629,0.587,13776,0,,0.063,
283629,0.309,13778,0,,0.063,
283629,0,13780,0,,0.063,
283629,-0.309,13782,0,,0.063,
283629,-0.587,13784,0,,0.063,
283629,-0.809,13786,0,,0.063,
283629,-0.951,13788,0,,0.063,
283629,-1,13790,0,,0.063,
283629,-0.951,13792,0,0,0.063,0
283629,-0.809,13794,0,,0.063,
283629,-0.587,13796,0,,0.063,
283629,-0.309,13798,0,,0.063,
283629,0,13800,0,,0.063,
283629,0.309,13802,0,,0.063,
283629,0.587,13804,0,,0.063,
283629,0.809,13806,0,,0.063,
283629,0.951,13808,0,,0.063,
283629,1,13810,0,,0.063,
283629,0.951,13812,0,0,0.063,0
283629,0.809,13814,0,,0.063,
283629,0.587,13816,0,,0.063,
283629,0.309,13818,0,,0.063,
283629,0,13820,0,,0.063,
283629,-0.309,13822,0,,0.063,
283629,-0.587,13824,0,,0.063,
283629,-0.809,13826,0,,0.063,
283629,-0.951,13828,0,,0.063,
283629,-1,13830,0,,0.063,
283629,-0.951,13832,0,0,0.063,0
283629,-0.809,13834,0,,0.063,
283629,-0.587,13836,0,,0.063,
283629,-0.309,13838,0,,0.063,
283629,0,13840,0,,0.063,
283629,0.309,13842,0,,0.063,
283629,0.587,13844,0,,0.063,
283629,0.809,13846,0,,0.063,
283629,0.951,13848,0,,0.063,
283629,1,13850,0,,0.063,
283629,0.951,13852,0,0,0.063,0
283629,0.809,13854,0,,0.063,
283629,0.587,13856,0,,0.063,
283629,0.309,13858,0,,0.063,
283629,0,13860,0,,0.063,
283629,-0.309,13862,0,,0.063,
283629,-0.587,13864,0,,0.063,
283629,-0.809,13866,0,,0.063,
283629,-0.951,13868,0,,0.063,
283629,-1,13870,0,,0.063,
283629,-0.951,13872,0,0,0.063,0
283629,-0.809,13874,0,,0.063,
283629,-0.587,13876,0,,0.063,
283629,-0.309,13878,0,,0.063,
283629,0,13880,0,,0.063,
283629,0.309,13882,0,,0.063,
283629,0.587,13884,0,,0.063,
283629,0.809,13886,0,,0.063,
283629,0.951,13888,0,,0.063,
283629,1,13890,0,,0.063,
283629,0.951,13892,0,0,0.063,0
283629,0.809,13894,0,,0.063,
283629,0.587,13896,0,,0.063,
283629,0.309,13898,0,,0.063,
283629,0,13900,0,,0.063,
283629,-0.309,13902,0,,0.063,
283629,-0.587,13904,0,,0.063,
283629,-0.809,13906,0,,0.063,
283629,-0.951,13908,0,,0.063,
283629,-1,13910,0,,0.063,
283629,-0.951,13912,0,0,0.063,0
283629,-0.809,13914,0,,0.063,
283629,-0.587,13916,0,,0.063,
283629,-0.309,13918,0,,0.063,
283629,0,13920,0,,0.063,
283629,0.309,13922,0,,0.063,
283629,0.587,13924,0,,0.063,
283629,0.809,13926,0,,0.063,
283629,0.951,13928,0,,0.063,
283629,1,13930,0,,0.063,
283629,0.951,13932,0,0,0.063,0
283629,0.809,13934,0,,0.063,
283629,0.587,13936,0,,0.063,
283629,0.309,13938,0,,0.063,
283629,0,13940,0,,0.063,
283629,-0.309,13942,0,,0.063,
283629,-0.587,13944,0,,0.063,
283629,-0.809,13946,0,,0.063,
283629,-0.951,13948,0,,0.063,
283629,-1,13950,0,,0.063,
283629,-0.951,13952,0,0,0.063,0
283629,-0.809,13954,0,,0.063,
283629,-0.587,13956,0,,0.063,
283629,-0.309,13958,0,,0.063,
283629,0,13960,0,,0.063,
283629,0.309,13962,0,,0.063,
283629,0.587,13964,0,,0.063,
283629,0.809,13966,0,,0.063,
283629,0.951,13968,0,,0.063,
283629,1,13970,0,,0.063,
283629,0.951,13972,0,0,0.063,0
283629,0.809,13974,0,,0.063,
283629,0.587,13976,0,,0.063,
283629,0.309,13978,0,,0.063,
283629,0,13980,0,,0.063,
283629,-0.309,13982,0,,0.063,
283629,-0.587,13984,0,,0.063,
283629,-0.809,13986,0,,0.063,
283629,-0.951,13988,0,,0.063,
283629,-1,13990,0,,0.063,
283629,-0.951,13992,0,0,0.063,0
283629,-0.809,13994,0,,0.063,
283629,-0.587,13996,0,,0.063,
283629,-0.309,13998,0,,0.063,
283629,0,14000,0,,0.063,
283629,0.309,14002,0,,0.063,
283629,0.587,14004,0,,0.063,
283629,0.809,14006,0,,0.063,
283629,0.951,14008,0,,0.063,
283629,1,14010,0,,0.063,
283629,0.951,14012,0,0,0.063,0
283629,0.809,14014,0,,0.063,
283629,0.587,14016,0,,0.063,
283629,0.309,14018,0,,0.063,
283629,0,14020,0,,0.063,
283629,-0.309,14022,0,,0.063,
283629,-0.587,14024,0,,0.063,
283629,-0.809,14026,0,,0.063,
283629,-0.951,14028,0,,0.063,
283629,-1,14030,0,,0.063,
283629,-0.951,14032,0,0,0.063,0
283629,-0.809,14034,0,,0.063,
283629,-0.587,14036,0,,0.063,
283629,-0.309,14038,0,,0.063,
283629,0,14040,0,,0.063,
283629,0.309,14042,0,,0.063,
283629,0.587,14044,0,,0.063,
283629,0.809,14046,0,,0.063,
283629,0.951,14048,0,,0.063,
283629,1,14050,0,,0.063,
283629,0.951,14052,0,0,0.063,0
283629,0.809,14054,0,,0.063,
283629,0.587,14056,0,,0.063,
283629,0.309,14058,0,,0.063,
283629,0,14060,0,,0.063,
283629,-0.309,14062,0,,0.063,
283629,-0.587,14064,0,,0.063,
283629,-0.809,14066,0,,0.063,
283629,-0.951,14068,0,,0.063,
283629,-1,14070,0,,0.063,
283629,-0.951,14072,0,0,0.063,0
283629,-0.809,14074,0,,0.063,
283629,-0.587,14076,0,,0.063,
283629,-0.309,14078,0,,0.063,
283629,0,14080,0,,0.063,
283629,0.309,14082,0,,0.063,
283629,0.587,14084,0,,0.063,
283629,0.809,14086,0,,0.063,
283629,0.951,14088,0,,0.063,
283629,1,14090,0,,0.063,
283629,0.951,14092,0,0,0.063,0
283629,0.809,14094,0,,0.063,
283629,0.587,14096,0,,0.063,
283629,0.309,14098,0,,0.063,
283629,0,14100,0,,0.063,
283629,-0.309,14102,0,,0.063,
283629,-0.587,14104,0,,0.063,
283629,-0.809,14106,0,,0.063,
283629,-0.951,14108,0,,0.063,
283629,-1,14110,0,,0.063,
283629,-0.951,14112,0,0,0.063,0
283629,-0.809,14114,0,,0.063,
283629,-0.587,14116,0,,0.063,
283629,-0.309,14118,0,,0.063,
283629,0,14120,0,,0.063,
283629,0.309,14122,0,,0.063,
283629,0.587,14124,0,,0.063,
283629,0.809,14126,0,,0.063,
283629,0.951,14128,0,,0.063,
283629,1,14130,0,,0.063,
283629,0.951,14132,0,0,0.063,0
283629,0.809,14134,0,,0.063,
283629,0.587,14136,0,,0.063,
283629,0.309,14138,0,,0.063,
283629,0,14140,0,,0.063,
283629,-0.309,14142,0,,0.063,
283629,-0.587,14144,0,,0.063,
283629,-0.809,14146,0,,0.063,
283629,-0.951,14148,0,,0.063,
283629,-1,14150,0,,0.063,
283629,-0.951,14152,0,0,0.063,0
283629,-0.809,14154,0,,0.063,
283629,-0.587,14156,0,,0.063,
283629,-0.309,14158,0,,0.063,
283629,0,14160,0,,0.063,
283629,0.309,14162,0,,0.063,
283629,0.587,14164,0,,0.063,
283629,0.809,14166,0,,0.063,
283629,0.951,14168,0,,0.063,
283629,1,14170,0,,0.063,
283629,0.951,14172,0,0,0.063,0
283629,0.809,14174,0,,0.063,
283629,0.587,14176,0,,0.063,
283629,0.309,14178,0,,0.063,
283629,0,14180,0,,0.063,
283629,-0.309,14182,0,,0.063,
283629,-0.587,14184,0,,0.063,
283629,-0.809,14186,0,,0.063,
283629,-0.951,14188,0,,0.063,
283629,-1,14190,0,,0.063,
283629,-0.951,14192,0,0,0.063,0
283629,-0.809,14194,0,,0.063,
283629,-0.587,14196,0,,0.063,
283629,-0.309,14198,0,,0.063,
283629,0,14200,0,,0.063,
283629,0.309,14202,0,,0.063,
283629,0.587,14204,0,,0.063,
283629,0.809,14206,0,,0.063,
283629,0.951,14208,0,,0.063,
283629,1,14210,0,,0.063,
283629,0.951,14212,0,0,0.063,0
283629,0.809,14214,0,,0.063,
283629,0.587,14216,0,,0.063,
283629,0.309,14218,0,,0.063,
283629,0,14220,0,,0.063,
283629,-0.309,14222,0,,0.063,
283629,-0.587,14224,0,,0.063,
283629,-0.809,14226,0,,0.063,
283629,-0.951,14228,0,,0.063,
283629,-1,14230,0,,0.063,
283629,-0.951,14232,0,0,0.063,0
283629,-0.809,14234,0,,0.063,
283629,-0.587,14236,0,,0.063,
283629,-0.309,14238,0,,0.063,
283629,0,14240,0,,0.063,
283629,0.309,14242,0,,0.063,
283629,0.587,14244,0,,0.063,
283629,0.809,14246,0,,0.063,
283629,0.951,14248,0,,0.063,
283629,1,14250,0,,0.063,
283629,0.951,14252,0,0,0.063,0
283629,0.809,14254,0,,0.063,
283629,0.587,14256,0,,0.063,
283629,0.309,14258,0,,0.063,
283629,0,14260,0,,0.063,
283629,-0.309,14262,0,,0.063,
283629,-0.587,14264,0,,0.063,
283629,-0.809,14266,0,,0.063,
283629,-0.951,14268,0,,0.063,
283629,-1,14270,0,,0.063,
283629,-0.951,14272,0,0,0.063,0
283629,-0.809,14274,0,,0.063,
283629,-0.587,14276,0,,0.063,
283629,-0.309,14278,0,,0.063,
283629,0,14280,0,,0.063,
283629,0.309,14282,0,,0.063,
283629,0.587,14284,0,,0.063,
283629,0.809,14286,0,,0.063,
283629,0.951,14288,0,,0.063,
283629,1,14290,0,,0.063,
283629,0.951,14292,0,0,0.063,0
283629,0.809,14294,0,,0.063,
283629,0.587,14296,0,,0.063,
283629,0.309,14298,0,,0.063,
283629,0,14300,0,,0.063,
283629,-0.309,14302,0,,0.063,
283629,-0.587,14304,0,,0.063,
283629,-0.809,14306,0,,0.063,
283629,-0.951,14308,0,,0.063,
283629,-1,14310,0,,0.063,
283629,-0.951,14312,0,0,0.063,0
283629,-0.809,14314,0,,0.063,
283629,-0.587,14316,0,,0.063,
283629,-0.309,14318,0,,0.063,
283629,0,14320,0,,0.063,
283629,0.309,14322,0,,0.063,
283629,0.587,14324,0,,0.063,
283629,0.809,14326,0,,0.063,
283629,0.951,14328,0,,0.063,
283629,1,14330,0,,0.063,
283629,0.951,14332,0,0,0.063,0
283629,0.809,14334,0,,0.063,
283629,0.587,14336,0,,0.063,
283629,0.309,14338,0,,0.063,
283629,0,14340,0,,0.063,
283629,-0.309,14342,0,,0.063,
283629,-0.587,14344,0,,0.063,
283629,-0.809,14346,0,,0.063,
283629,-0.951,14348,0,,0.063,
283629,-1,14350,0,,0.063,
283629,-0.951,14352,0,0,0.063,0
283629,-0.809,14354,0,,0.063,
283629,-0.587,14356,0,,0.063,
283629,-0.309,14358,0,,0.063,
283629,0,14360,0,,0.063,
283629,0.309,14362,0,,0.063,
283629,0.587,14364,0,,0.063,
283629,0.809,14366,0,,0.063,
283629,0.951,14368,0,,0.063,
283629,1,14370,0,,0.063,
283629,0.951,14372,0,0,0.063,0
283629,0.809,14374,0,,0.063,
283629,0.587,14376,0,,0.063,
283629,0.309,14378,0,,0.063,
283629,0,14380,0,,0.063,
283629,-0.309,14382,0,,0.063,
283629,-0.587,14384,0,,0.063,
283629,-0.809,14386,0,,0.063,
283629,-0.951,14388,0,,0.063,
283629,-1,14390,0,,0.063,
283629,-0.951,14392,0,0,0.063,0
283629,-0.809,14394,0,,0.063,
283629,-0.587,14396,0,,0.063,
283629,-0.309,14398,0,,0.063,
283629,0,14400,0,,0.063,
283629,0.309,14402,0,,0.063,
283629,0.587,14404,0,,0.063,
283629,0.809,14406,0,,0.063,
283629,0.951,14408,0,,0.063,
283629,1,14410,0,,0.063,
283629,0.951,14412,0,0,0.063,0
283629,0.809,14414,0,,0.063,
283629,0.587,14416,0,,0.063,
283629,0.309,14418,0,,0.063,
283629,0,14420,0,,0.063,
283629,-0.309,14422,0,,0.063,
283629,-0.587,14424,0,,0.063,
283629,-0.809,14426,0,,0.063,
283629,-0.951,14428,0,,0.063,
283629,-1,14430,0,,0.063,
283629,-0.951,14432,0,0,0.063,0
283629,-0.809,14434,0,,0.063,
283629,-0.587,14436,0,,0.063,
283629,-0.309,14438,0,,0.063,
283629,0,14440,0,,0.063,
283629,0.309,14442,0,,0.063,
283629,0.587,14444,0,,0.063,
283629,0.809,14446,0,,0.063,
283629,0.951,14448,0,,0.063,
283629,1,14450,0,,0.063,
283629,0.951,14452,0,0,0.063,0
283629,0.809,14454,0,,0.063,
283629,0.587,14456,0,,0.063,
283629,0.309,14458,0,,0.063,
283629,0,14460,0,,0.063,
283629,-0.309,14462,0,,0.063,
283629,-0.587,14464,0,,0.063,
283629,-0.809,14466,0,,0.063,
283629,-0.951,14468,0,,0.063,
283629,-1,14470,0,,0.063,
283629,-0.951,14472,0,0,0.063,0
283629,-0.809,14474,0,,0.063,
283629,-0.587,14476,0,,0.063,
283629,-0.309,14478,0,,0.063,
283629,0,14480,0,,0.063,
283629,0.309,14482,0,,0.063,
283629,0.587,14484,0,,0.063,
283629,0.809,14486,0,,0.063,
283629,0.951,14488,0,,0.063,
283629,1,14490,0,,0.063,
283629,0.951,14492,0,0,0.063,0
283629,0.809,14494,0,,0.063,
283629,0.587,14496,0,,0.063,
283629,0.309,14498,0,,0.063,
283629,0,14500,0,,0.063,
283629,-0.309,14502,0,,0.063,
283629,-0.587,14504,0,,0.063,
283629,-0.809,14506,0,,0.063,
283629,-0.951,14508,0,,0.063,
283629,-1,14510,0,,0.063,
283629,-0.951,14512,0,0,0.063,0
283629,-0.809,14514,0,,0.063,
283629,-0.587,14516,0,,0.063,
283629,-0.309,14518,0,,0.063,
283629,0,14520,0,,0.063,
283629,0.309,14522,0,,0.063,
283629,0.587,14524,0,,0.063,
283629,0.809,14526,0,,0.063,
283629,0.951,14528,0,,0.063,
283629,1,14530,0,,0.063,
283629,0.951,14532,0,0,0.063,0
283629,0.809,14534,0,,0.063,
283629,0.587,14536,0,,0.063,
283629,0.309,14538,0,,0.063,
283629,0,14540,0,,0.063,
283629,-0.309,14542,0,,0.063,
283629,-0.587,14544,0,,0.063,
283629,-0.809,14546,0,,0.063,
283629,-0.951,14548,0,,0.063,
283629,-1,14550,0,,0.063,
283629,-0.951,14552,0,0,0.063,0
283629,-0.809,14554,0,,0.063,
283629,-0.587,14556,0,,0.063,
283629,-0.309,14558,0,,0.063,
283629,0,14560,0,,0.063,
283629,0.309,14562,0,,0.063,
283629,0.587,14564,0,,0.063,
283629,0.809,14566,0,,0.063,
283629,0.951,14568,0,,0.063,
283629,1,14570,0,,0.063,
283629,0.951,14572,0,0,0.063,0
283629,0.809,14574,0,,0.063,
283629,0.587,14576,0,,0.063,
283629,0.309,14578,0,,0.063,
283629,0,14580,0,,0.063,
283629,-0.309,14582,0,,0.063,
283629,-0.587,14584,0,,0.063,
283629,-0.809,14586,0,,0.063,
283629,-0.951,14588,0,,0.063,
283629,-1,14590,0,,0.063,
283629,-0.951,14592,0,0,0.063,0
283629,-0.809,14594,0,,0.063,
283629,-0.587,14596,0,,0.063,
283629,-0.309,14598,0,,0.063,
283629,0,14600,0,,0.063,
283629,0.309,14602,0,,0.063,
283629,0.587,14604,0,,0.063,
283629,0.809,14606,0,,0.063,
283629,0.951,14608,0,,0.063,
283629,1,14610,0,,0.063,
283629,0.951,14612,0,0,0.063,0
283629,0.809,14614,0,,0.063,
283629,0.587,14616,0,,0.063,
283629,0.309,14618,0,,0.063,
283629,0,14620,0,,0.063,
283629,-0.309,14622,0,,0.063,
283629,-0.587,14624,0,,0.063,
283629,-0.809,14626,0,,0.063,
283629,-0.951,14628,0,,0.063,
283629,-1,14630,0,,0.063,
283629,-0.951,14632,0,0,0.063,0
283629,-0.809,14634,0,,0.063,
283629,-0.587,14636,0,,0.063,
283629,-0.309,14638,0,,0.063,
283629,0,14640,0,,0.063,
283629,0.309,14642,0,,0.063,
283629,0.587,14644,0,,0.063,
283629,0.809,14646,0,,0.063,
283629,0.951,14648,0,,0.063,
283629,1,14650,0,,0.063,
283629,0.951,14652,0,0,0.063,0
283629,0.809,14654,0,,0.063,
283629,0.587,14656,0,,0.063,
283629,0.309,14658,0,,0.063,
283629,0,14660,0,,0.063,
283629,-0.309,14662,0,,0.063,
283629,-0.587,14664,0,,0.063,
283629,-0.809,14666,0,,0.063,
283629,-0.951,14668,0,,0.063,
283629,-1,14670,0,,0.063,
283629,-0.951,14672,0,0,0.063,0
283629,-0.809,14674,0,,0.063,
283629,-0.587,14676,0,,0.063,
283629,-0.309,14678,0,,0.063,
283629,0,14680,0,,0.063,
283629,0.309,14682,0,,0.063,
283629,0.587,14684,0,,0.063,
283629,0.809,14686,0,,0.063,
283629,0.951,14688,0,,0.063,
283629,1,14690,0,,0.063,
283629,0.951,14692,0,0,0.063,0
283629,0.809,14694,0,,0.063,
283629,0.587,14696,0,,0.063,
283629,0.309,14698,0,,0.063,
283629,0,14700,0,,0.063,
283629,-0.309,14702,0,,0.063,
283629,-0.587,14704,0,,0.063,
283629,-0.809,14706,0,,0.063,
283629,-0.951,14708,0,,0.063,
283629,-1,14710,0,,0.063,
283629,-0.951,14712,0,0,0.063,0
283629,-0.809,14714,0,,0.063,
283629,-0.587,14716,0,,0.063,
283629,-0.309,14718,0,,0.063,
283629,0,14720,0,,0.063,
283629,0.309,14722,0,,0.063,
283629,0.587,14724,0,,0.063,
283629,0.809,14726,0,,0.063,
283629,0.951,14728,0,,0.063,
283629,1,14730,0,,0.063,
283629,0.951,14732,0,0,0.063,0
283629,0.809,14734,0,,0.063,
283629,0.587,14736,0,,0.063,
283629,0.309,14738,0,,0.063,
283629,0,14740,0,,0.063,
283629,-0.309,14742,0,,0.063,
283629,-0.587,14744,0,,0.063,
283629,-0.809,14746,0,,0.063,
283629,-0.951,14748,0,,0.063,
283629,-1,14750,0,,0.063,
283629,-0.951,14752,0,0,0.063,0
283629,-0.809,14754,0,,0.063,
283629,-0.587,14756,0,,0.063,
283629,-0.309,14758,0,,0.063,
283629,0,14760,0,,0.063,
283629,0.309,14762,0,,0.063,
283629,0.587,14764,0,,0.063,
283629,0.809,14766,0,,0.063,
283629,0.951,14768,0,,0.063,
283629,1,14770,0,,0.063,
283629,0.951,14772,0,0,0.063,0
283629,0.809,14774,0,,0.063,
283629,0.587,14776,0,,0.063,
283629,0.309,14778,0,,0.063,
283629,0,14780,0,,0.063,
283629,-0.309,14782,0,,0.063,
283629,-0.587,14784,0,,0.063,
283629,-0.809,14786,0,,0.063,
283629,-0.951,14788,0,,0.063,
283629,-1,14790,0,,0.063,
283629,-0.951,14792,0,0,0.063,0
283629,-0.809,14794,0,,0.063,
283629,-0.587,14796,0,,0.063,
283629,-0.309,14798,0,,0.063,
283629,0,14800,0,,0.063,
283629,0.309,14802,0,,0.063,
283629,0.587,14804,0,,0.063,
283629,0.809,14806,0,,0.063,
283629,0.951,14808,0,,0.063,
283629,1,14810,0,,0.063,
283629,0.951,14812,0,0,0.063,0
283629,0.809,14814,0,,0.063,
283629,0.587,14816,0,,0.063,
283629,0.309,14818,0,,0.063,
283629,0,14820,0,,0.063,
283629,-0.309,14822,0,,0.063,
283629,-0.587,14824,0,,0.063,
283629,-0.809,14826,0,,0.063,
283629,-0.951,14828,0,,0.063,
283629,-1,14830,0,,0.063,
283629,-0.951,14832,0,0,0.063,0
283629,-0.809,14834,0,,0.063,
283629,-0.587,14836,0,,0.063,
283629,-0.309,14838,0,,0.063,
283629,0,14840,0,,0.063,
283629,0.309,14842,0,,0.063,
283629,0.587,14844,0,,0.063,
283629,0.809,14846,0,,0.063,
283629,0.951,14848,0,,0.063,
283629,1,14850,0,,0.063,
283629,0.951,14852,0,0,0.063,0
283629,0.809,14854,0,,0.063,
283629,0.587,14856,0,,0.063,
283629,0.309,14858,0,,0.063,
283629,0,14860,0,,0.063,
283629,-0.309,14862,0,,0.063,
283629,-0.587,14864,0,,0.063,
283629,-0.809,14866,0,,0.063,
283629,-0.951,14868,0,,0.063,
283629,-1,14870,0,,0.063,
283629,-0.951,14872,0,0,0.063,0
283629,-0.809,14874,0,,0.063,
283629,-0.587,14876,0,,0.063,
283629,-0.309,14878,0,,0.063,
283629,0,14880,0,,0.063,
283629,0.309,14882,0,,0.063,
283629,0.587,14884,0,,0.063,
283629,0.809,14886,0,,0.063,
283629,0.951,14888,0,,0.063,
283629,1,14890,0,,0.063,
283629,0.951,14892,0,0,0.063,0
283629,0.809,14894,0,,0.063,
283629,0.587,14896,0,,0.063,
283629,0.309,14898,0,,0.063,
283629,0,14900,0,,0.063,
283629,-0.309,14902,0,,0.063,
283629,-0.587,14904,0,,0.063,
283629,-0.809,14906,0,,0.063,
283629,-0.951,14908,0,,0.063,
283629,-1,14910,0,,0.063,
283629,-0.951,14912,0,0,0.063,0
283629,-0.809,14914,0,,0.063,
283629,-0.587,14916,0,,0.063,
283629,-0.309,14918,0,,0.063,
283629,0,14920,0,,0.063,
283629,0.309,14922,0,,0.063,
283629,0.587,14924,0,,0.063,
283629,0.809,14926,0,,0.063,
283629,0.951,14928,0,,0.063,
283629,1,14930,0,,0.063,
283629,0.951,14932,0,0,0.063,0
283629,0.809,14934,0,,0.063,
283629,0.587,14936,0,,0.063,
283629,0.309,14938,0,,0.063,
283629,0,14940,0,,0.063,
283629,-0.309,14942,0,,0.063,
283629,-0.587,14944,0,,0.063,
283629,-0.809,14946,0,,0.063,
283629,-0.951,14948,0,,0.063,
283629,-1,14950,0,,0.063,
283629,-0.951,14952,0,0,0.063,0
283629,-0.809,14954,0,,0.063,
283629,-0.587,14956,0,,0.063,
283629,-0.309,14958,0,,0.063,
283629,0,14960,0,,0.063,
283629,0.309,14962,0,,0.063,
283629,0.587,14964,0,,0.063,
283629,0.809,14966,0,,0.063,
283629,0.951,14968,0,,0.063,
283629,1,14970,0,,0.063,
283629,0.951,14972,0,0,0.063,0
283629,0.809,14974,0,,0.063,
283629,0.587,14976,0,,0.063,
283629,0.309,14978,0,,0.063,
283629,0,14980,0,,0.063,
283629,-0.309,14982,0,,0.063,
283629,-0.587,14984,0,,0.063,
283629,-0.809,14986,0,,0.063,
283629,-0.951,14988,0,,0.063,
283629,-1,14990,0,,0.063,
283629,-0.951,14992,0,0,0.063,0
283629,-0.809,14994,0,,0.063,
283629,-0.587,14996,0,,0.063,
283629,-0.309,14998,0,,0.063,
283629,0,15000,0,,0.063,
283629,0.309,15002,0,,0.063,
283629,0.587,15004,0,,0.063,
283629,0.809,15006,0,,0.063,
283629,0.951,15008,0,,0.063,
283629,1,15010,0,,0.063,
283629,0.951,15012,0,0,0.063,0
283629,0.809,15014,0,,0.063,
283629,0.587,15016,0,,0.063,
283629,0.309,15018,0,,0.063,
283629,0,15020,0,,0.063,
283629,-0.309,15022,0,,0.063,
283629,-0.587,15024,0,,0.063,
283629,-0.809,15026,0,,0.063,
283629,-0.951,15028,0,,0.063,
283629,-1,15030,0,,0.063,
283629,-0.951,15032,0,0,0.063,0
283629,-0.809,15034,0,,0.063,
283629,-0.587,15036,0,,0.063,
283629,-0.309,15038,0,,0.063,
283629,0,15040,0,,0.063,
283629,0.309,15042,0,,0.063,
283629,0.587,15044,0,,0.063,
283629,0.809,15046,0,,0.063,
283629,0.951,15048,0,,0.063,
283629,1,15050,0,,0.063,
283629,0.951,15052,0,0,0.063,0
283629,0.809,15054,0,,0.063,
283629,0.587,15056,0,,0.063,
283629,0.309,15058,0,,0.063,
283629,0,15060,0,,0.063,
283629,-0.309,15062,0,,0.063,
283629,-0.587,15064,0,,0.063,
283629,-0.809,15066,0,,0.063,
283629,-0.951,15068,0,,0.063,
283629,-1,15070,0,,0.063,
283629,-0.951,15072,0,0,0.063,0
283629,-0.809,15074,0,,0.063,
283629,-0.587,15076,0,,0.063,
283629,-0.309,15078,0,,0.063,
283629,0,15080,0,,0.063,
283629,0.309,15082,0,,0.063,
283629,0.587,15084,0,,0.063,
283629,0.809,15086,0,,0.063,
283629,0.951,15088,0,,0.063,
283629,1,15090,0,,0.063,
283629,0.951,15092,0,0,0.063,0
283629,0.809,15094,0,,0.063,
283629,0.587,15096,0,,0.063,
283629,0.309,15098,0,,0.063,
283629,0,15100,0,,0.063,
283629,-0.309,15102,0,,0.063,
283629,-0.587,15104,0,,0.063,
283629,-0.809,15106,0,,0.063,
283629,-0.951,15108,0,,0.063,
283629,-1,15110,0,,0.063,
283629,-0.951,15112,0,0,0.063,0
283629,-0.809,15114,0,,0.063,
283629,-0.587,15116,0,,0.063,
283629,-0.309,15118,0,,0.063,
283629,0,15120,0,,0.063,
283629,0.309,15122,0,,0.063,
283629,0.587,15124,0,,0.063,
283629,0.809,15126,0,,0.063,
283629,0.951,15128,0,,0.063,
283629,1,15130,0,,0.063,
283629,0.951,15132,0,0,0.063,0
283629,0.809,15134,0,,0.063,
283629,0.587,15136,0,,0.063,
283629,0.309,15138,0,,0.063,
283629,0,15140,0,,0.063,
283629,-0.309,15142,0,,0.063,
283629,-0.587,15144,0,,0.063,
283629,-0.809,15146,0,,0.063,
283629,-0.951,15148,0,,0.063,
283629,-1,15150,0,,0.063,
283629,-0.951,15152,0,0,0.063,0
283629,-0.809,15154,0,,0.063,
283629,-0.587,15156,0,,0.063,
283629,-0.309,15158,0,,0.063,
283629,0,15160,0,,0.063,
283629,0.309,15162,0,,0.063,
283629,0.587,15164,0,,0.063,
283629,0.809,15166,0,,0.063,
283629,0.951,15168,0,,0.063,
283629,1,15170,0,,0.063,
283629,0.951,15172,0,0,0.063,0
283629,0.809,15174,0,,0.063,
283629,0.587,15176,0,,0.063,
283629,0.309,15178,0,,0.063,
283629,0,15180,0,,0.063,
283629,-0.309,15182,0,,0.063,
283629,-0.587,15184,0,,0.063,
283629,-0.809,15186,0,,0.063,
283629,-0.951,15188,0,,0.063,
283629,-1,15190,0,,0.063,
283629,-0.951,15192,0,0,0.063,0
283629,-0.809,15194,0,,0.063,
283629,-0.587,15196,0,,0.063,
283629,-0.309,15198,0,,0.063,
283629,0,15200,0,,0.063,
283629,0.309,15202,0,,0.063,
283629,0.587,15204,0,,0.063,
283629,0.809,15206,0,,0.063,
283629,0.951,15208,0,,0.063,
283629,1,15210,0,,0.063,
283629,0.951,15212,0,0,0.063,0
283629,0.809,15214,0,,0.063,
283629,0.587,15216,0,,0.063,
283629,0.309,15218,0,,0.063,
283629,0,15220,0,,0.063,
283629,-0.309,15222,0,,0.063,
283629,-0.587,15224,0,,0.063,
283629,-0.809,15226,0,,0.063,
283629,-0.951,15228,0,,0.063,
283629,-1,15230,0,,0.063,
283629,-0.951,15232,0,0,0.063,0
283629,-0.809,15234,0,,0.063,
283629,-0.587,15236,0,,0.063,
283629,-0.309,15238,0,,0.063,
283629,0,15240,0,,0.063,
283629,0.309,15242,0,,0.063,
283629,0.587,15244,0,,0.063,
283629,0.809,15246,0,,0.063,
283629,0.951,15248,0,,0.063,
283629,1,15250,0,,0.063,
283629,0.951,15252,0,0,0.063,0
283629,0.809,15254,0,,0.063,
283629,0.587,15256,0,,0.063,
283629,0.309,15258,0,,0.063,
283629,0,15260,0,,0.063,
283629,-0.309,15262,0,,0.063,
283629,-0.587,15264,0,,0.063,
283629,-0.809,15266,0,,0.063,
283629,-0.951,15268,0,,0.063,
283629,-1,15270,0,,0.063,
283629,-0.951,15272,0,0,0.063,0
283629,-0.809,15274,0,,0.063,
283629,-0.587,15276,0,,0.063,
283629,-0.309,15278,0,,0.063,
283629,0,15280,0,,0.063,
283629,0.309,15282,0,,0.063,
283629,0.587,15284,0,,0.063,
283629,0.809,15286,0,,0.063,
283629,0.951,15288,0,,0.063,
283629,1,15290,0,,0.063,
283629,0.951,15292,0,0,0.063,0
283629,0.809,15294,0,,0.063,
283629,0.587,15296,0,,0.063,
283629,0.309,15298,0,,0.063,
283629,0,15300,0,,0.063,
